dataset,encoding,seed,sample_index,actual,predicted
car-price,integer IDs,7,0,32879.16419219798,29395.599995626028
car-price,integer IDs,7,1,21286.861406219115,21655.4155999654
car-price,integer IDs,7,2,26059.08710300212,24407.71366841264
car-price,integer IDs,7,3,19000.0,19403.134182916263
car-price,integer IDs,7,4,24149.261510481323,24476.80715865575
car-price,integer IDs,7,5,31027.422352994803,29257.545499081883
car-price,integer IDs,7,6,26983.51604059481,27793.396696397
car-price,integer IDs,7,7,22765.626521329097,22859.888598581674
car-price,integer IDs,7,8,20982.76953885622,20321.252373917603
car-price,integer IDs,7,9,19000.0,19114.25592827349
car-price,integer IDs,7,10,26603.782942707243,26010.204170340505
car-price,integer IDs,7,11,25267.301363578656,24827.634521850796
car-price,integer IDs,7,12,19453.11741715185,19160.103902053947
car-price,integer IDs,7,13,29793.20302660656,28527.677397869338
car-price,integer IDs,7,14,27259.328307265423,28180.22693021733
car-price,integer IDs,7,15,22732.447771803272,23659.421501902725
car-price,integer IDs,7,16,23636.51424809858,22531.707469094148
car-price,integer IDs,7,17,21431.34441351366,20739.293665312453
car-price,integer IDs,7,18,19994.04615365033,19956.523428804503
car-price,integer IDs,7,19,27853.166415167456,27359.901148885703
car-price,integer IDs,7,20,21310.148518163587,21830.015343348954
car-price,integer IDs,7,21,30656.905973308483,29318.074090463204
car-price,integer IDs,7,22,24701.83380295205,25535.409263364476
car-price,integer IDs,7,23,21880.11075466191,21934.50875621733
car-price,integer IDs,7,24,20633.087106700903,20753.30226974642
car-price,integer IDs,7,25,24749.22415275806,25141.03843510882
car-price,integer IDs,7,26,22259.451346243324,21162.03871516871
car-price,integer IDs,7,27,23090.320183102885,22107.036007267838
car-price,integer IDs,7,28,28022.01114008613,26749.9293401414
car-price,integer IDs,7,29,22615.114712905244,23870.999977839812
car-price,integer IDs,7,30,22154.769435725408,22171.625721395227
car-price,integer IDs,7,31,20710.91344855192,21259.299692769237
car-price,integer IDs,7,32,24549.763935959247,25963.88264451015
car-price,integer IDs,7,33,20758.796824571764,20425.789079932023
car-price,integer IDs,7,34,21728.375954028023,21243.55154103895
car-price,integer IDs,7,35,24000.690693608038,25846.381050118875
car-price,integer IDs,7,36,22391.828884656563,21243.612322275403
car-price,integer IDs,7,37,20616.88186158517,20934.16105243734
car-price,integer IDs,7,38,21923.860847811447,21947.566303800588
car-price,integer IDs,7,39,19898.01852851692,19651.046059861477
car-price,integer IDs,7,40,22780.644674201816,23243.35879316542
car-price,integer IDs,7,41,19000.0,18803.854017688736
car-price,integer IDs,7,42,20395.53463155592,19802.496961545025
car-price,integer IDs,7,43,19000.0,18996.382838066616
car-price,integer IDs,7,44,21454.921118525483,20720.373333088926
car-price,integer IDs,7,45,22015.33157046364,21711.78938030704
car-price,integer IDs,7,46,23809.69329570292,23830.624309842748
car-price,integer IDs,7,47,23049.073514320666,22531.234719036882
car-price,integer IDs,7,48,26864.99828278491,27185.347593984137
car-price,integer IDs,7,49,26192.47941381664,26502.343367386522
car-price,integer IDs,7,50,19000.0,19238.308980500206
car-price,integer IDs,7,51,24154.849938681768,24824.603867655984
car-price,integer IDs,7,52,25795.33483192125,26149.066630913036
car-price,integer IDs,7,53,21588.753802268857,21288.597541421208
car-price,integer IDs,7,54,23387.744229923406,22685.899514435165
car-price,integer IDs,7,55,22539.698455507267,22248.856273196274
car-price,integer IDs,7,56,21310.256218064667,21236.34006887677
car-price,integer IDs,7,57,22719.04511744674,23817.76395489327
car-price,integer IDs,7,58,21411.912958027824,22411.562347310333
car-price,integer IDs,7,59,19955.87730870784,20489.961047358076
car-price,integer IDs,7,60,23001.02978511476,22443.175815493836
car-price,integer IDs,7,61,19435.308640175608,19423.074548291395
car-price,integer IDs,7,62,22303.43119918183,23468.71327433439
car-price,integer IDs,7,63,24666.785861809716,24372.310308304637
car-price,integer IDs,7,64,24364.40522620841,25247.31408835341
car-price,integer IDs,7,65,24717.99836143848,24367.59219241378
car-price,integer IDs,7,66,23731.1848544784,23806.65874159614
car-price,integer IDs,7,67,24837.298738529556,25783.550780785663
car-price,integer IDs,7,68,24332.119189195982,23507.735929674374
car-price,integer IDs,7,69,22478.776211463424,22595.94311630723
car-price,integer IDs,7,70,24914.89771392273,25839.085684760557
car-price,integer IDs,7,71,19000.0,19109.024712093025
car-price,integer IDs,7,72,20047.95593746835,20218.407578549715
car-price,integer IDs,7,73,20249.71614548799,20133.030868025067
car-price,integer IDs,7,74,25232.318042376974,24258.81824902542
car-price,integer IDs,7,75,23732.43656666205,23165.04008011933
car-price,integer IDs,7,76,24475.987110388807,23772.988720039648
car-price,integer IDs,7,77,24305.70638678908,24456.87962159582
car-price,integer IDs,7,78,24676.792379285544,24445.03346673296
car-price,integer IDs,7,79,24073.041093821957,25365.769200450974
car-price,integer IDs,7,80,26255.12724960888,26712.300598705475
car-price,integer IDs,7,81,24592.247956938318,25211.847064841662
car-price,integer IDs,7,82,21083.918892618734,20427.42550782258
car-price,integer IDs,7,83,21930.057182120207,21454.85774595587
car-price,integer IDs,7,84,19000.0,19349.930713761452
car-price,integer IDs,7,85,27522.93937180932,27024.68836797612
car-price,integer IDs,7,86,23705.016171847263,25492.63182461944
car-price,integer IDs,7,87,23596.93812444865,23650.803495316148
car-price,integer IDs,7,88,24879.050400181284,24966.040437048905
car-price,integer IDs,7,89,23240.30785200815,22421.781584651428
car-price,integer IDs,7,90,22304.290405059328,21351.8753955659
car-price,integer IDs,7,91,22313.94749618944,21845.198166227783
car-price,integer IDs,7,92,20777.60840729361,20645.317309408092
car-price,integer IDs,7,93,25431.65380595676,26450.831353780635
car-price,integer IDs,7,94,22516.497503483657,23313.02474895586
car-price,integer IDs,7,95,26598.345294368308,26077.764669434913
car-price,integer IDs,7,96,27340.82601907768,26978.592791784926
car-price,integer IDs,7,97,22130.64944454592,22490.93704493656
car-price,integer IDs,7,98,30852.68524682152,29380.717294794507
car-price,integer IDs,7,99,21911.398772591005,22169.215269569133
car-price,integer IDs,7,100,24446.489304148763,25777.674425246867
car-price,integer IDs,7,101,32705.027812139608,28816.847836808014
car-price,integer IDs,7,102,19000.0,18542.93435311676
car-price,integer IDs,7,103,25046.904286010034,25815.906999165367
car-price,integer IDs,7,104,24051.65189346761,23307.4446861982
car-price,integer IDs,7,105,21166.7879831714,21870.067461475785
car-price,integer IDs,7,106,23075.158430362066,24188.955875954885
car-price,integer IDs,7,107,19000.0,18982.473833559627
car-price,integer IDs,7,108,19000.0,19086.020722610396
car-price,integer IDs,7,109,19000.0,18994.716118104625
car-price,integer IDs,7,110,23178.16022242314,23547.5196431356
car-price,integer IDs,7,111,19416.071044511715,19788.035502137947
car-price,integer IDs,7,112,19000.0,19285.502870661276
car-price,integer IDs,7,113,25886.49681485702,24920.55638501329
car-price,integer IDs,7,114,23348.6946391232,23066.715191109146
car-price,integer IDs,7,115,23989.023204324447,22982.54661869975
car-price,integer IDs,7,116,20129.04678298764,19693.692039112477
car-price,integer IDs,7,117,21115.86746994112,21495.062077348608
car-price,integer IDs,7,118,20736.009918834527,20754.371110899592
car-price,integer IDs,7,119,19354.0047881853,19692.752945404034
car-price,integer IDs,7,120,38375.25289079045,29393.048941124547
car-price,integer IDs,7,121,22826.73305187034,22614.958322032628
car-price,integer IDs,7,122,27940.506248280475,27397.370794850925
car-price,integer IDs,7,123,23257.99696242764,21949.30371063104
car-price,integer IDs,7,124,22499.92129204199,22437.54715525394
car-price,integer IDs,7,125,31860.51698781001,29128.083243262718
car-price,integer IDs,7,126,22119.09444182568,22038.66156085141
car-price,integer IDs,7,127,19541.84059566096,19854.161024200366
car-price,integer IDs,7,128,19000.0,18244.76766150083
car-price,integer IDs,7,129,25498.58331114969,25703.560684598167
car-price,integer IDs,7,130,22361.424005916317,23212.278520763917
car-price,integer IDs,7,131,24934.331562739702,23875.530864303488
car-price,integer IDs,7,132,22448.05301968221,22623.349931085584
car-price,integer IDs,7,133,24765.05603821671,25478.242814674082
car-price,integer IDs,7,134,29084.145171198783,28101.698212173054
car-price,integer IDs,7,135,19863.13572722291,19939.62929928737
car-price,integer IDs,7,136,21898.68779093252,21978.399526706467
car-price,integer IDs,7,137,26044.24366330226,24429.09219553872
car-price,integer IDs,7,138,24770.34530002527,25720.824179845353
car-price,integer IDs,7,139,21749.88482093912,22308.881098260794
car-price,integer IDs,7,140,30888.78386033216,28923.23743805049
car-price,integer IDs,7,141,19000.0,19709.701080465115
car-price,integer IDs,7,142,22983.668561060786,22171.752594540278
car-price,integer IDs,7,143,21640.70584121836,21139.284930764486
car-price,integer IDs,7,144,26596.13864306175,27474.927076222728
car-price,integer IDs,7,145,22031.972401845956,20895.723200403474
car-price,integer IDs,7,146,23367.60674175272,23697.947591500008
car-price,integer IDs,7,147,28379.93620467072,28299.34926427043
car-price,integer IDs,7,148,28195.99913361413,28566.610044806148
car-price,integer IDs,7,149,22703.864218056835,21629.325724549242
car-price,integer IDs,7,150,23950.466639738064,24265.48232224313
car-price,integer IDs,7,151,23317.70339425485,23231.52433621871
car-price,integer IDs,7,152,23661.03153224649,23580.195669997353
car-price,integer IDs,7,153,20984.68659709543,21171.95071507641
car-price,integer IDs,7,154,24743.13791168151,24706.602201884
car-price,integer IDs,7,155,25412.43057027968,25624.674072481554
car-price,integer IDs,7,156,20121.94576950981,20262.94180847783
car-price,integer IDs,7,157,30488.226388238127,29354.417738963108
car-price,integer IDs,7,158,23803.23369496929,24984.07143673139
car-price,integer IDs,7,159,24333.921367540708,24651.338162106415
car-price,integer IDs,7,160,22179.96163925341,23119.132483834423
car-price,integer IDs,7,161,28396.933642392163,27143.922040037753
car-price,integer IDs,7,162,23756.475184582945,23442.20503731448
car-price,integer IDs,7,163,23578.87086770982,23507.197863568057
car-price,integer IDs,7,164,27873.22492341069,29218.646522832838
car-price,integer IDs,7,165,23407.448525158645,24881.086838833966
car-price,integer IDs,7,166,24611.834978947933,25823.146564846993
car-price,integer IDs,7,167,24839.625056392862,25982.758177883326
car-price,integer IDs,7,168,21135.54783186501,20978.951192010725
car-price,integer IDs,7,169,20411.682436724404,20682.18992881114
car-price,integer IDs,7,170,23006.31186692992,23579.70092201295
car-price,integer IDs,7,171,28006.636380874283,27534.577551006805
car-price,integer IDs,7,172,26330.46692041053,24725.035344913173
car-price,integer IDs,7,173,20061.729558150822,19924.858667624576
car-price,integer IDs,7,174,22164.304466967624,22668.446049420058
car-price,integer IDs,7,175,19211.974945304224,19875.967586356524
car-price,integer IDs,7,176,25880.554173648576,25641.909041493716
car-price,integer IDs,7,177,20922.83574057117,20735.35792119808
car-price,integer IDs,7,178,19000.0,18993.01331613108
car-price,integer IDs,7,179,21588.485749181724,21575.984969774036
car-price,integer IDs,7,180,20959.185653851,21063.113306638625
car-price,integer IDs,7,181,19012.943134778598,19156.668800903026
car-price,integer IDs,7,182,19000.0,19388.391122718396
car-price,integer IDs,7,183,19994.105986928716,19745.5053727965
car-price,integer IDs,7,184,23144.85462634716,22468.59726465585
car-price,integer IDs,7,185,27336.757356148017,25447.814477484506
car-price,integer IDs,7,186,22634.105795462223,21604.85380281038
car-price,integer IDs,7,187,26034.354419052048,26798.34323152033
car-price,integer IDs,7,188,24805.713947539705,25442.669782857487
car-price,integer IDs,7,189,19101.22833368997,19595.98539911607
car-price,integer IDs,7,190,21762.71546915437,21435.10065210567
car-price,integer IDs,7,191,23612.047223904505,24715.2749097232
car-price,integer IDs,7,192,20501.2576411176,20427.99049551256
car-price,integer IDs,7,193,20235.45428525396,20079.913434983177
car-price,integer IDs,7,194,26267.941144506178,27160.624559193275
car-price,integer IDs,7,195,22383.014246086008,21484.9578333903
car-price,integer IDs,7,196,22088.593829840032,22139.507900983805
car-price,integer IDs,7,197,23672.15334203128,24305.08797638885
car-price,integer IDs,7,198,22723.76715977629,23141.08172723026
car-price,integer IDs,7,199,22406.66275103188,21685.383407995912
car-price,integer IDs,7,200,24858.37919916747,24554.57209064399
car-price,integer IDs,7,201,25684.863453387537,26199.16642609692
car-price,integer IDs,7,202,20262.896220048955,20692.54816085311
car-price,integer IDs,7,203,21661.470382146446,21265.68740373852
car-price,integer IDs,7,204,25198.13170044328,25052.669845937817
car-price,integer IDs,7,205,31521.58061245126,28898.146611928707
car-price,integer IDs,7,206,19000.0,19110.318712424
car-price,integer IDs,7,207,21821.103175526143,21970.687162635735
car-price,integer IDs,7,208,21859.032687355128,22256.050716583362
car-price,integer IDs,7,209,19347.662460677297,19855.202496155245
car-price,integer IDs,7,210,25111.593633260512,24270.15752137895
car-price,integer IDs,7,211,19636.48008873601,19826.477913320596
car-price,integer IDs,7,212,21738.33699821229,21789.600163772644
car-price,integer IDs,7,213,22819.19166546365,23336.44889638068
car-price,integer IDs,7,214,19671.54956985856,19523.642764393964
car-price,integer IDs,7,215,23233.771664678206,22993.771793870423
car-price,integer IDs,7,216,20575.065579992795,20905.21139988927
car-price,integer IDs,7,217,21659.22065087945,22032.44091578303
car-price,integer IDs,7,218,20976.580384540863,20891.737846845834
car-price,integer IDs,7,219,19245.14172817437,19160.56074381654
car-price,integer IDs,7,220,25816.16399278998,26835.939611213245
car-price,integer IDs,7,221,30536.160024211807,28471.875933975716
car-price,integer IDs,7,222,23122.259187100728,22313.28573965324
car-price,integer IDs,7,223,19000.0,18982.962649241552
car-price,integer IDs,7,224,22242.83923483463,23590.18280289427
car-price,integer IDs,7,225,24235.2754381455,23652.78851695246
car-price,integer IDs,7,226,21337.757986138044,21151.990143593757
car-price,integer IDs,7,227,19590.76267739343,19441.904298075133
car-price,integer IDs,7,228,19000.0,19093.32144188175
car-price,integer IDs,7,229,20376.80202876153,20903.536698752487
car-price,integer IDs,7,230,23630.04268070928,22990.175633285646
car-price,integer IDs,7,231,29292.941772755603,28199.44961754265
car-price,integer IDs,7,232,25657.26595206876,25683.34477043773
car-price,integer IDs,7,233,20232.7905077006,20880.941359216147
car-price,integer IDs,7,234,29338.963137152343,28862.010013529725
car-price,integer IDs,7,235,25796.09112455994,25561.456341783585
car-price,integer IDs,7,236,20264.71275838049,20161.60346801576
car-price,integer IDs,7,237,29228.38884537982,28763.745008309124
car-price,integer IDs,7,238,29561.50463941801,28817.974655332317
car-price,integer IDs,7,239,25663.30911318487,24557.874253255024
car-price,integer IDs,7,240,24079.06271495785,25395.687692508236
car-price,integer IDs,7,241,23966.53307164796,24070.7155330701
car-price,integer IDs,7,242,19000.0,19352.219205289184
car-price,integer IDs,7,243,22998.179327732865,23555.089076825665
car-price,integer IDs,7,244,22683.7985298202,22671.49457123339
car-price,integer IDs,7,245,23086.024153715392,23180.24495366177
car-price,integer IDs,7,246,19694.80078183601,19973.33662610487
car-price,integer IDs,7,247,33598.609104732066,29133.7786299805
car-price,integer IDs,7,248,21181.82049603093,21148.641680121356
car-price,integer IDs,7,249,20128.29288368008,19992.9667478915
car-price,integer IDs,7,250,22290.70585753653,22238.228035083615
car-price,integer IDs,7,251,27144.38857950249,28649.579898045475
car-price,integer IDs,7,252,29974.17476038676,28817.012734327807
car-price,integer IDs,7,253,26308.003114376534,25719.450522913154
car-price,integer IDs,7,254,21866.143274157497,21061.385783350037
car-price,integer IDs,7,255,26678.69660056685,25560.627494446686
car-price,integer IDs,7,256,20118.82725904078,19835.007686903977
car-price,integer IDs,7,257,24173.197215163407,25789.182520344366
car-price,integer IDs,7,258,24394.915411518603,24379.586828886186
car-price,integer IDs,7,259,32486.51189284317,29300.016945529736
car-price,integer IDs,7,260,19000.0,18881.307362444073
car-price,integer IDs,7,261,27046.197383022947,26629.480082910195
car-price,integer IDs,7,262,25575.56959377229,24075.146560176276
car-price,integer IDs,7,263,22816.585327857538,23206.30205521146
car-price,integer IDs,7,264,19836.82344472368,20227.298871299616
car-price,integer IDs,7,265,21139.86779456385,21089.928157316237
car-price,integer IDs,7,266,24020.483542095262,23579.610968949193
car-price,integer IDs,7,267,27268.456472214675,27993.39093081683
car-price,integer IDs,7,268,22721.01722230206,22245.37661021619
car-price,integer IDs,7,269,24494.46602008288,24671.212373869486
car-price,integer IDs,7,270,23852.115090072475,24472.25552997229
car-price,integer IDs,7,271,21267.87989698668,21077.682362979456
car-price,integer IDs,7,272,23234.86063034468,23706.831479724086
car-price,integer IDs,7,273,20810.79912347511,20312.939706948528
car-price,integer IDs,7,274,19241.654644710536,19655.188401372143
car-price,integer IDs,7,275,19926.257442579907,20503.097280808797
car-price,integer IDs,7,276,19000.0,19090.025759057517
car-price,integer IDs,7,277,20872.52074011807,21717.04957748938
car-price,integer IDs,7,278,22354.660452128537,22194.178247372023
car-price,integer IDs,7,279,23484.74115416653,23004.980511198817
car-price,integer IDs,7,280,35772.682387878696,29408.80734415934
car-price,integer IDs,7,281,21714.15956708556,21692.66460495119
car-price,integer IDs,7,282,24997.379084831515,24555.930373277857
car-price,integer IDs,7,283,23601.107307285987,23478.11579162645
car-price,integer IDs,7,284,22527.96155962076,23109.6533246609
car-price,integer IDs,7,285,21879.09119559836,20885.36286204593
car-price,integer IDs,7,286,20665.961903172567,20380.722020755227
car-price,integer IDs,7,287,21683.80973496142,21683.81165219417
car-price,integer IDs,7,288,21949.189471214155,22126.631598105952
car-price,integer IDs,7,289,23938.102691094165,23523.00868909266
car-price,integer IDs,7,290,21619.96044693936,22046.20855134885
car-price,integer IDs,7,291,20272.309191403285,20280.013147660993
car-price,integer IDs,7,292,23345.889655032865,23092.402417733203
car-price,integer IDs,7,293,20641.762932065623,20621.781658670905
car-price,integer IDs,7,294,20879.79886009989,20894.268458262773
car-price,integer IDs,7,295,21132.905594291864,21345.930026273352
car-price,integer IDs,7,296,21460.73212652149,21341.695978297892
car-price,integer IDs,7,297,21018.746092478967,21309.967375621898
car-price,integer IDs,7,298,24752.55088303584,25868.032799113065
car-price,integer IDs,7,299,31188.66107156615,28734.57195266174
car-price,integer IDs,7,300,25636.221391397867,25961.035165861867
car-price,integer IDs,7,301,20357.43758654748,20881.18033543739
car-price,integer IDs,7,302,21583.10554079003,21656.634171120862
car-price,integer IDs,7,303,22944.32698386209,22686.87315142936
car-price,integer IDs,7,304,19773.06031662248,19637.612888890275
car-price,integer IDs,7,305,29706.82770594097,28280.786705070936
car-price,integer IDs,7,306,23070.85043431889,24062.08540756668
car-price,integer IDs,7,307,23895.695256711417,23686.87565061728
car-price,integer IDs,7,308,31881.824814905754,29177.90695322807
car-price,integer IDs,7,309,25474.13304027356,27429.319195150376
car-price,integer IDs,7,310,22270.70718257168,21958.642011095977
car-price,integer IDs,7,311,24990.077031538334,25598.294029137516
car-price,integer IDs,7,312,19000.0,18226.454110886127
car-price,integer IDs,7,313,22182.678070091748,21329.34468713703
car-price,integer IDs,7,314,26129.56113160613,26615.109370201382
car-price,integer IDs,7,315,24959.255713180588,25109.07303266946
car-price,integer IDs,7,316,25564.48368395453,24991.721273908108
car-price,integer IDs,7,317,21834.60156312808,21432.974679438536
car-price,integer IDs,7,318,26335.57668238396,25457.18437596374
car-price,integer IDs,7,319,27586.88917973906,27006.1891821445
car-price,integer IDs,7,320,25621.72737804373,26705.779592855106
car-price,integer IDs,7,321,24223.17954258873,24237.057071193012
car-price,integer IDs,7,322,23882.840675184823,23587.39317800546
car-price,integer IDs,7,323,21046.16648729375,20611.47850664522
car-price,integer IDs,7,324,20398.70100864765,20056.065894909643
car-price,integer IDs,7,325,21447.91583829306,21031.77879372177
car-price,integer IDs,7,326,21569.21704021308,20420.062614554452
car-price,integer IDs,7,327,19000.0,19257.363670359777
car-price,integer IDs,7,328,20949.10254977884,21416.505538739486
car-price,integer IDs,7,329,24145.86776693176,23988.2821952366
car-price,integer IDs,7,330,27515.029412407835,27196.005647332688
car-price,integer IDs,7,331,19000.0,19223.196138614083
car-price,integer IDs,7,332,21665.282958644653,21532.651348390325
car-price,integer IDs,7,333,20643.25637069392,21038.539567936437
car-price,integer IDs,7,334,27100.332139967664,27653.00135811582
car-price,integer IDs,7,335,24299.794858885387,25660.893132618286
car-price,integer IDs,7,336,22985.595192624536,23227.84668787758
car-price,integer IDs,7,337,24443.34925369952,23261.121782748356
car-price,integer IDs,7,338,34181.07888974239,29312.9017898814
car-price,integer IDs,7,339,27208.766793705407,27777.391198006742
car-price,integer IDs,7,340,20799.471487212704,20686.15503926242
car-price,integer IDs,7,341,19000.0,18875.257787696086
car-price,integer IDs,7,342,19000.0,19092.083218083015
car-price,integer IDs,7,343,22056.173766284035,22263.650913912352
car-price,integer IDs,7,344,19228.08206384341,19205.164316451126
car-price,integer IDs,7,345,26040.81401978567,25607.499531630634
car-price,integer IDs,7,346,22406.61249107804,22868.327468733747
car-price,integer IDs,7,347,25271.867839384417,24665.80123863209
car-price,integer IDs,7,348,23276.29637228657,23160.18016132673
car-price,integer IDs,7,349,30000.03470330146,28812.890579385145
car-price,integer IDs,7,350,26777.835556175887,24151.128696717096
car-price,integer IDs,7,351,22583.671128452366,23081.877543313443
car-price,integer IDs,7,352,19000.0,19223.892828878117
car-price,integer IDs,7,353,26095.68113605772,25479.773691329145
car-price,integer IDs,7,354,21006.461123762525,20402.77609712064
car-price,integer IDs,7,355,24209.422675224203,23532.16364117459
car-price,integer IDs,7,356,20702.993915825893,20879.746519132063
car-price,integer IDs,7,357,24210.50206756613,23726.170528333736
car-price,integer IDs,7,358,23238.307027179213,23225.07775861116
car-price,integer IDs,7,359,23325.63489363656,24802.619030573762
car-price,integer IDs,7,360,24262.61445970169,25041.89640127134
car-price,integer IDs,7,361,20733.71950093824,20669.550050299174
car-price,integer IDs,7,362,22831.423980895124,21867.25182956349
car-price,integer IDs,7,363,22572.24775894456,22588.2079459081
car-price,integer IDs,7,364,24925.07415790916,24747.49425535179
car-price,integer IDs,7,365,24222.37777665847,25185.099350754168
car-price,integer IDs,7,366,20527.108010707765,20315.438962530265
car-price,integer IDs,7,367,23026.0736021124,24065.64266418782
car-price,integer IDs,7,368,21105.71256593491,20868.100410590385
car-price,integer IDs,7,369,23845.162463125023,24054.215411956477
car-price,integer IDs,7,370,21855.79690366048,21808.082427100042
car-price,integer IDs,7,371,23074.071858026728,23009.76397480175
car-price,integer IDs,7,372,19945.937804503792,20147.533076002263
car-price,integer IDs,7,373,22125.207009544712,23027.12884033837
car-price,integer IDs,7,374,20611.381986636727,20890.761551150466
car-price,integer IDs,7,375,28409.029537948933,29064.92530932967
car-price,integer IDs,7,376,27371.632977448626,27540.828133938678
car-price,integer IDs,7,377,22289.61449853893,21569.750913357708
car-price,integer IDs,7,378,22728.73810854388,22355.46105759768
car-price,integer IDs,7,379,27312.37649187481,26164.1339127575
car-price,integer IDs,7,380,29853.12246490479,28826.24850150611
car-price,integer IDs,7,381,19974.49742493888,20216.73005065869
car-price,integer IDs,7,382,24875.94385636793,27438.4765801864
car-price,integer IDs,7,383,24086.247495025407,23632.562633756814
car-price,integer IDs,7,384,30152.559303209928,28384.493436091056
car-price,integer IDs,7,385,24868.28280340449,22972.3347187751
car-price,integer IDs,7,386,19313.59339196922,19708.648443568592
car-price,integer IDs,7,387,26487.019496619363,26130.643463607732
car-price,integer IDs,7,388,27318.493846256108,27115.66769765422
car-price,integer IDs,7,389,24659.37610861546,25524.963784099356
car-price,integer IDs,7,390,20656.22104545273,20963.410702956462
car-price,integer IDs,7,391,29037.2957142293,27303.883878366225
car-price,integer IDs,7,392,19270.48471156389,19537.147041375774
car-price,integer IDs,7,393,26984.57149962539,27083.92962911648
car-price,integer IDs,7,394,32182.02751917412,29375.00165061275
car-price,integer IDs,7,395,21256.131034444494,20553.276074963294
car-price,integer IDs,7,396,25563.27744506244,26301.20929852112
car-price,integer IDs,7,397,23935.386260255837,23663.09977460424
car-price,integer IDs,7,398,23674.541886504103,24064.5410059314
car-price,integer IDs,7,399,24810.58676973076,25027.570839974385
car-price,integer IDs,7,400,28776.59015368341,28179.017549113254
car-price,integer IDs,7,401,21765.78371966956,21416.7914951978
car-price,integer IDs,7,402,27506.22913382409,27301.175856149555
car-price,integer IDs,7,403,19000.0,19279.04799317657
car-price,integer IDs,7,404,21645.461390183795,22664.987230359402
car-price,integer IDs,7,405,21128.7890647395,20149.915894065267
car-price,integer IDs,7,406,23275.047053434057,22493.46828531559
car-price,integer IDs,7,407,21460.686653229925,21071.79324179423
car-price,integer IDs,7,408,21415.41440147847,21026.443930447847
car-price,integer IDs,7,409,25796.809123900468,25823.860781657677
car-price,integer IDs,7,410,19611.37883179114,20094.358218919566
car-price,integer IDs,7,411,22100.85965190739,23002.962100173994
car-price,integer IDs,7,412,29655.509899742272,28863.30376035729
car-price,integer IDs,7,413,29862.71254276312,28394.29465464112
car-price,integer IDs,7,414,22300.14276220221,22544.174458063546
car-price,integer IDs,7,415,30177.394900398805,28894.45375779176
car-price,integer IDs,7,416,19000.0,18803.298081011293
car-price,integer IDs,7,417,21703.047330625315,20724.464355281707
car-price,integer IDs,7,418,22615.42345262167,22256.284203561947
car-price,integer IDs,7,419,25567.176181481515,26663.330122224157
car-price,integer IDs,7,420,21862.68730399842,21596.48981331939
car-price,integer IDs,7,421,31707.03984210977,28413.744654750983
car-price,integer IDs,7,422,22275.69488465721,22726.264723942346
car-price,integer IDs,7,423,24842.54013371541,25312.265422484787
car-price,integer IDs,7,424,22977.778573137315,22313.03037438007
car-price,integer IDs,7,425,21802.169532916407,21420.202841652004
car-price,integer IDs,7,426,24117.253099880563,24842.58010828696
car-price,integer IDs,7,427,28570.971895874,28348.43136497039
car-price,integer IDs,7,428,22881.545121526284,23510.13495758488
car-price,integer IDs,7,429,19034.63868151823,18958.302222749488
car-price,integer IDs,7,430,26355.312090923955,26710.26261335444
car-price,integer IDs,7,431,25912.96227054889,26224.414874001173
car-price,integer IDs,7,432,22109.490003980543,21560.763053474067
car-price,integer IDs,7,433,19158.96026733073,19490.08089185676
car-price,integer IDs,7,434,20593.539703024595,20899.86877454511
car-price,integer IDs,7,435,28758.752656733544,28630.48726028678
car-price,integer IDs,7,436,21346.213625038334,21590.47633502415
car-price,integer IDs,7,437,23138.30168569927,23640.27213375832
car-price,integer IDs,7,438,20495.973165971314,20862.548400555053
car-price,integer IDs,7,439,27116.207105386748,27498.283947863503
car-price,integer IDs,7,440,25326.450149251395,24893.09681638485
car-price,integer IDs,7,441,25571.91737046013,25921.722391212734
car-price,integer IDs,7,442,24199.772764087505,24711.998719430652
car-price,integer IDs,7,443,21585.460578626968,21513.089345227403
car-price,integer IDs,7,444,23744.41758232433,23053.82732737185
car-price,integer IDs,7,445,21082.02576769088,21908.270700201705
car-price,integer IDs,7,446,24021.80944754411,23360.43127320464
car-price,integer IDs,7,447,23541.913048321683,23651.795985310597
car-price,integer IDs,7,448,21196.93438214906,21216.844896257993
car-price,integer IDs,7,449,25309.48143150357,26314.18079039433
car-price,integer IDs,7,450,30546.027728481808,29147.45210190528
car-price,integer IDs,7,451,19000.0,19082.10752149587
car-price,integer IDs,7,452,25593.98149019458,25569.721907310293
car-price,integer IDs,7,453,26939.52182766949,27388.357730385076
car-price,integer IDs,7,454,22085.858252352617,20889.825147125157
car-price,integer IDs,7,455,19739.68052728131,19742.021809130292
car-price,integer IDs,7,456,19932.98509640066,19965.204353974466
car-price,integer IDs,7,457,27125.684696681725,27356.300498185898
car-price,integer IDs,7,458,21102.519862200697,20494.41704013644
car-price,integer IDs,7,459,22451.90867614085,22417.12035046971
car-price,integer IDs,7,460,24694.95536926978,22289.931912888514
car-price,integer IDs,7,461,20338.013311055045,20474.021220467344
car-price,integer IDs,7,462,21873.93117367109,21834.950164850394
car-price,integer IDs,7,463,22238.705951964323,22687.17606923841
car-price,integer IDs,7,464,21457.29530301149,21059.437467799973
car-price,integer IDs,7,465,20743.012805735816,20681.420667063278
car-price,integer IDs,7,466,19955.60925562071,20580.168110420844
car-price,integer IDs,7,467,21134.037639918763,21681.454232080636
car-price,integer IDs,7,468,26233.685395969565,27193.126783190197
car-price,integer IDs,7,469,29679.431244437543,29330.6871451724
car-price,integer IDs,7,470,27944.974597509696,28693.46740975629
car-price,integer IDs,7,471,20899.91959495264,20288.370389024494
car-price,integer IDs,7,472,21113.866645112183,20689.528940603323
car-price,integer IDs,7,473,23667.90996592876,24011.377169068426
car-price,integer IDs,7,474,22889.50055421934,22816.565835792782
car-price,integer IDs,7,475,23315.41776302084,22749.446481424813
car-price,integer IDs,7,476,20583.3584723759,20492.755701482336
car-price,integer IDs,7,477,24607.0387433532,24602.813698060738
car-price,integer IDs,7,478,22210.6010644449,21924.92979458894
car-price,integer IDs,7,479,19824.421202781617,20337.403003031628
car-price,integer IDs,7,480,23080.840198476777,23754.67628135097
car-price,integer IDs,7,481,19052.591058362577,19171.52821434196
car-price,integer IDs,7,482,27153.37793124591,26416.16774172978
car-price,integer IDs,7,483,20383.529682582284,19732.91096016889
car-price,integer IDs,7,484,21124.758695108,22134.272041411143
car-price,integer IDs,7,485,21455.27533153348,21569.25720370063
car-price,integer IDs,7,486,19065.278106709717,19671.14738379982
car-price,integer IDs,7,487,29346.281943763464,28067.092874599748
car-price,integer IDs,7,488,29677.25809976688,28915.183943151613
car-price,integer IDs,7,489,23412.505633847097,24093.52221112946
car-price,integer IDs,7,490,27121.37430730741,27627.11528282242
car-price,integer IDs,7,491,22648.74819534673,22081.53924302784
car-price,integer IDs,7,492,19000.0,19098.22049675481
car-price,integer IDs,7,493,30420.286897306185,29307.199337893016
car-price,integer IDs,7,494,33051.01972768461,29406.479503923707
car-price,integer IDs,7,495,20468.643717739666,20503.15594358559
car-price,integer IDs,7,496,19000.0,18985.171528886185
car-price,integer IDs,7,497,24641.25619859165,24898.985246166736
car-price,integer IDs,7,498,20549.05725054772,20294.137344983494
car-price,integer IDs,7,499,20617.178634645927,19911.97894743169
car-price,integer IDs,7,500,24268.23160787576,23214.492417081525
car-price,integer IDs,7,501,22137.965857825904,22039.292129646914
car-price,integer IDs,7,502,23695.3279674124,24223.422931918667
car-price,integer IDs,7,503,21337.74601948237,22297.458617723412
car-price,integer IDs,7,504,23759.8545681457,23368.252580329456
car-price,integer IDs,7,505,27462.680080489903,27681.41957487144
car-price,integer IDs,7,506,19997.55717042552,19833.0214917878
car-price,integer IDs,7,507,24633.930211987128,25932.107641458086
car-price,integer IDs,7,508,24402.04993163232,23668.42638522978
car-price,integer IDs,7,509,29237.263317228757,27663.3678546054
car-price,integer IDs,7,510,26564.86259178833,25993.713265563107
car-price,integer IDs,7,511,22053.41425548527,21735.947089191788
car-price,integer IDs,7,512,26216.479738439368,27260.327751357865
car-price,integer IDs,7,513,19000.0,19159.190251203985
car-price,integer IDs,7,514,20045.47644641239,19936.815001732044
car-price,integer IDs,7,515,24611.049966335624,26908.980873402263
car-price,integer IDs,7,516,26713.316135436,26771.214540090146
car-price,integer IDs,7,517,21082.44460063952,21461.140469076512
car-price,integer IDs,7,518,19208.382555270447,19430.48565816522
car-price,integer IDs,7,519,21867.74680601801,20919.332070041775
car-price,integer IDs,7,520,20901.11865385132,20701.80590169959
car-price,integer IDs,7,521,22625.99240291425,21737.875061726627
car-price,integer IDs,7,522,24611.73924570253,25235.446094849918
car-price,integer IDs,7,523,22697.44769728365,22034.50025923167
car-price,integer IDs,7,524,19000.0,19610.81149396008
car-price,integer IDs,7,525,29079.75580189702,28150.464368347144
car-price,integer IDs,7,526,31045.671502899902,28795.33680447563
car-price,integer IDs,7,527,24346.756802418226,24002.49361763645
car-price,integer IDs,7,528,23527.92881449932,23107.29516107348
car-price,integer IDs,7,529,19552.81880557764,19541.30264871756
car-price,integer IDs,7,530,19444.43201846259,20223.961767420344
car-price,integer IDs,7,531,22938.66436239646,23315.114837379675
car-price,integer IDs,7,532,22635.570514116906,22193.077592148566
car-price,integer IDs,7,533,23767.8267541567,24141.91714786247
car-price,integer IDs,7,534,25048.002825001044,25648.072437981245
car-price,integer IDs,7,535,20049.11670306887,20314.58646871069
car-price,integer IDs,7,536,20829.55087291858,20858.350549541505
car-price,integer IDs,7,537,26959.563582594783,26841.110036626058
car-price,integer IDs,7,538,23460.108990124136,23616.45294078903
car-price,integer IDs,7,539,30525.136341003563,28654.197911631934
car-price,integer IDs,7,540,21304.265710233525,21156.166379923754
car-price,integer IDs,7,541,20751.65751779578,21004.49699187244
car-price,integer IDs,7,542,20836.88164618537,21456.67893238493
car-price,integer IDs,7,543,22182.54643687932,22217.876731222714
car-price,integer IDs,7,544,25578.137638080247,25343.909385519924
car-price,integer IDs,7,545,19000.0,19108.93358861151
car-price,integer IDs,7,546,21175.021042276127,21258.59006555032
car-price,integer IDs,7,547,23396.27645542002,23118.934042997163
car-price,integer IDs,7,548,21540.757939685664,21977.414372910782
car-price,integer IDs,7,549,20227.9894854436,19957.893850234595
car-price,integer IDs,7,550,23728.403803699417,24112.785745636065
car-price,integer IDs,7,551,24392.840393424474,25538.380553166353
car-price,integer IDs,7,552,24754.530167884564,24721.85217087266
car-price,integer IDs,7,553,23231.699039915216,22694.90184002522
car-price,integer IDs,7,554,21811.43411774036,21979.279914268398
car-price,integer IDs,7,555,22704.08919118353,23198.180956172706
car-price,integer IDs,7,556,32243.729989168,29173.844468632855
car-price,integer IDs,7,557,25765.296132844676,26740.670205161667
car-price,integer IDs,7,558,19955.78396879357,19920.602499608372
car-price,integer IDs,7,559,20844.85143886524,20482.10678831143
car-price,integer IDs,7,560,19647.726351739828,19497.350211097622
car-price,integer IDs,7,561,26809.798493485083,26968.534337050623
car-price,integer IDs,7,562,19000.0,18996.962601027983
car-price,integer IDs,7,563,23794.87139598327,25105.28971829852
car-price,integer IDs,7,564,23572.91865317684,22986.404654457332
car-price,integer IDs,7,565,19594.32634745359,19895.748690757493
car-price,integer IDs,7,566,25651.45015741048,25410.90251417879
car-price,integer IDs,7,567,19143.07572858711,19717.033503823368
car-price,integer IDs,7,568,21879.342495367546,21431.789132420272
car-price,integer IDs,7,569,24121.125509657148,24288.07974253207
car-price,integer IDs,7,570,23961.119356620373,23394.431767001985
car-price,integer IDs,7,571,22663.495901801187,21491.47483429609
car-price,integer IDs,7,572,21843.294141810744,21795.482018870804
car-price,integer IDs,7,573,26434.543318151274,25041.394868184267
car-price,integer IDs,7,574,25137.01320324636,25732.846807830898
car-price,integer IDs,7,575,19890.828961787098,20362.01227707858
car-price,integer IDs,7,576,26242.308568049317,27196.109395873646
car-price,integer IDs,7,577,21281.088691521265,20762.092153764657
car-price,integer IDs,7,578,21007.62428269418,20478.51280848237
car-price,integer IDs,7,579,27064.88929918804,27583.306607654682
car-price,integer IDs,7,580,22737.76336025432,22542.15347778976
car-price,integer IDs,7,581,21865.719654546585,21950.622557025592
car-price,integer IDs,7,582,21056.90536409692,21916.60911574601
car-price,integer IDs,7,583,26978.884944848403,28625.490860421873
car-price,integer IDs,7,584,23900.888785274576,23422.248572287688
car-price,integer IDs,7,585,25326.6344357488,26618.764787580127
car-price,integer IDs,7,586,31614.36766722776,28952.71248095141
car-price,integer IDs,7,587,20702.778516023733,20677.357861720833
car-price,integer IDs,7,588,22967.123462923875,22821.723663439643
car-price,integer IDs,7,589,24683.76654621321,25740.627705589606
car-price,integer IDs,7,590,26664.74587338038,27363.136920404737
car-price,integer IDs,7,591,27973.6036245477,28753.075862218604
car-price,integer IDs,7,592,21385.605462190862,21252.711208275872
car-price,integer IDs,7,593,21552.11908258396,20899.78904421022
car-price,integer IDs,7,594,23110.27099144504,23345.44218430797
car-price,integer IDs,7,595,22738.048166659395,23295.488731823483
car-price,integer IDs,7,596,22033.8439867936,22017.31694555389
car-price,integer IDs,7,597,21588.009476285843,21261.002894738114
car-price,integer IDs,7,598,21395.284093301187,20815.405985677557
car-price,integer IDs,7,599,19832.58964194569,20019.18298489585
car-price,integer IDs,7,600,25694.510971193107,25007.838872197633
car-price,integer IDs,7,601,31037.14406406556,29352.262163997395
car-price,integer IDs,7,602,22808.792641681663,23076.550879519527
car-price,integer IDs,7,603,21858.747880950054,21776.989664730427
car-price,integer IDs,7,604,19158.634774296363,19372.439812937708
car-price,integer IDs,7,605,26552.271276686595,25596.096918397594
car-price,integer IDs,7,606,22478.972464616505,22757.106641060604
car-price,integer IDs,7,607,21008.938221487348,20077.558043010573
car-price,integer IDs,7,608,24487.649813010124,24941.48016621256
car-price,integer IDs,7,609,24665.388156426816,24286.157217285658
car-price,integer IDs,7,610,20001.81251318372,20171.989562946095
car-price,integer IDs,7,611,19898.42539480989,19985.83668753997
car-price,integer IDs,7,612,22871.9167503698,22792.337481569306
car-price,integer IDs,7,613,19960.197271406687,20600.198136980693
car-price,integer IDs,7,614,19394.071544717925,19612.0833583023
car-price,integer IDs,7,615,22835.913870104563,23983.1352059512
car-price,integer IDs,7,616,24197.228653090897,23673.32521662633
car-price,integer IDs,7,617,29010.06917923646,28386.848668692357
car-price,integer IDs,7,618,22609.353964863072,21817.110958011886
car-price,integer IDs,7,619,37858.68826524724,29403.731206878256
car-price,integer IDs,7,620,23459.14208434556,25112.377912916807
car-price,integer IDs,7,621,23174.01257956602,23162.85299048034
car-price,integer IDs,7,622,22595.45828429271,22072.485492813106
car-price,integer IDs,7,623,24814.64825266701,23793.788626792724
car-price,integer IDs,7,624,25893.07129548512,25092.579085132696
car-price,integer IDs,7,625,22481.576408891488,22498.595992470742
car-price,integer IDs,7,626,25969.617205178864,25401.598101328276
car-price,integer IDs,7,627,23146.745357943884,22883.970507660277
car-price,integer IDs,7,628,23807.19465799788,23652.22457341036
car-price,integer IDs,7,629,23717.84203340024,23917.442434550838
car-price,integer IDs,7,630,22670.47724872226,23187.87324700194
car-price,integer IDs,7,631,31244.353887079807,29225.89258801598
car-price,integer IDs,7,632,25072.917402117386,23879.128863982474
car-price,integer IDs,7,633,19305.53504603736,19141.27323139055
car-price,integer IDs,7,634,25878.62514875369,26872.81985712725
car-price,integer IDs,7,635,21590.654107190123,21503.366279079266
car-price,integer IDs,7,636,21100.87325037975,21171.445918611593
car-price,integer IDs,7,637,24667.544547779537,23072.281631757967
car-price,integer IDs,7,638,26698.53252901452,25898.593078669335
car-price,integer IDs,7,639,25493.404142573345,26874.357633429856
car-price,integer IDs,7,640,24252.57204225883,24905.540136287334
car-price,integer IDs,7,641,23088.36722489665,22766.745178422625
car-price,integer IDs,7,642,22018.576927482827,21307.2441708473
car-price,integer IDs,7,643,31628.064701313902,28920.975613696402
car-price,integer IDs,7,644,23960.449223902546,23803.934327170286
car-price,integer IDs,7,645,23573.5911792258,24743.081074255664
car-price,integer IDs,7,646,21311.017297365623,21458.090969815785
car-price,integer IDs,7,647,29997.85916529966,28195.254458670206
car-price,integer IDs,7,648,22036.081751404912,22592.81856432757
car-price,integer IDs,7,649,21124.04069576747,20999.529543384117
car-price,integer IDs,7,650,24588.574193645945,22811.409173790584
car-price,integer IDs,7,651,26344.21660778165,27427.0957200445
car-price,integer IDs,7,652,27277.81679028404,27839.609922352865
car-price,integer IDs,7,653,28823.896736899696,28684.52039215377
car-price,integer IDs,7,654,22308.775507606497,23473.10064706742
car-price,integer IDs,7,655,24036.85392705932,23836.034094470437
car-price,integer IDs,7,656,21163.62160607967,21329.67016485043
car-price,integer IDs,7,657,21478.789809935784,22099.362811901658
car-price,integer IDs,7,658,26668.43399665956,25960.29239670314
car-price,integer IDs,7,659,20886.54566056973,21261.02317177386
car-price,integer IDs,7,660,19669.601398314597,19731.83826505414
car-price,integer IDs,7,661,19000.0,19102.719992383732
car-price,integer IDs,7,662,22675.71385724585,22789.511792063735
car-price,integer IDs,7,663,19867.695023035267,19916.49919859043
car-price,integer IDs,7,664,25210.69908223366,26510.458063472644
car-price,integer IDs,7,665,21718.520216413704,22019.248874213714
car-price,integer IDs,7,666,20150.931402886945,20047.65138068162
car-price,integer IDs,7,667,21751.97419902006,21353.15834650362
car-price,integer IDs,7,668,29241.410960085872,28661.08532623346
car-price,integer IDs,7,669,24238.66200170166,22502.95224335925
car-price,integer IDs,7,670,23928.71843971346,23911.649293548406
car-price,integer IDs,7,671,30506.013625234154,28777.162481745803
car-price,integer IDs,7,672,29875.2392379242,26545.549199138182
car-price,integer IDs,7,673,22287.79078021398,21877.681911148375
car-price,integer IDs,7,674,24231.785961350528,24534.862033713616
car-price,integer IDs,7,675,19000.0,18895.62881020683
car-price,integer IDs,7,676,26347.466751463115,25584.74818326431
car-price,integer IDs,7,677,20057.569948638025,20397.678591993244
car-price,integer IDs,7,678,19000.0,19399.988549767066
car-price,integer IDs,7,679,24037.24882669661,24590.076030726286
car-price,integer IDs,7,680,22620.98555417963,23853.522004262457
car-price,integer IDs,7,681,23782.955000261634,23805.568938411518
car-price,integer IDs,7,682,23358.179410411576,22558.24033708413
car-price,integer IDs,7,683,28594.19678120896,27296.51556221752
car-price,integer IDs,7,684,20035.10853593516,19907.554653298124
car-price,integer IDs,7,685,19108.43704706888,19755.375667956116
car-price,integer IDs,7,686,27163.21212888001,27694.49066607523
car-price,integer IDs,7,687,23045.205891206348,23405.300050743717
car-price,integer IDs,7,688,21148.038627059068,21706.240632300203
car-price,integer IDs,7,689,24827.754133962797,26611.835151720952
car-price,integer IDs,7,690,27843.88268369442,27412.79131505721
car-price,integer IDs,7,691,27416.079529958468,26771.725184428018
car-price,integer IDs,7,692,20895.61159890947,20907.663882901415
car-price,integer IDs,7,693,27426.136307388137,28544.115200077285
car-price,integer IDs,7,694,19884.323887761908,19735.809410508282
car-price,integer IDs,7,695,19000.0,18870.541904694783
car-price,integer IDs,7,696,21758.57261295952,22883.839559183296
car-price,integer IDs,7,697,24834.95566734829,24755.0244397838
car-price,integer IDs,7,698,21205.9596338595,21301.047128975842
car-price,integer IDs,7,699,23412.31416735629,23670.27743737644
car-price,integer IDs,7,700,22445.5495953149,22974.24088774877
car-price,integer IDs,7,701,28200.17549644487,27184.258685090826
car-price,integer IDs,7,702,27149.71134794694,26963.622235363742
car-price,integer IDs,7,703,21201.536757921844,21012.772003827165
car-price,integer IDs,7,704,28660.156987292172,29186.36764055652
car-price,integer IDs,7,705,23244.259241712192,23639.28012731378
car-price,integer IDs,7,706,27538.85981051997,26817.10925731141
car-price,integer IDs,7,707,24218.29954040427,23808.815790812165
car-price,integer IDs,7,708,22063.05698662857,22563.103063090144
car-price,integer IDs,7,709,21209.8057169936,21422.940482603943
car-price,integer IDs,7,710,19734.491785380425,20052.259802270775
car-price,integer IDs,7,711,23751.059076224225,23681.319034864493
car-price,integer IDs,7,712,21529.683996523578,21503.16119843906
car-price,integer IDs,7,713,24808.03547874075,26370.783117749586
car-price,integer IDs,7,714,21396.928311790994,21127.93736435993
car-price,integer IDs,7,715,19821.417572207072,20063.699382683822
car-price,integer IDs,7,716,21561.127580976456,21266.600090533255
car-price,integer IDs,7,717,29569.1824456994,27789.20893715328
car-price,integer IDs,7,718,26264.64792086429,27920.548209204804
car-price,integer IDs,7,719,23562.811615793333,23238.3494671718
car-price,integer IDs,7,720,28689.085180722068,29150.899273861425
car-price,integer IDs,7,721,21672.869818342904,22002.958789571345
car-price,integer IDs,7,722,27994.815718398047,26393.050344847263
car-price,integer IDs,7,723,20034.88356280846,19903.6818294795
car-price,integer IDs,7,724,20855.46825578052,21383.299303565822
car-price,integer IDs,7,725,21480.81217474494,22640.487970472583
car-price,integer IDs,7,726,32077.436555239336,29345.656452663618
car-price,integer IDs,7,727,22887.521269370616,22354.80012310342
car-price,integer IDs,7,728,19996.33417821549,20530.11946429078
car-price,integer IDs,7,729,20800.13683326826,21572.589963189275
car-price,integer IDs,7,730,23862.62420708668,22479.056893158264
car-price,integer IDs,7,731,22498.370413466448,22302.39275195667
car-price,integer IDs,7,732,20446.687297906305,20893.331897051965
car-price,integer IDs,7,733,19020.25236806517,19568.942198552188
car-price,integer IDs,7,734,25085.949090147973,24424.898852201186
car-price,integer IDs,7,735,20663.94432502568,20978.210907569002
car-price,integer IDs,7,736,27818.06821407129,28417.132158180968
car-price,integer IDs,7,737,25755.00241563263,27434.080653903708
car-price,integer IDs,7,738,21755.17408274768,20826.963098459437
car-price,integer IDs,7,739,22494.498003689863,21991.839756362067
car-price,integer IDs,7,740,33449.68407485078,29352.906020459963
car-price,integer IDs,7,741,23794.20365659658,24406.270477353453
car-price,integer IDs,7,742,19163.483663176063,19467.50937730709
car-price,integer IDs,7,743,29543.76048238242,28946.031048288503
car-price,integer IDs,7,744,26099.634919092896,26763.42842063486
car-price,integer IDs,7,745,26037.707475972315,24578.915470331725
car-price,integer IDs,7,746,19770.0542927168,19845.79336006443
car-price,integer IDs,7,747,27594.205593019047,26841.570815937866
car-price,integer IDs,7,748,25484.58950400279,25786.403385974623
car-price,integer IDs,7,749,21442.92813620752,21815.300791738744
car-price,integer IDs,7,750,24111.181218790825,24356.671980727668
car-price,integer IDs,7,751,21629.263325061474,22150.236835217427
car-price,integer IDs,7,752,21337.07588676454,21803.902276639506
car-price,integer IDs,7,753,20365.591665724747,20833.99582060703
car-price,integer IDs,7,754,20325.97006878325,20644.529729928217
car-price,integer IDs,7,755,23671.174469597023,25036.762132726624
car-price,integer IDs,7,756,24253.22542165871,23954.01263074879
car-price,integer IDs,7,757,25021.13289634733,23932.387916738553
car-price,integer IDs,7,758,30094.444436587557,28539.814330684512
car-price,integer IDs,7,759,23885.829945772555,25446.26125251764
car-price,integer IDs,7,760,21850.414301937653,21735.428846165847
car-price,integer IDs,7,761,23687.954114185177,24517.80992951669
car-price,integer IDs,7,762,21210.19582996862,21201.755019033062
car-price,integer IDs,7,763,23657.044242575423,23681.183523935695
car-price,integer IDs,7,764,20844.84665220297,21233.24150855791
car-price,integer IDs,7,765,19000.0,19388.834915740972
car-price,integer IDs,7,766,19755.92885235747,20070.66580036834
car-price,integer IDs,7,767,22941.469346486792,22458.3352720531
car-price,integer IDs,7,768,19000.0,18983.940318366058
car-price,integer IDs,7,769,24575.56404559557,24491.2612714134
car-price,integer IDs,7,770,27218.46696479595,28065.647449577224
car-price,integer IDs,7,771,21311.64913678529,21075.39083697654
car-price,integer IDs,7,772,20085.646116183823,20389.956936571318
car-price,integer IDs,7,773,22333.474684920675,22031.642446636495
car-price,integer IDs,7,774,33979.5125415447,29000.825621370568
car-price,integer IDs,7,775,21967.122701409426,22082.297399861003
car-price,integer IDs,7,776,21405.003411040805,20839.818485589
car-price,integer IDs,7,777,23034.45026108523,21746.604904780426
car-price,integer IDs,7,778,22166.69779810272,21900.31141465535
car-price,integer IDs,7,779,24021.524641139036,24293.894570209923
car-price,integer IDs,7,780,28105.423516806462,28601.149303897517
car-price,integer IDs,7,781,22510.05704939912,22192.125146106067
car-price,integer IDs,7,782,20592.36218410613,20695.528346143336
car-price,integer IDs,7,783,32521.49042738258,28733.283975811144
car-price,integer IDs,7,784,20960.087939688925,20333.776234682315
car-price,integer IDs,7,785,24485.761474744537,24331.945350040172
car-price,integer IDs,7,786,27324.168434377418,26449.267361223407
car-price,integer IDs,7,787,24532.496051819537,24560.310175484985
car-price,integer IDs,7,788,19891.5110611606,19675.800617832887
car-price,integer IDs,7,789,25512.89543133756,26024.17382065919
car-price,integer IDs,7,790,22235.355288375187,22981.341115319552
car-price,integer IDs,7,791,20524.67877960564,20797.586456654764
car-price,integer IDs,7,792,31011.808260669444,29215.33065384644
car-price,integer IDs,7,793,22116.8112039228,21930.429865890517
car-price,integer IDs,7,794,21309.564545366626,21118.16681355532
car-price,integer IDs,7,795,25884.108270384197,26788.096494961217
car-price,integer IDs,7,796,27984.91450749216,28352.351874097323
car-price,integer IDs,7,797,23820.360372572035,24196.523802936463
car-price,integer IDs,7,798,30831.74359938944,29098.762690384825
car-price,integer IDs,7,799,27161.381230561663,26925.333398701652
car-price,integer IDs,7,800,27002.10265018996,28040.68546725184
car-price,integer IDs,7,801,23369.2150602755,21979.74108373152
car-price,integer IDs,7,802,30465.85352878726,28590.158730560834
car-price,integer IDs,7,803,27234.416123480223,28038.893767934154
car-price,integer IDs,7,804,25191.62183975582,26143.854973112808
car-price,integer IDs,7,805,20777.82380709577,20782.021747508377
car-price,integer IDs,7,806,23628.520522107363,23678.089568702853
car-price,integer IDs,7,807,21035.19306403934,20366.090818653778
car-price,integer IDs,7,808,25623.450576461,25566.454373239198
car-price,integer IDs,7,809,21081.54710146386,20528.96427671254
car-price,integer IDs,7,810,24797.55986836244,24966.82619344552
car-price,integer IDs,7,811,26269.57100300918,26825.37149445293
car-price,integer IDs,7,812,26373.4822609016,28501.652112838383
car-price,integer IDs,7,813,20377.029395219364,19943.41401474704
car-price,integer IDs,7,814,22183.35538280298,23182.610561655776
car-price,integer IDs,7,815,21568.60434744249,21897.575425481173
car-price,integer IDs,7,816,33001.44187322112,29409.81706709721
car-price,integer IDs,7,817,20772.709258460072,20484.9785188919
car-price,integer IDs,7,818,27526.32114870321,28103.038285197967
car-price,integer IDs,7,819,20442.08492213352,20452.748391955003
car-price,integer IDs,7,820,19417.73919631288,19748.3868384688
car-price,integer IDs,7,821,24712.910139445263,25544.957587745554
car-price,integer IDs,7,822,22185.61468739451,21609.511022894
car-price,integer IDs,7,823,19000.0,19091.445928310983
car-price,integer IDs,7,824,21343.09750790044,21009.445578225183
car-price,integer IDs,7,825,23337.867209068027,23689.586667974163
car-price,integer IDs,7,826,32189.241019215297,28853.560795680063
car-price,integer IDs,7,827,27705.35667759513,28317.383871421236
car-price,integer IDs,7,828,22846.389480482874,23049.56228336981
car-price,integer IDs,7,829,20463.888168774232,20504.563900580415
car-price,integer IDs,7,830,22216.591572276044,22878.798612520914
car-price,integer IDs,7,831,24708.85344317128,22981.012352644262
car-price,integer IDs,7,832,19735.33663127111,20205.338113568476
car-price,integer IDs,7,833,24914.74214739896,25545.615384352655
car-price,integer IDs,7,834,25230.917943662946,25569.770679638277
car-price,integer IDs,7,835,20144.483768809,20136.621832835965
car-price,integer IDs,7,836,23326.91771912497,22565.922202714803
car-price,integer IDs,7,837,24358.472158324512,24382.353871493073
car-price,integer IDs,7,838,27922.647211350395,27786.8502872948
car-price,integer IDs,7,839,25080.454001861795,24824.793272704886
car-price,integer IDs,7,840,20517.412626279493,20828.15491816555
car-price,integer IDs,7,841,20535.343463143625,20743.38842294775
car-price,integer IDs,7,842,19000.0,19126.601439489947
car-price,integer IDs,7,843,25153.42666817084,25121.408680043623
car-price,integer IDs,7,844,21991.352785821124,22964.470705586617
car-price,integer IDs,7,845,19000.0,19072.337123200286
car-price,integer IDs,7,846,32915.43751888148,29151.06608284434
car-price,integer IDs,7,847,24131.92900640097,24772.170642917186
car-price,integer IDs,7,848,22389.133993798445,20830.77716158294
car-price,integer IDs,7,849,20719.74005377815,20238.39435842883
car-price,integer IDs,7,850,21063.848417719837,20986.11529344727
car-price,integer IDs,7,851,20691.61601960965,20771.083857567988
car-price,integer IDs,7,852,19000.0,18954.52367041497
car-price,integer IDs,7,853,26730.59837956252,26909.109190496263
car-price,integer IDs,7,854,23200.46367527109,23129.9169967291
car-price,integer IDs,7,855,19000.0,19107.694352400176
car-price,integer IDs,7,856,25036.77331531518,25014.804125865958
car-price,integer IDs,7,857,21218.37623578837,20953.176673038703
car-price,integer IDs,7,858,27466.248537212326,26993.185502063883
car-price,integer IDs,7,859,21746.78306378804,22164.987039839005
car-price,integer IDs,7,860,22895.08419575752,22948.137937812393
car-price,integer IDs,7,861,20724.40226282932,21305.94365852381
car-price,integer IDs,7,862,22056.372412768247,21470.148231389885
car-price,integer IDs,7,863,25825.99101043068,25915.962843688267
car-price,integer IDs,7,864,24965.9809736702,25850.86773647043
car-price,integer IDs,7,865,22904.70778025173,25300.51167454321
car-price,integer IDs,7,866,19510.58608436775,19714.683071157528
car-price,integer IDs,7,867,22811.892005501617,22903.708641752237
car-price,integer IDs,7,868,21980.111309479584,21806.065040519887
car-price,integer IDs,7,869,20968.462205330623,21480.61426399065
car-price,integer IDs,7,870,19000.0,18872.089736382382
car-price,integer IDs,7,871,20622.264463308005,21121.329156988213
car-price,integer IDs,7,872,22361.25168607459,21642.03648197293
car-price,integer IDs,7,873,24331.33417658367,24256.435361605774
car-price,integer IDs,7,874,23038.65773722073,22916.228463542917
car-price,integer IDs,7,875,26690.18219668417,26608.713597590086
car-price,integer IDs,7,876,26905.54131221342,25646.53144999183
car-price,integer IDs,7,877,26410.990546450805,25725.804301242868
car-price,integer IDs,7,878,23468.26785596368,23603.145386604738
car-price,integer IDs,7,879,24642.05317785964,25369.66435291777
car-price,integer IDs,7,880,33613.93599732121,29230.29684384139
car-price,integer IDs,7,881,19000.0,18917.89814041528
car-price,integer IDs,7,882,20293.75583170487,19906.928116007894
car-price,integer IDs,7,883,22720.394956206936,23201.322842659414
car-price,integer IDs,7,884,26964.501024726484,27593.146972788112
car-price,integer IDs,7,885,29483.48443774505,28058.52847931802
car-price,integer IDs,7,886,20700.488098127447,20459.849886564756
car-price,integer IDs,7,887,19929.380739711207,20001.434613806447
car-price,integer IDs,7,888,25324.454111084724,25748.288173517423
car-price,integer IDs,7,889,22296.445065598487,22897.680592590474
car-price,integer IDs,7,890,21898.51547109079,22362.1994402282
car-price,integer IDs,7,891,27752.09364800126,27868.990681857093
car-price,integer IDs,7,892,22391.94615788218,21797.62315877372
car-price,integer IDs,7,893,28435.88510661583,28180.361309099357
car-price,integer IDs,7,894,23173.36398682841,23162.91926289014
car-price,integer IDs,7,895,20973.423580773677,20948.58098125201
car-price,integer IDs,7,896,23185.51971566356,22794.14175888205
car-price,integer IDs,7,897,22711.03942479985,23659.3086804902
car-price,integer IDs,7,898,21779.69376022673,22109.376440282278
car-price,integer IDs,7,899,24993.824988095897,24687.94734740367
car-price,integer IDs,7,900,20171.021024434933,20350.6549316409
car-price,integer IDs,7,901,25468.719325245977,26245.682421732115
car-price,integer IDs,7,902,24792.03606010264,23895.600046631065
car-price,integer IDs,7,903,24017.09219187684,25801.187885860934
car-price,integer IDs,7,904,22013.44801886032,22684.42832002882
car-price,integer IDs,7,905,20386.59553976634,20934.380672168747
car-price,integer IDs,7,906,29871.082021742543,27553.78028402112
car-price,integer IDs,7,907,21000.15708955269,21204.666974273998
car-price,integer IDs,7,908,24520.390582938227,24908.10556298543
car-price,integer IDs,7,909,26966.29362974667,25564.723237103644
car-price,integer IDs,7,910,22485.82935831855,22915.682080751612
car-price,integer IDs,7,911,22529.45499824906,21897.805151884575
car-price,integer IDs,7,912,20470.94131562936,20746.94973888994
car-price,integer IDs,7,913,25777.91616792003,26439.406248084437
car-price,integer IDs,7,914,20388.100945050315,19767.946711513363
car-price,integer IDs,7,915,28366.921269958068,28061.552482891722
car-price,integer IDs,7,916,21126.927053116397,20871.96181884759
car-price,integer IDs,7,917,24085.21118264391,24749.783755570963
car-price,integer IDs,7,918,23849.228732723543,23650.600491129575
car-price,integer IDs,7,919,22256.407029039485,22280.601477196473
car-price,integer IDs,7,920,30480.431308731124,29029.272291843936
car-price,integer IDs,7,921,23376.20358718998,24060.066037809644
car-price,integer IDs,7,922,25619.87493974517,25186.948907540776
car-price,integer IDs,7,923,21558.58825664212,20978.871160000926
car-price,integer IDs,7,924,23022.79952511959,22161.985486261063
car-price,integer IDs,7,925,19616.22772067084,19603.537267059466
car-price,integer IDs,7,926,19000.0,18758.983701310637
car-price,integer IDs,7,927,20839.86852344197,21255.974786896677
car-price,integer IDs,7,928,24572.64178827962,23018.170358627864
car-price,integer IDs,7,929,19360.32796904422,19715.472785277318
car-price,integer IDs,7,930,21434.474890638365,21292.049389433363
car-price,integer IDs,7,931,35173.61245811534,29406.900184301336
car-price,integer IDs,7,932,29381.77743782806,28106.576385024146
car-price,integer IDs,7,933,20991.349630975536,21075.129538432197
car-price,integer IDs,7,934,24115.132608494867,24119.869769012388
car-price,integer IDs,7,935,24623.92848117357,25696.452671550822
car-price,integer IDs,7,936,22321.582222510388,21816.320292200668
car-price,integer IDs,7,937,25586.00691085244,27312.113747788775
car-price,integer IDs,7,938,25153.6899345957,25599.124097828848
car-price,integer IDs,7,939,26653.62645692673,26098.689274525314
car-price,integer IDs,7,940,20808.32920574369,21896.155352118905
car-price,integer IDs,7,941,23589.777277692447,24154.261423885746
car-price,integer IDs,7,942,29571.482436920225,28147.833453095183
car-price,integer IDs,7,943,24259.644335763038,23842.149993293824
car-price,integer IDs,7,944,21677.34534756553,22213.51210811887
car-price,integer IDs,7,945,23360.36930840019,23714.203338905656
car-price,integer IDs,7,946,27392.44538499941,28219.14293117392
car-price,integer IDs,7,947,20032.59314491217,20007.53980394732
car-price,integer IDs,7,948,21778.578467917778,21982.15189977539
car-price,integer IDs,7,949,20568.43365941745,20528.94469782223
car-price,integer IDs,7,950,25913.85976972456,24702.502579056396
car-price,integer IDs,7,951,25751.544052142417,26795.404240472904
car-price,integer IDs,7,952,19445.966143720187,20188.522172714933
car-price,integer IDs,7,953,20357.43997987861,19886.699665441898
car-price,integer IDs,7,954,19000.0,19522.07873441228
car-price,integer IDs,7,955,23093.156280497973,22667.90557415144
car-price,integer IDs,7,956,23151.5200535584,22866.844444284878
car-price,integer IDs,7,957,20076.39589134668,20041.80154981115
car-price,integer IDs,7,958,22765.710287918824,22465.31891613201
car-price,integer IDs,7,959,25367.17985850844,24542.60839858283
car-price,integer IDs,7,960,25592.193671836663,25482.860023876292
car-price,integer IDs,7,961,24665.27566986347,23897.628404770876
car-price,integer IDs,7,962,23265.078829256385,22919.63818643578
car-price,integer IDs,7,963,20110.58701994265,20874.330768171494
car-price,integer IDs,7,964,26315.707247300405,25200.18801171808
car-price,integer IDs,7,965,25680.514770715068,26548.865902156955
car-price,integer IDs,7,966,21609.84144290018,22228.77084113688
car-price,integer IDs,7,967,27909.60116333299,27894.464897712303
car-price,integer IDs,7,968,25214.478152095977,24939.101579362024
car-price,integer IDs,7,969,23252.48751415465,23058.467008268606
car-price,integer IDs,7,970,26378.541762921188,24670.177108358497
car-price,integer IDs,7,971,27178.409781587867,28193.50666000252
car-price,integer IDs,7,972,25159.29511611409,24784.78989242982
car-price,integer IDs,7,973,24441.178502359988,25543.593322851873
car-price,integer IDs,7,974,21828.87671505293,20683.4129166421
car-price,integer IDs,7,975,24162.735964771902,25111.970766497507
car-price,integer IDs,7,976,25219.451494194705,25060.962103307662
car-price,integer IDs,7,977,20450.88041405499,20277.498910943355
car-price,integer IDs,7,978,19178.920648997428,19445.87273348461
car-price,integer IDs,7,979,24812.422454711377,25621.59500053282
car-price,integer IDs,7,980,22726.974223497316,22733.331679655712
car-price,integer IDs,7,981,23555.49280918221,23144.193807728287
car-price,integer IDs,7,982,20928.28774889692,21231.054561702585
car-price,integer IDs,7,983,20717.181582794736,20791.59712571688
car-price,integer IDs,7,984,36162.51294982523,29401.291607372874
car-price,integer IDs,7,985,22650.12675408055,22422.957737196466
car-price,integer IDs,7,986,26167.77305650905,27468.66525232552
car-price,integer IDs,7,987,26948.64520595648,27596.647200055926
car-price,integer IDs,7,988,23614.868961312783,24126.633732681483
car-price,integer IDs,7,989,22904.65991362903,23083.748770689686
car-price,integer IDs,7,990,22175.701509832947,23082.6040018109
car-price,integer IDs,7,991,23455.576020954268,23638.761595056905
car-price,integer IDs,7,992,25222.83327108859,25330.812203012676
car-price,integer IDs,7,993,25606.682898528525,24988.789751133874
car-price,integer IDs,7,994,20225.08398144559,19901.271187319588
car-price,integer IDs,7,995,28307.20287147518,27116.18491197734
car-price,integer IDs,7,996,26642.219840736867,26386.959586358294
car-price,integer IDs,7,997,23285.23785740729,23910.39505807156
car-price,integer IDs,7,998,25557.02367080644,25633.424566072074
car-price,integer IDs,7,999,25652.716229580943,27610.020576273684
car-price,learned embeddings,7,0,32879.16419219798,29036.52677949077
car-price,learned embeddings,7,1,21286.861406219115,21182.69563741688
car-price,learned embeddings,7,2,26059.08710300212,25606.13192672599
car-price,learned embeddings,7,3,19000.0,19496.606422252014
car-price,learned embeddings,7,4,24149.261510481323,24758.991100566127
car-price,learned embeddings,7,5,31027.422352994803,29072.521424591916
car-price,learned embeddings,7,6,26983.51604059481,26620.821180469757
car-price,learned embeddings,7,7,22765.626521329097,22685.14227010461
car-price,learned embeddings,7,8,20982.76953885622,20762.3297698569
car-price,learned embeddings,7,9,19000.0,18932.175116297916
car-price,learned embeddings,7,10,26603.782942707243,25810.170961855994
car-price,learned embeddings,7,11,25267.301363578656,25031.533425085356
car-price,learned embeddings,7,12,19453.11741715185,19732.89214045382
car-price,learned embeddings,7,13,29793.20302660656,28576.773937552432
car-price,learned embeddings,7,14,27259.328307265423,28305.287536770727
car-price,learned embeddings,7,15,22732.447771803272,23157.0880165822
car-price,learned embeddings,7,16,23636.51424809858,22749.685144358104
car-price,learned embeddings,7,17,21431.34441351366,21131.927465798217
car-price,learned embeddings,7,18,19994.04615365033,20267.94765369903
car-price,learned embeddings,7,19,27853.166415167456,27744.98447302716
car-price,learned embeddings,7,20,21310.148518163587,21748.03602099079
car-price,learned embeddings,7,21,30656.905973308483,28455.208350151705
car-price,learned embeddings,7,22,24701.83380295205,26679.22803895297
car-price,learned embeddings,7,23,21880.11075466191,22128.678640518752
car-price,learned embeddings,7,24,20633.087106700903,20812.865075581758
car-price,learned embeddings,7,25,24749.22415275806,25089.396450427495
car-price,learned embeddings,7,26,22259.451346243324,22049.3205977352
car-price,learned embeddings,7,27,23090.320183102885,22431.727364127288
car-price,learned embeddings,7,28,28022.01114008613,27787.274299475786
car-price,learned embeddings,7,29,22615.114712905244,23215.4665983504
car-price,learned embeddings,7,30,22154.769435725408,21848.59439796188
car-price,learned embeddings,7,31,20710.91344855192,20965.23016492993
car-price,learned embeddings,7,32,24549.763935959247,25599.09968365964
car-price,learned embeddings,7,33,20758.796824571764,20983.553546084757
car-price,learned embeddings,7,34,21728.375954028023,20841.368820809526
car-price,learned embeddings,7,35,24000.690693608038,25079.468267546054
car-price,learned embeddings,7,36,22391.828884656563,21420.16198398902
car-price,learned embeddings,7,37,20616.88186158517,20125.889248282587
car-price,learned embeddings,7,38,21923.860847811447,22234.8772686038
car-price,learned embeddings,7,39,19898.01852851692,20172.27814194064
car-price,learned embeddings,7,40,22780.644674201816,22514.73765957711
car-price,learned embeddings,7,41,19000.0,18621.053360503836
car-price,learned embeddings,7,42,20395.53463155592,20404.48852201134
car-price,learned embeddings,7,43,19000.0,19410.278514434427
car-price,learned embeddings,7,44,21454.921118525483,21156.81205525383
car-price,learned embeddings,7,45,22015.33157046364,21735.20082314875
car-price,learned embeddings,7,46,23809.69329570292,24081.66831126531
car-price,learned embeddings,7,47,23049.073514320666,22645.60599635933
car-price,learned embeddings,7,48,26864.99828278491,26356.426324418695
car-price,learned embeddings,7,49,26192.47941381664,27115.12463323213
car-price,learned embeddings,7,50,19000.0,19571.125932476378
car-price,learned embeddings,7,51,24154.849938681768,25444.44118764805
car-price,learned embeddings,7,52,25795.33483192125,26376.21609723326
car-price,learned embeddings,7,53,21588.753802268857,21934.069454658646
car-price,learned embeddings,7,54,23387.744229923406,22486.99059438629
car-price,learned embeddings,7,55,22539.698455507267,22426.57211923903
car-price,learned embeddings,7,56,21310.256218064667,21505.458213328555
car-price,learned embeddings,7,57,22719.04511744674,23246.66199249737
car-price,learned embeddings,7,58,21411.912958027824,22034.395186028953
car-price,learned embeddings,7,59,19955.87730870784,20215.380416616114
car-price,learned embeddings,7,60,23001.02978511476,22413.806759614396
car-price,learned embeddings,7,61,19435.308640175608,20197.438849068993
car-price,learned embeddings,7,62,22303.43119918183,22650.962806457374
car-price,learned embeddings,7,63,24666.785861809716,24410.227817923915
car-price,learned embeddings,7,64,24364.40522620841,25054.557467319515
car-price,learned embeddings,7,65,24717.99836143848,24228.251775025998
car-price,learned embeddings,7,66,23731.1848544784,23326.1019993456
car-price,learned embeddings,7,67,24837.298738529556,24856.349372169294
car-price,learned embeddings,7,68,24332.119189195982,24546.330331586796
car-price,learned embeddings,7,69,22478.776211463424,23405.81346208002
car-price,learned embeddings,7,70,24914.89771392273,25173.90882692731
car-price,learned embeddings,7,71,19000.0,18814.025178856216
car-price,learned embeddings,7,72,20047.95593746835,20004.8876330958
car-price,learned embeddings,7,73,20249.71614548799,20527.965777112928
car-price,learned embeddings,7,74,25232.318042376974,24464.344713141698
car-price,learned embeddings,7,75,23732.43656666205,23125.284994668342
car-price,learned embeddings,7,76,24475.987110388807,23883.82074115066
car-price,learned embeddings,7,77,24305.70638678908,24521.130534573098
car-price,learned embeddings,7,78,24676.792379285544,25136.507130708276
car-price,learned embeddings,7,79,24073.041093821957,24203.60934312129
car-price,learned embeddings,7,80,26255.12724960888,27297.687069632364
car-price,learned embeddings,7,81,24592.247956938318,24943.692455570123
car-price,learned embeddings,7,82,21083.918892618734,21067.794401502328
car-price,learned embeddings,7,83,21930.057182120207,21130.436127590678
car-price,learned embeddings,7,84,19000.0,19001.20265546043
car-price,learned embeddings,7,85,27522.93937180932,26465.71913681483
car-price,learned embeddings,7,86,23705.016171847263,25065.814465755277
car-price,learned embeddings,7,87,23596.93812444865,24181.18275765959
car-price,learned embeddings,7,88,24879.050400181284,24538.442375797233
car-price,learned embeddings,7,89,23240.30785200815,22948.57566205554
car-price,learned embeddings,7,90,22304.290405059328,22252.20914619878
car-price,learned embeddings,7,91,22313.94749618944,22596.374122903202
car-price,learned embeddings,7,92,20777.60840729361,20678.107251213878
car-price,learned embeddings,7,93,25431.65380595676,26139.89081907675
car-price,learned embeddings,7,94,22516.497503483657,23403.402758732154
car-price,learned embeddings,7,95,26598.345294368308,25837.508579223206
car-price,learned embeddings,7,96,27340.82601907768,27006.7815780831
car-price,learned embeddings,7,97,22130.64944454592,22271.168744765542
car-price,learned embeddings,7,98,30852.68524682152,29166.639123873087
car-price,learned embeddings,7,99,21911.398772591005,22151.525501705022
car-price,learned embeddings,7,100,24446.489304148763,25175.301367949876
car-price,learned embeddings,7,101,32705.027812139608,29340.954987676396
car-price,learned embeddings,7,102,19000.0,18068.332361262102
car-price,learned embeddings,7,103,25046.904286010034,25786.796873525425
car-price,learned embeddings,7,104,24051.65189346761,23508.296428297694
car-price,learned embeddings,7,105,21166.7879831714,21441.643429166903
car-price,learned embeddings,7,106,23075.158430362066,24144.196678991022
car-price,learned embeddings,7,107,19000.0,19608.511125328412
car-price,learned embeddings,7,108,19000.0,18934.161389592282
car-price,learned embeddings,7,109,19000.0,18803.943686434028
car-price,learned embeddings,7,110,23178.16022242314,24190.247793471997
car-price,learned embeddings,7,111,19416.071044511715,19788.29971603043
car-price,learned embeddings,7,112,19000.0,18892.24112274862
car-price,learned embeddings,7,113,25886.49681485702,26132.138771021415
car-price,learned embeddings,7,114,23348.6946391232,23012.13413251621
car-price,learned embeddings,7,115,23989.023204324447,23140.816888638026
car-price,learned embeddings,7,116,20129.04678298764,19995.502917162168
car-price,learned embeddings,7,117,21115.86746994112,21086.54929674861
car-price,learned embeddings,7,118,20736.009918834527,21036.7137441292
car-price,learned embeddings,7,119,19354.0047881853,19945.506376788057
car-price,learned embeddings,7,120,38375.25289079045,29415.483377718996
car-price,learned embeddings,7,121,22826.73305187034,23137.992132231568
car-price,learned embeddings,7,122,27940.506248280475,28122.825196941554
car-price,learned embeddings,7,123,23257.99696242764,22852.368200225566
car-price,learned embeddings,7,124,22499.92129204199,22140.922640041936
car-price,learned embeddings,7,125,31860.51698781001,29041.84419625226
car-price,learned embeddings,7,126,22119.09444182568,21689.80975348939
car-price,learned embeddings,7,127,19541.84059566096,19669.609056570098
car-price,learned embeddings,7,128,19000.0,17561.436468938653
car-price,learned embeddings,7,129,25498.58331114969,25971.436165726274
car-price,learned embeddings,7,130,22361.424005916317,22573.434454248236
car-price,learned embeddings,7,131,24934.331562739702,23695.21301888558
car-price,learned embeddings,7,132,22448.05301968221,22564.76007195733
car-price,learned embeddings,7,133,24765.05603821671,25336.65918597896
car-price,learned embeddings,7,134,29084.145171198783,27801.349874734846
car-price,learned embeddings,7,135,19863.13572722291,20195.08893242786
car-price,learned embeddings,7,136,21898.68779093252,21938.525635575475
car-price,learned embeddings,7,137,26044.24366330226,24936.77078431804
car-price,learned embeddings,7,138,24770.34530002527,25322.575562523183
car-price,learned embeddings,7,139,21749.88482093912,21643.83227196785
car-price,learned embeddings,7,140,30888.78386033216,28847.039801358584
car-price,learned embeddings,7,141,19000.0,19872.783207675762
car-price,learned embeddings,7,142,22983.668561060786,22350.621763754978
car-price,learned embeddings,7,143,21640.70584121836,22263.926947558073
car-price,learned embeddings,7,144,26596.13864306175,26861.827319954264
car-price,learned embeddings,7,145,22031.972401845956,21877.95315961101
car-price,learned embeddings,7,146,23367.60674175272,23604.203411675473
car-price,learned embeddings,7,147,28379.93620467072,27520.663282026653
car-price,learned embeddings,7,148,28195.99913361413,28324.244357213265
car-price,learned embeddings,7,149,22703.864218056835,22236.234480265633
car-price,learned embeddings,7,150,23950.466639738064,23837.67090990344
car-price,learned embeddings,7,151,23317.70339425485,23034.530999663235
car-price,learned embeddings,7,152,23661.03153224649,24152.648940038976
car-price,learned embeddings,7,153,20984.68659709543,21333.006597772226
car-price,learned embeddings,7,154,24743.13791168151,25306.206854254735
car-price,learned embeddings,7,155,25412.43057027968,25480.86723096821
car-price,learned embeddings,7,156,20121.94576950981,20037.97905335103
car-price,learned embeddings,7,157,30488.226388238127,28696.724050560795
car-price,learned embeddings,7,158,23803.23369496929,24881.964842389272
car-price,learned embeddings,7,159,24333.921367540708,25131.089817673095
car-price,learned embeddings,7,160,22179.96163925341,22075.03280064181
car-price,learned embeddings,7,161,28396.933642392163,27328.8676292072
car-price,learned embeddings,7,162,23756.475184582945,23980.20763376003
car-price,learned embeddings,7,163,23578.87086770982,23806.43169515203
car-price,learned embeddings,7,164,27873.22492341069,27740.98920515391
car-price,learned embeddings,7,165,23407.448525158645,24040.3631338963
car-price,learned embeddings,7,166,24611.834978947933,25315.017601754138
car-price,learned embeddings,7,167,24839.625056392862,24996.131122440467
car-price,learned embeddings,7,168,21135.54783186501,20927.174354641258
car-price,learned embeddings,7,169,20411.682436724404,20777.542857297118
car-price,learned embeddings,7,170,23006.31186692992,23047.495999440136
car-price,learned embeddings,7,171,28006.636380874283,27939.94017025803
car-price,learned embeddings,7,172,26330.46692041053,25788.7644013441
car-price,learned embeddings,7,173,20061.729558150822,19770.6617496267
car-price,learned embeddings,7,174,22164.304466967624,22339.26313350913
car-price,learned embeddings,7,175,19211.974945304224,19995.61733839703
car-price,learned embeddings,7,176,25880.554173648576,26365.97988760405
car-price,learned embeddings,7,177,20922.83574057117,20990.218743483394
car-price,learned embeddings,7,178,19000.0,18771.708455215386
car-price,learned embeddings,7,179,21588.485749181724,21357.252086237648
car-price,learned embeddings,7,180,20959.185653851,21796.562956417652
car-price,learned embeddings,7,181,19012.943134778598,19778.148890108845
car-price,learned embeddings,7,182,19000.0,18701.748698211617
car-price,learned embeddings,7,183,19994.105986928716,20041.41926735555
car-price,learned embeddings,7,184,23144.85462634716,22841.71309113166
car-price,learned embeddings,7,185,27336.757356148017,25963.461693213478
car-price,learned embeddings,7,186,22634.105795462223,22804.143957622626
car-price,learned embeddings,7,187,26034.354419052048,26353.033128781775
car-price,learned embeddings,7,188,24805.713947539705,24768.508955388694
car-price,learned embeddings,7,189,19101.22833368997,19124.631458702024
car-price,learned embeddings,7,190,21762.71546915437,21411.175192339655
car-price,learned embeddings,7,191,23612.047223904505,24071.266497219898
car-price,learned embeddings,7,192,20501.2576411176,21042.994440313327
car-price,learned embeddings,7,193,20235.45428525396,19651.533348844143
car-price,learned embeddings,7,194,26267.941144506178,26943.520236338885
car-price,learned embeddings,7,195,22383.014246086008,21822.64642105919
car-price,learned embeddings,7,196,22088.593829840032,21669.75364239464
car-price,learned embeddings,7,197,23672.15334203128,24381.167957638092
car-price,learned embeddings,7,198,22723.76715977629,23492.966003815567
car-price,learned embeddings,7,199,22406.66275103188,21900.37407489956
car-price,learned embeddings,7,200,24858.37919916747,25636.480609763417
car-price,learned embeddings,7,201,25684.863453387537,26857.67746159526
car-price,learned embeddings,7,202,20262.896220048955,20659.49887873971
car-price,learned embeddings,7,203,21661.470382146446,21358.04648485257
car-price,learned embeddings,7,204,25198.13170044328,26032.83728172783
car-price,learned embeddings,7,205,31521.58061245126,29396.917659929495
car-price,learned embeddings,7,206,19000.0,18762.848536923317
car-price,learned embeddings,7,207,21821.103175526143,21718.313042950682
car-price,learned embeddings,7,208,21859.032687355128,21655.51886604832
car-price,learned embeddings,7,209,19347.662460677297,19817.46039229891
car-price,learned embeddings,7,210,25111.593633260512,24387.121362066493
car-price,learned embeddings,7,211,19636.48008873601,19870.09204734137
car-price,learned embeddings,7,212,21738.33699821229,21775.2866643484
car-price,learned embeddings,7,213,22819.19166546365,23398.78293794294
car-price,learned embeddings,7,214,19671.54956985856,19489.43031770085
car-price,learned embeddings,7,215,23233.771664678206,23704.095882016147
car-price,learned embeddings,7,216,20575.065579992795,20681.124804778585
car-price,learned embeddings,7,217,21659.22065087945,21836.26214050805
car-price,learned embeddings,7,218,20976.580384540863,21175.222087862185
car-price,learned embeddings,7,219,19245.14172817437,19688.30225034633
car-price,learned embeddings,7,220,25816.16399278998,25892.863364349265
car-price,learned embeddings,7,221,30536.160024211807,28779.934559686117
car-price,learned embeddings,7,222,23122.259187100728,22334.001335474073
car-price,learned embeddings,7,223,19000.0,19230.769415881863
car-price,learned embeddings,7,224,22242.83923483463,22886.065785199076
car-price,learned embeddings,7,225,24235.2754381455,23488.888539947664
car-price,learned embeddings,7,226,21337.757986138044,21309.41864218607
car-price,learned embeddings,7,227,19590.76267739343,19332.18563981263
car-price,learned embeddings,7,228,19000.0,18562.468735567625
car-price,learned embeddings,7,229,20376.80202876153,20894.64708002944
car-price,learned embeddings,7,230,23630.04268070928,23215.355893874774
car-price,learned embeddings,7,231,29292.941772755603,28234.648977145545
car-price,learned embeddings,7,232,25657.26595206876,25291.94718674061
car-price,learned embeddings,7,233,20232.7905077006,19854.312507635164
car-price,learned embeddings,7,234,29338.963137152343,28469.70370880119
car-price,learned embeddings,7,235,25796.09112455994,26136.849548669234
car-price,learned embeddings,7,236,20264.71275838049,20321.291135574847
car-price,learned embeddings,7,237,29228.38884537982,28116.469345410624
car-price,learned embeddings,7,238,29561.50463941801,28573.122149763432
car-price,learned embeddings,7,239,25663.30911318487,24976.73360721646
car-price,learned embeddings,7,240,24079.06271495785,25613.85008267867
car-price,learned embeddings,7,241,23966.53307164796,23393.606251537916
car-price,learned embeddings,7,242,19000.0,19183.581386641847
car-price,learned embeddings,7,243,22998.179327732865,23406.996583251912
car-price,learned embeddings,7,244,22683.7985298202,21996.832136440164
car-price,learned embeddings,7,245,23086.024153715392,22938.07258417966
car-price,learned embeddings,7,246,19694.80078183601,19766.042636405287
car-price,learned embeddings,7,247,33598.609104732066,29368.39082194368
car-price,learned embeddings,7,248,21181.82049603093,20887.97238625324
car-price,learned embeddings,7,249,20128.29288368008,19902.049394213333
car-price,learned embeddings,7,250,22290.70585753653,22132.224481596848
car-price,learned embeddings,7,251,27144.38857950249,28026.78274447706
car-price,learned embeddings,7,252,29974.17476038676,28822.15251335801
car-price,learned embeddings,7,253,26308.003114376534,26125.261065317893
car-price,learned embeddings,7,254,21866.143274157497,21413.19689168866
car-price,learned embeddings,7,255,26678.69660056685,25250.49267268285
car-price,learned embeddings,7,256,20118.82725904078,20107.777796597147
car-price,learned embeddings,7,257,24173.197215163407,25911.93439308832
car-price,learned embeddings,7,258,24394.915411518603,23914.157961872526
car-price,learned embeddings,7,259,32486.51189284317,29009.428627227586
car-price,learned embeddings,7,260,19000.0,18938.658359803925
car-price,learned embeddings,7,261,27046.197383022947,25869.365047554333
car-price,learned embeddings,7,262,25575.56959377229,24910.3861641066
car-price,learned embeddings,7,263,22816.585327857538,23269.77534227554
car-price,learned embeddings,7,264,19836.82344472368,19779.280694467532
car-price,learned embeddings,7,265,21139.86779456385,21062.370052509155
car-price,learned embeddings,7,266,24020.483542095262,23721.30600853751
car-price,learned embeddings,7,267,27268.456472214675,27239.510962356973
car-price,learned embeddings,7,268,22721.01722230206,22355.972762238845
car-price,learned embeddings,7,269,24494.46602008288,24931.586735712975
car-price,learned embeddings,7,270,23852.115090072475,24801.885749606015
car-price,learned embeddings,7,271,21267.87989698668,20996.926108236014
car-price,learned embeddings,7,272,23234.86063034468,22908.58028977452
car-price,learned embeddings,7,273,20810.79912347511,20884.66571610701
car-price,learned embeddings,7,274,19241.654644710536,19467.750744829133
car-price,learned embeddings,7,275,19926.257442579907,20048.30146727368
car-price,learned embeddings,7,276,19000.0,19060.008457751577
car-price,learned embeddings,7,277,20872.52074011807,21045.08173199191
car-price,learned embeddings,7,278,22354.660452128537,21784.114634518693
car-price,learned embeddings,7,279,23484.74115416653,23289.13546108461
car-price,learned embeddings,7,280,35772.682387878696,29413.070854610924
car-price,learned embeddings,7,281,21714.15956708556,21975.947204432163
car-price,learned embeddings,7,282,24997.379084831515,24860.545655700025
car-price,learned embeddings,7,283,23601.107307285987,23363.372312321088
car-price,learned embeddings,7,284,22527.96155962076,23198.86682466536
car-price,learned embeddings,7,285,21879.09119559836,21876.430038744144
car-price,learned embeddings,7,286,20665.961903172567,20533.996670602268
car-price,learned embeddings,7,287,21683.80973496142,21844.760653288722
car-price,learned embeddings,7,288,21949.189471214155,22660.686060507236
car-price,learned embeddings,7,289,23938.102691094165,23486.850073393438
car-price,learned embeddings,7,290,21619.96044693936,22830.714562880275
car-price,learned embeddings,7,291,20272.309191403285,20844.33067918462
car-price,learned embeddings,7,292,23345.889655032865,23498.792180013188
car-price,learned embeddings,7,293,20641.762932065623,20454.816155206456
car-price,learned embeddings,7,294,20879.79886009989,20949.559978914876
car-price,learned embeddings,7,295,21132.905594291864,21233.18075699255
car-price,learned embeddings,7,296,21460.73212652149,21100.75219941426
car-price,learned embeddings,7,297,21018.746092478967,21107.172795522474
car-price,learned embeddings,7,298,24752.55088303584,25398.061379968887
car-price,learned embeddings,7,299,31188.66107156615,28991.312727973596
car-price,learned embeddings,7,300,25636.221391397867,25761.62577071908
car-price,learned embeddings,7,301,20357.43758654748,20337.616362489127
car-price,learned embeddings,7,302,21583.10554079003,21426.92498813464
car-price,learned embeddings,7,303,22944.32698386209,22887.178979417968
car-price,learned embeddings,7,304,19773.06031662248,20041.247242629357
car-price,learned embeddings,7,305,29706.82770594097,28566.58280062316
car-price,learned embeddings,7,306,23070.85043431889,23424.23675206262
car-price,learned embeddings,7,307,23895.695256711417,23748.446924200583
car-price,learned embeddings,7,308,31881.824814905754,29193.7170698216
car-price,learned embeddings,7,309,25474.13304027356,26469.12684126218
car-price,learned embeddings,7,310,22270.70718257168,22285.25557983663
car-price,learned embeddings,7,311,24990.077031538334,25766.71208773476
car-price,learned embeddings,7,312,19000.0,17665.58691135397
car-price,learned embeddings,7,313,22182.678070091748,21898.013996160757
car-price,learned embeddings,7,314,26129.56113160613,25868.205494114693
car-price,learned embeddings,7,315,24959.255713180588,25673.81817715432
car-price,learned embeddings,7,316,25564.48368395453,25268.63270534372
car-price,learned embeddings,7,317,21834.60156312808,21521.441561880885
car-price,learned embeddings,7,318,26335.57668238396,25124.355760188057
car-price,learned embeddings,7,319,27586.88917973906,26593.23812912713
car-price,learned embeddings,7,320,25621.72737804373,26633.696286246348
car-price,learned embeddings,7,321,24223.17954258873,24403.314529816827
car-price,learned embeddings,7,322,23882.840675184823,23837.102558474144
car-price,learned embeddings,7,323,21046.16648729375,20660.66141128693
car-price,learned embeddings,7,324,20398.70100864765,20167.23822245341
car-price,learned embeddings,7,325,21447.91583829306,21531.932597227817
car-price,learned embeddings,7,326,21569.21704021308,21251.90045899948
car-price,learned embeddings,7,327,19000.0,19029.05831036653
car-price,learned embeddings,7,328,20949.10254977884,21468.14162986394
car-price,learned embeddings,7,329,24145.86776693176,24846.08687303316
car-price,learned embeddings,7,330,27515.029412407835,25898.66717810551
car-price,learned embeddings,7,331,19000.0,18934.305853960126
car-price,learned embeddings,7,332,21665.282958644653,21295.867378940566
car-price,learned embeddings,7,333,20643.25637069392,20915.10284670835
car-price,learned embeddings,7,334,27100.332139967664,26449.948443389436
car-price,learned embeddings,7,335,24299.794858885387,24678.38984053345
car-price,learned embeddings,7,336,22985.595192624536,23489.986249061854
car-price,learned embeddings,7,337,24443.34925369952,23827.85170296113
car-price,learned embeddings,7,338,34181.07888974239,29396.721408311358
car-price,learned embeddings,7,339,27208.766793705407,27937.328929695683
car-price,learned embeddings,7,340,20799.471487212704,19663.83202382967
car-price,learned embeddings,7,341,19000.0,18629.348835289584
car-price,learned embeddings,7,342,19000.0,18967.50768561736
car-price,learned embeddings,7,343,22056.173766284035,21969.57663751361
car-price,learned embeddings,7,344,19228.08206384341,19317.754417059943
car-price,learned embeddings,7,345,26040.81401978567,24914.258913020945
car-price,learned embeddings,7,346,22406.61249107804,23039.5183649877
car-price,learned embeddings,7,347,25271.867839384417,24426.529511297034
car-price,learned embeddings,7,348,23276.29637228657,22658.416927983788
car-price,learned embeddings,7,349,30000.03470330146,28764.897183722132
car-price,learned embeddings,7,350,26777.835556175887,25618.662895019843
car-price,learned embeddings,7,351,22583.671128452366,23127.24796799179
car-price,learned embeddings,7,352,19000.0,18869.965999728025
car-price,learned embeddings,7,353,26095.68113605772,26166.704199661475
car-price,learned embeddings,7,354,21006.461123762525,20608.490769314318
car-price,learned embeddings,7,355,24209.422675224203,24071.955220140997
car-price,learned embeddings,7,356,20702.993915825893,20710.554223834908
car-price,learned embeddings,7,357,24210.50206756613,23587.955575828215
car-price,learned embeddings,7,358,23238.307027179213,23454.683665128963
car-price,learned embeddings,7,359,23325.63489363656,23776.68464801406
car-price,learned embeddings,7,360,24262.61445970169,24514.232597738468
car-price,learned embeddings,7,361,20733.71950093824,20161.507325459585
car-price,learned embeddings,7,362,22831.423980895124,22619.337102370187
car-price,learned embeddings,7,363,22572.24775894456,23291.467754277248
car-price,learned embeddings,7,364,24925.07415790916,24931.68184616483
car-price,learned embeddings,7,365,24222.37777665847,25031.19920693768
car-price,learned embeddings,7,366,20527.108010707765,20507.536571736764
car-price,learned embeddings,7,367,23026.0736021124,23448.018625499724
car-price,learned embeddings,7,368,21105.71256593491,20223.614585921656
car-price,learned embeddings,7,369,23845.162463125023,24274.277997864046
car-price,learned embeddings,7,370,21855.79690366048,22119.943099574455
car-price,learned embeddings,7,371,23074.071858026728,23675.718562762588
car-price,learned embeddings,7,372,19945.937804503792,20471.170549658178
car-price,learned embeddings,7,373,22125.207009544712,22613.55642867542
car-price,learned embeddings,7,374,20611.381986636727,20474.236013114496
car-price,learned embeddings,7,375,28409.029537948933,28580.807797798512
car-price,learned embeddings,7,376,27371.632977448626,26603.181986531108
car-price,learned embeddings,7,377,22289.61449853893,21899.99811612336
car-price,learned embeddings,7,378,22728.73810854388,22537.166301778583
car-price,learned embeddings,7,379,27312.37649187481,25584.94338777622
car-price,learned embeddings,7,380,29853.12246490479,28808.164567411273
car-price,learned embeddings,7,381,19974.49742493888,20183.478194957814
car-price,learned embeddings,7,382,24875.94385636793,26697.299572707463
car-price,learned embeddings,7,383,24086.247495025407,23980.802267938852
car-price,learned embeddings,7,384,30152.559303209928,29019.833096800816
car-price,learned embeddings,7,385,24868.28280340449,23829.874310579777
car-price,learned embeddings,7,386,19313.59339196922,19369.834878854097
car-price,learned embeddings,7,387,26487.019496619363,25620.642029434905
car-price,learned embeddings,7,388,27318.493846256108,27382.92519959471
car-price,learned embeddings,7,389,24659.37610861546,26057.304156586506
car-price,learned embeddings,7,390,20656.22104545273,20940.67076039414
car-price,learned embeddings,7,391,29037.2957142293,27157.076032920246
car-price,learned embeddings,7,392,19270.48471156389,19300.94080864558
car-price,learned embeddings,7,393,26984.57149962539,27580.1500149101
car-price,learned embeddings,7,394,32182.02751917412,29181.21857486083
car-price,learned embeddings,7,395,21256.131034444494,20812.309292842954
car-price,learned embeddings,7,396,25563.27744506244,25994.159498220408
car-price,learned embeddings,7,397,23935.386260255837,23575.158721152708
car-price,learned embeddings,7,398,23674.541886504103,23870.817849628496
car-price,learned embeddings,7,399,24810.58676973076,24600.702026416297
car-price,learned embeddings,7,400,28776.59015368341,27519.849646247916
car-price,learned embeddings,7,401,21765.78371966956,21197.6910834478
car-price,learned embeddings,7,402,27506.22913382409,26774.63604314209
car-price,learned embeddings,7,403,19000.0,19210.751638821534
car-price,learned embeddings,7,404,21645.461390183795,22191.807673175026
car-price,learned embeddings,7,405,21128.7890647395,20266.88453296684
car-price,learned embeddings,7,406,23275.047053434057,22762.837171371713
car-price,learned embeddings,7,407,21460.686653229925,21004.577121637212
car-price,learned embeddings,7,408,21415.41440147847,21724.15493705112
car-price,learned embeddings,7,409,25796.809123900468,26011.891047817007
car-price,learned embeddings,7,410,19611.37883179114,19866.41598068743
car-price,learned embeddings,7,411,22100.85965190739,22321.54412521135
car-price,learned embeddings,7,412,29655.509899742272,28618.74846833545
car-price,learned embeddings,7,413,29862.71254276312,28821.272913971065
car-price,learned embeddings,7,414,22300.14276220221,21876.13794549016
car-price,learned embeddings,7,415,30177.394900398805,28972.710770425816
car-price,learned embeddings,7,416,19000.0,18925.04430675466
car-price,learned embeddings,7,417,21703.047330625315,21705.57818999645
car-price,learned embeddings,7,418,22615.42345262167,23213.230470306124
car-price,learned embeddings,7,419,25567.176181481515,25571.892365945427
car-price,learned embeddings,7,420,21862.68730399842,21161.251606593672
car-price,learned embeddings,7,421,31707.03984210977,28974.423973070665
car-price,learned embeddings,7,422,22275.69488465721,22576.707047506257
car-price,learned embeddings,7,423,24842.54013371541,24794.885190704783
car-price,learned embeddings,7,424,22977.778573137315,23083.308468248684
car-price,learned embeddings,7,425,21802.169532916407,21799.494229903794
car-price,learned embeddings,7,426,24117.253099880563,24720.201797520367
car-price,learned embeddings,7,427,28570.971895874,28251.13348655947
car-price,learned embeddings,7,428,22881.545121526284,23669.983968234355
car-price,learned embeddings,7,429,19034.63868151823,19280.206401830856
car-price,learned embeddings,7,430,26355.312090923955,26067.14706470108
car-price,learned embeddings,7,431,25912.96227054889,26084.754258044086
car-price,learned embeddings,7,432,22109.490003980543,21177.48407320494
car-price,learned embeddings,7,433,19158.96026733073,19483.408890640232
car-price,learned embeddings,7,434,20593.539703024595,20620.031332822306
car-price,learned embeddings,7,435,28758.752656733544,28622.67906256586
car-price,learned embeddings,7,436,21346.213625038334,22021.64302097614
car-price,learned embeddings,7,437,23138.30168569927,23476.68278385787
car-price,learned embeddings,7,438,20495.973165971314,20728.299186569173
car-price,learned embeddings,7,439,27116.207105386748,26522.87506905558
car-price,learned embeddings,7,440,25326.450149251395,26605.719280023724
car-price,learned embeddings,7,441,25571.91737046013,25609.233564284645
car-price,learned embeddings,7,442,24199.772764087505,24285.46236608393
car-price,learned embeddings,7,443,21585.460578626968,21404.070127358915
car-price,learned embeddings,7,444,23744.41758232433,23877.967425083312
car-price,learned embeddings,7,445,21082.02576769088,21763.161829685374
car-price,learned embeddings,7,446,24021.80944754411,24608.304892643886
car-price,learned embeddings,7,447,23541.913048321683,24369.428197915062
car-price,learned embeddings,7,448,21196.93438214906,21655.10580467109
car-price,learned embeddings,7,449,25309.48143150357,25077.913606834387
car-price,learned embeddings,7,450,30546.027728481808,28564.56680318047
car-price,learned embeddings,7,451,19000.0,19241.226539235056
car-price,learned embeddings,7,452,25593.98149019458,25693.07092800219
car-price,learned embeddings,7,453,26939.52182766949,26569.96577973564
car-price,learned embeddings,7,454,22085.858252352617,21694.96117117846
car-price,learned embeddings,7,455,19739.68052728131,19648.872148524806
car-price,learned embeddings,7,456,19932.98509640066,19936.01642207755
car-price,learned embeddings,7,457,27125.684696681725,27130.72266857793
car-price,learned embeddings,7,458,21102.519862200697,20909.458564935907
car-price,learned embeddings,7,459,22451.90867614085,23085.069728402428
car-price,learned embeddings,7,460,24694.95536926978,23030.35738288737
car-price,learned embeddings,7,461,20338.013311055045,20564.923012145035
car-price,learned embeddings,7,462,21873.93117367109,22422.55142297889
car-price,learned embeddings,7,463,22238.705951964323,23203.181623698216
car-price,learned embeddings,7,464,21457.29530301149,21537.251923978703
car-price,learned embeddings,7,465,20743.012805735816,20865.174973868838
car-price,learned embeddings,7,466,19955.60925562071,20185.942270910924
car-price,learned embeddings,7,467,21134.037639918763,21769.161117887757
car-price,learned embeddings,7,468,26233.685395969565,26054.794312788184
car-price,learned embeddings,7,469,29679.431244437543,28462.292238003804
car-price,learned embeddings,7,470,27944.974597509696,27482.369760494643
car-price,learned embeddings,7,471,20899.91959495264,21330.036333214455
car-price,learned embeddings,7,472,21113.866645112183,20369.373666765474
car-price,learned embeddings,7,473,23667.90996592876,23961.30138380663
car-price,learned embeddings,7,474,22889.50055421934,23447.75027431355
car-price,learned embeddings,7,475,23315.41776302084,23507.556572937225
car-price,learned embeddings,7,476,20583.3584723759,20866.2097753551
car-price,learned embeddings,7,477,24607.0387433532,25536.967929660168
car-price,learned embeddings,7,478,22210.6010644449,22064.90846374307
car-price,learned embeddings,7,479,19824.421202781617,19878.31828837656
car-price,learned embeddings,7,480,23080.840198476777,22717.704944867244
car-price,learned embeddings,7,481,19052.591058362577,19204.981153068267
car-price,learned embeddings,7,482,27153.37793124591,26143.15683948651
car-price,learned embeddings,7,483,20383.529682582284,19922.08445493685
car-price,learned embeddings,7,484,21124.758695108,22144.259248320748
car-price,learned embeddings,7,485,21455.27533153348,21194.25453200144
car-price,learned embeddings,7,486,19065.278106709717,19620.14665218679
car-price,learned embeddings,7,487,29346.281943763464,28567.699833431318
car-price,learned embeddings,7,488,29677.25809976688,28917.362578354518
car-price,learned embeddings,7,489,23412.505633847097,24301.05497503552
car-price,learned embeddings,7,490,27121.37430730741,27112.797337464173
car-price,learned embeddings,7,491,22648.74819534673,22494.43366388014
car-price,learned embeddings,7,492,19000.0,19135.450614425907
car-price,learned embeddings,7,493,30420.286897306185,28998.170546474605
car-price,learned embeddings,7,494,33051.01972768461,29391.731450223586
car-price,learned embeddings,7,495,20468.643717739666,19767.927858385614
car-price,learned embeddings,7,496,19000.0,18320.879239595735
car-price,learned embeddings,7,497,24641.25619859165,25395.179074057087
car-price,learned embeddings,7,498,20549.05725054772,20548.08217872723
car-price,learned embeddings,7,499,20617.178634645927,20586.783718944727
car-price,learned embeddings,7,500,24268.23160787576,23653.78109024348
car-price,learned embeddings,7,501,22137.965857825904,22221.945501557362
car-price,learned embeddings,7,502,23695.3279674124,24356.277086063805
car-price,learned embeddings,7,503,21337.74601948237,21766.54530796885
car-price,learned embeddings,7,504,23759.8545681457,24275.667080154642
car-price,learned embeddings,7,505,27462.680080489903,27952.17361724652
car-price,learned embeddings,7,506,19997.55717042552,19969.889052524184
car-price,learned embeddings,7,507,24633.930211987128,24957.303540032117
car-price,learned embeddings,7,508,24402.04993163232,24416.747189395704
car-price,learned embeddings,7,509,29237.263317228757,27833.291531273404
car-price,learned embeddings,7,510,26564.86259178833,26331.025670655694
car-price,learned embeddings,7,511,22053.41425548527,21970.77097813054
car-price,learned embeddings,7,512,26216.479738439368,26432.271214176075
car-price,learned embeddings,7,513,19000.0,18757.767158562387
car-price,learned embeddings,7,514,20045.47644641239,20938.513945845516
car-price,learned embeddings,7,515,24611.049966335624,26307.681700049077
car-price,learned embeddings,7,516,26713.316135436,26481.75179110583
car-price,learned embeddings,7,517,21082.44460063952,21046.366322081052
car-price,learned embeddings,7,518,19208.382555270447,19385.118462853803
car-price,learned embeddings,7,519,21867.74680601801,21248.88069010311
car-price,learned embeddings,7,520,20901.11865385132,21000.450836212272
car-price,learned embeddings,7,521,22625.99240291425,22493.060693471714
car-price,learned embeddings,7,522,24611.73924570253,24373.658509193603
car-price,learned embeddings,7,523,22697.44769728365,22703.409722255557
car-price,learned embeddings,7,524,19000.0,19377.244156056528
car-price,learned embeddings,7,525,29079.75580189702,28584.406045430223
car-price,learned embeddings,7,526,31045.671502899902,28657.50475730418
car-price,learned embeddings,7,527,24346.756802418226,25083.19984647374
car-price,learned embeddings,7,528,23527.92881449932,22762.533243384707
car-price,learned embeddings,7,529,19552.81880557764,19654.813492906826
car-price,learned embeddings,7,530,19444.43201846259,19426.77974983905
car-price,learned embeddings,7,531,22938.66436239646,22942.951541137183
car-price,learned embeddings,7,532,22635.570514116906,22503.72486850796
car-price,learned embeddings,7,533,23767.8267541567,24739.82479287987
car-price,learned embeddings,7,534,25048.002825001044,24621.615562646813
car-price,learned embeddings,7,535,20049.11670306887,20081.273177266223
car-price,learned embeddings,7,536,20829.55087291858,21014.234996261555
car-price,learned embeddings,7,537,26959.563582594783,28144.424367471216
car-price,learned embeddings,7,538,23460.108990124136,24200.608698276606
car-price,learned embeddings,7,539,30525.136341003563,28772.771617641512
car-price,learned embeddings,7,540,21304.265710233525,20868.936324984126
car-price,learned embeddings,7,541,20751.65751779578,20532.371287921957
car-price,learned embeddings,7,542,20836.88164618537,21326.17153968796
car-price,learned embeddings,7,543,22182.54643687932,22409.083067380787
car-price,learned embeddings,7,544,25578.137638080247,25802.98425091433
car-price,learned embeddings,7,545,19000.0,18150.855963924812
car-price,learned embeddings,7,546,21175.021042276127,21008.183277439588
car-price,learned embeddings,7,547,23396.27645542002,23074.57020244184
car-price,learned embeddings,7,548,21540.757939685664,21539.758008042125
car-price,learned embeddings,7,549,20227.9894854436,20514.559262634073
car-price,learned embeddings,7,550,23728.403803699417,24203.263095883813
car-price,learned embeddings,7,551,24392.840393424474,24708.039587036947
car-price,learned embeddings,7,552,24754.530167884564,23802.209025955468
car-price,learned embeddings,7,553,23231.699039915216,22893.029595792636
car-price,learned embeddings,7,554,21811.43411774036,22279.347798394665
car-price,learned embeddings,7,555,22704.08919118353,23437.51049908848
car-price,learned embeddings,7,556,32243.729989168,29094.849964282024
car-price,learned embeddings,7,557,25765.296132844676,26339.2637529645
car-price,learned embeddings,7,558,19955.78396879357,19957.28476242622
car-price,learned embeddings,7,559,20844.85143886524,20318.965566994706
car-price,learned embeddings,7,560,19647.726351739828,18536.69264330931
car-price,learned embeddings,7,561,26809.798493485083,26937.071237699107
car-price,learned embeddings,7,562,19000.0,18798.098179027125
car-price,learned embeddings,7,563,23794.87139598327,24096.69342892804
car-price,learned embeddings,7,564,23572.91865317684,23901.024580767116
car-price,learned embeddings,7,565,19594.32634745359,20170.200465317423
car-price,learned embeddings,7,566,25651.45015741048,25061.535732662145
car-price,learned embeddings,7,567,19143.07572858711,19368.911227490273
car-price,learned embeddings,7,568,21879.342495367546,21891.060552775518
car-price,learned embeddings,7,569,24121.125509657148,24595.494011222567
car-price,learned embeddings,7,570,23961.119356620373,23893.57186064493
car-price,learned embeddings,7,571,22663.495901801187,21817.256610102424
car-price,learned embeddings,7,572,21843.294141810744,21848.30267635132
car-price,learned embeddings,7,573,26434.543318151274,25224.185088017053
car-price,learned embeddings,7,574,25137.01320324636,25556.239926872542
car-price,learned embeddings,7,575,19890.828961787098,20052.221553749587
car-price,learned embeddings,7,576,26242.308568049317,27167.489812752356
car-price,learned embeddings,7,577,21281.088691521265,21031.618326966396
car-price,learned embeddings,7,578,21007.62428269418,21054.999195100594
car-price,learned embeddings,7,579,27064.88929918804,27093.049225290233
car-price,learned embeddings,7,580,22737.76336025432,23114.678999351316
car-price,learned embeddings,7,581,21865.719654546585,21344.42358603154
car-price,learned embeddings,7,582,21056.90536409692,21330.605940941317
car-price,learned embeddings,7,583,26978.884944848403,26809.02854050316
car-price,learned embeddings,7,584,23900.888785274576,24333.198490378498
car-price,learned embeddings,7,585,25326.6344357488,26109.51893315026
car-price,learned embeddings,7,586,31614.36766722776,28584.269739917356
car-price,learned embeddings,7,587,20702.778516023733,20372.268451056425
car-price,learned embeddings,7,588,22967.123462923875,23364.776120605078
car-price,learned embeddings,7,589,24683.76654621321,26143.630570985595
car-price,learned embeddings,7,590,26664.74587338038,27047.14659110028
car-price,learned embeddings,7,591,27973.6036245477,28478.63804559866
car-price,learned embeddings,7,592,21385.605462190862,20572.200794000073
car-price,learned embeddings,7,593,21552.11908258396,21112.64895340293
car-price,learned embeddings,7,594,23110.27099144504,23356.91142527163
car-price,learned embeddings,7,595,22738.048166659395,22857.185329977143
car-price,learned embeddings,7,596,22033.8439867936,22190.812954065907
car-price,learned embeddings,7,597,21588.009476285843,21678.559505368303
car-price,learned embeddings,7,598,21395.284093301187,20859.424800653687
car-price,learned embeddings,7,599,19832.58964194569,20054.478341327514
car-price,learned embeddings,7,600,25694.510971193107,25245.749023398075
car-price,learned embeddings,7,601,31037.14406406556,29209.75861242177
car-price,learned embeddings,7,602,22808.792641681663,22753.048388264466
car-price,learned embeddings,7,603,21858.747880950054,21967.209101548782
car-price,learned embeddings,7,604,19158.634774296363,19104.068225762607
car-price,learned embeddings,7,605,26552.271276686595,25640.026076881546
car-price,learned embeddings,7,606,22478.972464616505,22454.1589766042
car-price,learned embeddings,7,607,21008.938221487348,21422.42970214808
car-price,learned embeddings,7,608,24487.649813010124,24461.12511302389
car-price,learned embeddings,7,609,24665.388156426816,24752.026254897562
car-price,learned embeddings,7,610,20001.81251318372,19286.698455476013
car-price,learned embeddings,7,611,19898.42539480989,20120.381181370318
car-price,learned embeddings,7,612,22871.9167503698,22205.547822099168
car-price,learned embeddings,7,613,19960.197271406687,20374.813869689446
car-price,learned embeddings,7,614,19394.071544717925,19738.858889159244
car-price,learned embeddings,7,615,22835.913870104563,24248.594307207
car-price,learned embeddings,7,616,24197.228653090897,24419.075958274196
car-price,learned embeddings,7,617,29010.06917923646,28219.923413906647
car-price,learned embeddings,7,618,22609.353964863072,22554.583224967915
car-price,learned embeddings,7,619,37858.68826524724,29425.668649922784
car-price,learned embeddings,7,620,23459.14208434556,24543.3106068968
car-price,learned embeddings,7,621,23174.01257956602,23151.699836714834
car-price,learned embeddings,7,622,22595.45828429271,21682.488156717016
car-price,learned embeddings,7,623,24814.64825266701,24357.53147948019
car-price,learned embeddings,7,624,25893.07129548512,25149.695736466383
car-price,learned embeddings,7,625,22481.576408891488,23202.82755868676
car-price,learned embeddings,7,626,25969.617205178864,26414.958487437027
car-price,learned embeddings,7,627,23146.745357943884,22971.239290928163
car-price,learned embeddings,7,628,23807.19465799788,24241.93487178422
car-price,learned embeddings,7,629,23717.84203340024,23976.502937535297
car-price,learned embeddings,7,630,22670.47724872226,23147.615372025866
car-price,learned embeddings,7,631,31244.353887079807,29337.373424667392
car-price,learned embeddings,7,632,25072.917402117386,24400.056419807253
car-price,learned embeddings,7,633,19305.53504603736,19345.336092394256
car-price,learned embeddings,7,634,25878.62514875369,26606.937266852434
car-price,learned embeddings,7,635,21590.654107190123,21766.711381793502
car-price,learned embeddings,7,636,21100.87325037975,21852.78311621094
car-price,learned embeddings,7,637,24667.544547779537,24479.141655572384
car-price,learned embeddings,7,638,26698.53252901452,26071.79639693903
car-price,learned embeddings,7,639,25493.404142573345,26147.27110997995
car-price,learned embeddings,7,640,24252.57204225883,24115.706503172056
car-price,learned embeddings,7,641,23088.36722489665,23233.296904777155
car-price,learned embeddings,7,642,22018.576927482827,20950.139407245355
car-price,learned embeddings,7,643,31628.064701313902,28967.7651569625
car-price,learned embeddings,7,644,23960.449223902546,23995.009259176255
car-price,learned embeddings,7,645,23573.5911792258,25056.134576500823
car-price,learned embeddings,7,646,21311.017297365623,21575.63515653106
car-price,learned embeddings,7,647,29997.85916529966,28316.465664784777
car-price,learned embeddings,7,648,22036.081751404912,21865.333236240986
car-price,learned embeddings,7,649,21124.04069576747,20519.90124721884
car-price,learned embeddings,7,650,24588.574193645945,23261.942623289644
car-price,learned embeddings,7,651,26344.21660778165,26553.145314367495
car-price,learned embeddings,7,652,27277.81679028404,27209.989330273744
car-price,learned embeddings,7,653,28823.896736899696,28657.040136111646
car-price,learned embeddings,7,654,22308.775507606497,22749.81532519517
car-price,learned embeddings,7,655,24036.85392705932,23570.549956385963
car-price,learned embeddings,7,656,21163.62160607967,21313.72759593463
car-price,learned embeddings,7,657,21478.789809935784,21893.524283113224
car-price,learned embeddings,7,658,26668.43399665956,27298.62431176338
car-price,learned embeddings,7,659,20886.54566056973,20668.643273445334
car-price,learned embeddings,7,660,19669.601398314597,20039.603525262133
car-price,learned embeddings,7,661,19000.0,18798.15196375538
car-price,learned embeddings,7,662,22675.71385724585,22808.450602871104
car-price,learned embeddings,7,663,19867.695023035267,19769.492729175643
car-price,learned embeddings,7,664,25210.69908223366,26131.78985830512
car-price,learned embeddings,7,665,21718.520216413704,21211.34171351628
car-price,learned embeddings,7,666,20150.931402886945,20038.705271576597
car-price,learned embeddings,7,667,21751.97419902006,21373.75720165225
car-price,learned embeddings,7,668,29241.410960085872,28295.085273563003
car-price,learned embeddings,7,669,24238.66200170166,22770.436690006274
car-price,learned embeddings,7,670,23928.71843971346,23271.59521817582
car-price,learned embeddings,7,671,30506.013625234154,28791.409959509467
car-price,learned embeddings,7,672,29875.2392379242,27577.309390286566
car-price,learned embeddings,7,673,22287.79078021398,22815.738950768857
car-price,learned embeddings,7,674,24231.785961350528,24877.40905255566
car-price,learned embeddings,7,675,19000.0,18199.078993886586
car-price,learned embeddings,7,676,26347.466751463115,25499.90233510721
car-price,learned embeddings,7,677,20057.569948638025,21026.263451223436
car-price,learned embeddings,7,678,19000.0,19199.65186356702
car-price,learned embeddings,7,679,24037.24882669661,24003.729791296493
car-price,learned embeddings,7,680,22620.98555417963,23020.255968301397
car-price,learned embeddings,7,681,23782.955000261634,23910.668703837408
car-price,learned embeddings,7,682,23358.179410411576,23545.25153291512
car-price,learned embeddings,7,683,28594.19678120896,26842.00600366194
car-price,learned embeddings,7,684,20035.10853593516,19835.991400031162
car-price,learned embeddings,7,685,19108.43704706888,19941.378927714177
car-price,learned embeddings,7,686,27163.21212888001,27426.1279107135
car-price,learned embeddings,7,687,23045.205891206348,23128.92434676375
car-price,learned embeddings,7,688,21148.038627059068,20939.61229586629
car-price,learned embeddings,7,689,24827.754133962797,25645.357426046205
car-price,learned embeddings,7,690,27843.88268369442,27443.658397571744
car-price,learned embeddings,7,691,27416.079529958468,26724.531776556294
car-price,learned embeddings,7,692,20895.61159890947,21468.20305365871
car-price,learned embeddings,7,693,27426.136307388137,27934.02526076203
car-price,learned embeddings,7,694,19884.323887761908,19737.503507150017
car-price,learned embeddings,7,695,19000.0,18047.768754965047
car-price,learned embeddings,7,696,21758.57261295952,22286.16951324667
car-price,learned embeddings,7,697,24834.95566734829,24437.94717350741
car-price,learned embeddings,7,698,21205.9596338595,20943.966322711247
car-price,learned embeddings,7,699,23412.31416735629,24197.70073596325
car-price,learned embeddings,7,700,22445.5495953149,22180.720135367665
car-price,learned embeddings,7,701,28200.17549644487,27809.809250890816
car-price,learned embeddings,7,702,27149.71134794694,26561.25023305878
car-price,learned embeddings,7,703,21201.536757921844,21263.537674079245
car-price,learned embeddings,7,704,28660.156987292172,28440.422007603855
car-price,learned embeddings,7,705,23244.259241712192,23504.73188481803
car-price,learned embeddings,7,706,27538.85981051997,26596.307137463253
car-price,learned embeddings,7,707,24218.29954040427,24724.28077771165
car-price,learned embeddings,7,708,22063.05698662857,22820.678945972875
car-price,learned embeddings,7,709,21209.8057169936,21532.938855572847
car-price,learned embeddings,7,710,19734.491785380425,20073.192681258508
car-price,learned embeddings,7,711,23751.059076224225,24025.029441087263
car-price,learned embeddings,7,712,21529.683996523578,21274.694293649896
car-price,learned embeddings,7,713,24808.03547874075,25165.147189592248
car-price,learned embeddings,7,714,21396.928311790994,21211.200106330565
car-price,learned embeddings,7,715,19821.417572207072,20213.04769023505
car-price,learned embeddings,7,716,21561.127580976456,21850.178097525957
car-price,learned embeddings,7,717,29569.1824456994,28187.107952507704
car-price,learned embeddings,7,718,26264.64792086429,27103.95543507282
car-price,learned embeddings,7,719,23562.811615793333,24139.706898960503
car-price,learned embeddings,7,720,28689.085180722068,28484.668270377268
car-price,learned embeddings,7,721,21672.869818342904,21440.457402666387
car-price,learned embeddings,7,722,27994.815718398047,26395.4417293266
car-price,learned embeddings,7,723,20034.88356280846,19872.859020286825
car-price,learned embeddings,7,724,20855.46825578052,21406.274895186114
car-price,learned embeddings,7,725,21480.81217474494,22124.98566011741
car-price,learned embeddings,7,726,32077.436555239336,29090.13319262455
car-price,learned embeddings,7,727,22887.521269370616,23139.51480964257
car-price,learned embeddings,7,728,19996.33417821549,19710.678579350217
car-price,learned embeddings,7,729,20800.13683326826,21123.08174227823
car-price,learned embeddings,7,730,23862.62420708668,22989.824818462872
car-price,learned embeddings,7,731,22498.370413466448,22212.74944646354
car-price,learned embeddings,7,732,20446.687297906305,20335.230743235843
car-price,learned embeddings,7,733,19020.25236806517,19786.95981056563
car-price,learned embeddings,7,734,25085.949090147973,25171.748139898315
car-price,learned embeddings,7,735,20663.94432502568,20408.380931272044
car-price,learned embeddings,7,736,27818.06821407129,28452.11479144363
car-price,learned embeddings,7,737,25755.00241563263,26525.708275866047
car-price,learned embeddings,7,738,21755.17408274768,21052.188103575965
car-price,learned embeddings,7,739,22494.498003689863,22923.87919059083
car-price,learned embeddings,7,740,33449.68407485078,29172.369871007435
car-price,learned embeddings,7,741,23794.20365659658,24428.626232953015
car-price,learned embeddings,7,742,19163.483663176063,19434.34055272
car-price,learned embeddings,7,743,29543.76048238242,28946.72120751698
car-price,learned embeddings,7,744,26099.634919092896,26567.00115956245
car-price,learned embeddings,7,745,26037.707475972315,24764.989520812407
car-price,learned embeddings,7,746,19770.0542927168,19515.861092681018
car-price,learned embeddings,7,747,27594.205593019047,27107.5228731964
car-price,learned embeddings,7,748,25484.58950400279,24945.191214682614
car-price,learned embeddings,7,749,21442.92813620752,21214.234752945613
car-price,learned embeddings,7,750,24111.181218790825,24690.113602212314
car-price,learned embeddings,7,751,21629.263325061474,21726.68276822123
car-price,learned embeddings,7,752,21337.07588676454,21962.391011116903
car-price,learned embeddings,7,753,20365.591665724747,20701.411030780066
car-price,learned embeddings,7,754,20325.97006878325,20568.72832350842
car-price,learned embeddings,7,755,23671.174469597023,24039.97336733646
car-price,learned embeddings,7,756,24253.22542165871,24376.727106459213
car-price,learned embeddings,7,757,25021.13289634733,24844.854710098956
car-price,learned embeddings,7,758,30094.444436587557,28627.920694609064
car-price,learned embeddings,7,759,23885.829945772555,24918.488737592794
car-price,learned embeddings,7,760,21850.414301937653,21343.263292380212
car-price,learned embeddings,7,761,23687.954114185177,24395.10027245136
car-price,learned embeddings,7,762,21210.19582996862,21066.448229047834
car-price,learned embeddings,7,763,23657.044242575423,24304.92571628761
car-price,learned embeddings,7,764,20844.84665220297,20843.575265926193
car-price,learned embeddings,7,765,19000.0,19012.804219698402
car-price,learned embeddings,7,766,19755.92885235747,19693.879863227765
car-price,learned embeddings,7,767,22941.469346486792,23383.167110469454
car-price,learned embeddings,7,768,19000.0,18702.462165063018
car-price,learned embeddings,7,769,24575.56404559557,25156.84445285676
car-price,learned embeddings,7,770,27218.46696479595,27250.787997789354
car-price,learned embeddings,7,771,21311.64913678529,20970.60949785736
car-price,learned embeddings,7,772,20085.646116183823,21030.755839131045
car-price,learned embeddings,7,773,22333.474684920675,23157.485554921946
car-price,learned embeddings,7,774,33979.5125415447,29336.422145480567
car-price,learned embeddings,7,775,21967.122701409426,21829.61977303875
car-price,learned embeddings,7,776,21405.003411040805,20929.38988342796
car-price,learned embeddings,7,777,23034.45026108523,22112.434135920616
car-price,learned embeddings,7,778,22166.69779810272,21456.760787090207
car-price,learned embeddings,7,779,24021.524641139036,24345.594131084577
car-price,learned embeddings,7,780,28105.423516806462,27767.140864380883
car-price,learned embeddings,7,781,22510.05704939912,22466.990171294827
car-price,learned embeddings,7,782,20592.36218410613,20228.78434894099
car-price,learned embeddings,7,783,32521.49042738258,29235.621861981195
car-price,learned embeddings,7,784,20960.087939688925,21068.236447037714
car-price,learned embeddings,7,785,24485.761474744537,24438.623079944933
car-price,learned embeddings,7,786,27324.168434377418,27635.389864009874
car-price,learned embeddings,7,787,24532.496051819537,24501.05007841567
car-price,learned embeddings,7,788,19891.5110611606,19813.000410042085
car-price,learned embeddings,7,789,25512.89543133756,24738.10244052459
car-price,learned embeddings,7,790,22235.355288375187,22113.02463620173
car-price,learned embeddings,7,791,20524.67877960564,20479.176865951173
car-price,learned embeddings,7,792,31011.808260669444,29305.969542708706
car-price,learned embeddings,7,793,22116.8112039228,22453.366638973166
car-price,learned embeddings,7,794,21309.564545366626,21733.542545890905
car-price,learned embeddings,7,795,25884.108270384197,26093.28857245299
car-price,learned embeddings,7,796,27984.91450749216,27708.651373304114
car-price,learned embeddings,7,797,23820.360372572035,23807.044725520493
car-price,learned embeddings,7,798,30831.74359938944,28988.630877289575
car-price,learned embeddings,7,799,27161.381230561663,26633.03587296392
car-price,learned embeddings,7,800,27002.10265018996,27421.91702985313
car-price,learned embeddings,7,801,23369.2150602755,23092.050043065392
car-price,learned embeddings,7,802,30465.85352878726,29087.414459950047
car-price,learned embeddings,7,803,27234.416123480223,27077.911860726203
car-price,learned embeddings,7,804,25191.62183975582,25631.566669585693
car-price,learned embeddings,7,805,20777.82380709577,21133.15689129768
car-price,learned embeddings,7,806,23628.520522107363,22906.94172750062
car-price,learned embeddings,7,807,21035.19306403934,21098.35755560425
car-price,learned embeddings,7,808,25623.450576461,25824.59964742075
car-price,learned embeddings,7,809,21081.54710146386,20599.844497012113
car-price,learned embeddings,7,810,24797.55986836244,25254.0570158213
car-price,learned embeddings,7,811,26269.57100300918,26253.41807462517
car-price,learned embeddings,7,812,26373.4822609016,27226.888300018894
car-price,learned embeddings,7,813,20377.029395219364,20433.504816412085
car-price,learned embeddings,7,814,22183.35538280298,23188.735733722042
car-price,learned embeddings,7,815,21568.60434744249,21629.676408255644
car-price,learned embeddings,7,816,33001.44187322112,29427.268310512914
car-price,learned embeddings,7,817,20772.709258460072,21282.791577326818
car-price,learned embeddings,7,818,27526.32114870321,27248.111228239144
car-price,learned embeddings,7,819,20442.08492213352,20631.381591962785
car-price,learned embeddings,7,820,19417.73919631288,19444.94545643978
car-price,learned embeddings,7,821,24712.910139445263,25000.446375938896
car-price,learned embeddings,7,822,22185.61468739451,21724.63147288991
car-price,learned embeddings,7,823,19000.0,18478.63776702941
car-price,learned embeddings,7,824,21343.09750790044,21200.744016992485
car-price,learned embeddings,7,825,23337.867209068027,23331.308251421447
car-price,learned embeddings,7,826,32189.241019215297,28941.20039439267
car-price,learned embeddings,7,827,27705.35667759513,27685.987153827253
car-price,learned embeddings,7,828,22846.389480482874,22836.398289378354
car-price,learned embeddings,7,829,20463.888168774232,20545.201602256897
car-price,learned embeddings,7,830,22216.591572276044,22132.477777698943
car-price,learned embeddings,7,831,24708.85344317128,23765.689250003117
car-price,learned embeddings,7,832,19735.33663127111,20254.17006637053
car-price,learned embeddings,7,833,24914.74214739896,25275.30901005303
car-price,learned embeddings,7,834,25230.917943662946,25268.536309528798
car-price,learned embeddings,7,835,20144.483768809,20686.96393622257
car-price,learned embeddings,7,836,23326.91771912497,23344.974626041814
car-price,learned embeddings,7,837,24358.472158324512,24475.546622889327
car-price,learned embeddings,7,838,27922.647211350395,27339.555873717196
car-price,learned embeddings,7,839,25080.454001861795,25689.39562455745
car-price,learned embeddings,7,840,20517.412626279493,19911.99793793733
car-price,learned embeddings,7,841,20535.343463143625,20776.948386921464
car-price,learned embeddings,7,842,19000.0,18582.2186404489
car-price,learned embeddings,7,843,25153.42666817084,24998.944297114158
car-price,learned embeddings,7,844,21991.352785821124,22461.762556121474
car-price,learned embeddings,7,845,19000.0,19491.568000044357
car-price,learned embeddings,7,846,32915.43751888148,29318.437583739684
car-price,learned embeddings,7,847,24131.92900640097,24997.513829753283
car-price,learned embeddings,7,848,22389.133993798445,21303.586682246227
car-price,learned embeddings,7,849,20719.74005377815,20198.016739306593
car-price,learned embeddings,7,850,21063.848417719837,21312.52831848679
car-price,learned embeddings,7,851,20691.61601960965,20440.59962969647
car-price,learned embeddings,7,852,19000.0,17709.49717755981
car-price,learned embeddings,7,853,26730.59837956252,27057.827880363147
car-price,learned embeddings,7,854,23200.46367527109,23288.44692393812
car-price,learned embeddings,7,855,19000.0,19024.739462790803
car-price,learned embeddings,7,856,25036.77331531518,25715.77144610699
car-price,learned embeddings,7,857,21218.37623578837,21286.953034206228
car-price,learned embeddings,7,858,27466.248537212326,27105.920053057256
car-price,learned embeddings,7,859,21746.78306378804,21815.25918048694
car-price,learned embeddings,7,860,22895.08419575752,22563.985351367177
car-price,learned embeddings,7,861,20724.40226282932,21117.884844140037
car-price,learned embeddings,7,862,22056.372412768247,21408.765739412724
car-price,learned embeddings,7,863,25825.99101043068,25790.14176013562
car-price,learned embeddings,7,864,24965.9809736702,26215.63765600927
car-price,learned embeddings,7,865,22904.70778025173,24157.002893482415
car-price,learned embeddings,7,866,19510.58608436775,19479.711467216493
car-price,learned embeddings,7,867,22811.892005501617,22637.335669523123
car-price,learned embeddings,7,868,21980.111309479584,21701.8523286978
car-price,learned embeddings,7,869,20968.462205330623,21365.849456675154
car-price,learned embeddings,7,870,19000.0,18783.223646572387
car-price,learned embeddings,7,871,20622.264463308005,20990.47898931704
car-price,learned embeddings,7,872,22361.25168607459,22281.62147131285
car-price,learned embeddings,7,873,24331.33417658367,24792.96984157624
car-price,learned embeddings,7,874,23038.65773722073,22864.38021928737
car-price,learned embeddings,7,875,26690.18219668417,26604.983439999356
car-price,learned embeddings,7,876,26905.54131221342,25484.585616794262
car-price,learned embeddings,7,877,26410.990546450805,26263.585537546387
car-price,learned embeddings,7,878,23468.26785596368,23628.213060772454
car-price,learned embeddings,7,879,24642.05317785964,23956.754221256284
car-price,learned embeddings,7,880,33613.93599732121,29397.758753132213
car-price,learned embeddings,7,881,19000.0,18859.94446879618
car-price,learned embeddings,7,882,20293.75583170487,19730.803263640995
car-price,learned embeddings,7,883,22720.394956206936,22470.097322171903
car-price,learned embeddings,7,884,26964.501024726484,27188.640512418788
car-price,learned embeddings,7,885,29483.48443774505,27484.623928745023
car-price,learned embeddings,7,886,20700.488098127447,20713.57651215324
car-price,learned embeddings,7,887,19929.380739711207,20145.41952162868
car-price,learned embeddings,7,888,25324.454111084724,25157.900140170685
car-price,learned embeddings,7,889,22296.445065598487,22586.290722750644
car-price,learned embeddings,7,890,21898.51547109079,22097.31848126545
car-price,learned embeddings,7,891,27752.09364800126,28391.749261591613
car-price,learned embeddings,7,892,22391.94615788218,22088.742783982103
car-price,learned embeddings,7,893,28435.88510661583,27480.351650435503
car-price,learned embeddings,7,894,23173.36398682841,23806.88579020555
car-price,learned embeddings,7,895,20973.423580773677,21064.740522099608
car-price,learned embeddings,7,896,23185.51971566356,22791.033273650868
car-price,learned embeddings,7,897,22711.03942479985,23200.415634561323
car-price,learned embeddings,7,898,21779.69376022673,22488.7492531128
car-price,learned embeddings,7,899,24993.824988095897,24857.914005243972
car-price,learned embeddings,7,900,20171.021024434933,19965.699432775815
car-price,learned embeddings,7,901,25468.719325245977,26304.294779685195
car-price,learned embeddings,7,902,24792.03606010264,23353.859834517367
car-price,learned embeddings,7,903,24017.09219187684,24786.562773674657
car-price,learned embeddings,7,904,22013.44801886032,22449.191267437618
car-price,learned embeddings,7,905,20386.59553976634,20965.270154878508
car-price,learned embeddings,7,906,29871.082021742543,27459.550169207447
car-price,learned embeddings,7,907,21000.15708955269,20725.650309794884
car-price,learned embeddings,7,908,24520.390582938227,24685.757739511602
car-price,learned embeddings,7,909,26966.29362974667,26047.31591490818
car-price,learned embeddings,7,910,22485.82935831855,22899.18745613409
car-price,learned embeddings,7,911,22529.45499824906,21923.173408467628
car-price,learned embeddings,7,912,20470.94131562936,20567.04134603154
car-price,learned embeddings,7,913,25777.91616792003,25243.5340203668
car-price,learned embeddings,7,914,20388.100945050315,20326.524638057377
car-price,learned embeddings,7,915,28366.921269958068,27420.63558574337
car-price,learned embeddings,7,916,21126.927053116397,21131.584851762902
car-price,learned embeddings,7,917,24085.21118264391,24825.835026304452
car-price,learned embeddings,7,918,23849.228732723543,23393.650873250717
car-price,learned embeddings,7,919,22256.407029039485,22072.485492813106
car-price,learned embeddings,7,920,30480.431308731124,29206.41589766692
car-price,learned embeddings,7,921,23376.20358718998,24391.703682520863
car-price,learned embeddings,7,922,25619.87493974517,26433.002277509186
car-price,learned embeddings,7,923,21558.58825664212,21271.894446410566
car-price,learned embeddings,7,924,23022.79952511959,22657.5309474432
car-price,learned embeddings,7,925,19616.22772067084,19666.026346141312
car-price,learned embeddings,7,926,19000.0,18871.603775553234
car-price,learned embeddings,7,927,20839.86852344197,20624.436930917218
car-price,learned embeddings,7,928,24572.64178827962,24219.357284174483
car-price,learned embeddings,7,929,19360.32796904422,18972.464932606723
car-price,learned embeddings,7,930,21434.474890638365,21347.294057117382
car-price,learned embeddings,7,931,35173.61245811534,29445.712782498093
car-price,learned embeddings,7,932,29381.77743782806,27915.356219624533
car-price,learned embeddings,7,933,20991.349630975536,21275.140680163313
car-price,learned embeddings,7,934,24115.132608494867,23264.960015805806
car-price,learned embeddings,7,935,24623.92848117357,26057.50296642813
car-price,learned embeddings,7,936,22321.582222510388,21993.76944960526
car-price,learned embeddings,7,937,25586.00691085244,26336.023468024287
car-price,learned embeddings,7,938,25153.6899345957,25374.358685251013
car-price,learned embeddings,7,939,26653.62645692673,26660.253380244252
car-price,learned embeddings,7,940,20808.32920574369,21391.845953319462
car-price,learned embeddings,7,941,23589.777277692447,24234.167841844373
car-price,learned embeddings,7,942,29571.482436920225,28815.47372750279
car-price,learned embeddings,7,943,24259.644335763038,24354.836936247048
car-price,learned embeddings,7,944,21677.34534756553,21872.549689485666
car-price,learned embeddings,7,945,23360.36930840019,24008.24007573748
car-price,learned embeddings,7,946,27392.44538499941,27979.91192338437
car-price,learned embeddings,7,947,20032.59314491217,20333.058715450043
car-price,learned embeddings,7,948,21778.578467917778,21701.68674970657
car-price,learned embeddings,7,949,20568.43365941745,20691.956122160445
car-price,learned embeddings,7,950,25913.85976972456,25543.471517029408
car-price,learned embeddings,7,951,25751.544052142417,26970.077590336394
car-price,learned embeddings,7,952,19445.966143720187,20303.662215387372
car-price,learned embeddings,7,953,20357.43997987861,20182.05378825505
car-price,learned embeddings,7,954,19000.0,19429.09585970874
car-price,learned embeddings,7,955,23093.156280497973,23313.869655756695
car-price,learned embeddings,7,956,23151.5200535584,23539.907741020645
car-price,learned embeddings,7,957,20076.39589134668,20054.879999636083
car-price,learned embeddings,7,958,22765.710287918824,22636.428924512416
car-price,learned embeddings,7,959,25367.17985850844,25047.939470354573
car-price,learned embeddings,7,960,25592.193671836663,24992.293318447635
car-price,learned embeddings,7,961,24665.27566986347,24738.78664833761
car-price,learned embeddings,7,962,23265.078829256385,23296.68849491633
car-price,learned embeddings,7,963,20110.58701994265,20687.516371834565
car-price,learned embeddings,7,964,26315.707247300405,26451.58815757227
car-price,learned embeddings,7,965,25680.514770715068,25862.53183310321
car-price,learned embeddings,7,966,21609.84144290018,21596.201457645704
car-price,learned embeddings,7,967,27909.60116333299,27172.54271130795
car-price,learned embeddings,7,968,25214.478152095977,24253.70573941154
car-price,learned embeddings,7,969,23252.48751415465,23248.191821003827
car-price,learned embeddings,7,970,26378.541762921188,25876.17538894972
car-price,learned embeddings,7,971,27178.409781587867,26965.60239907862
car-price,learned embeddings,7,972,25159.29511611409,25097.341826331904
car-price,learned embeddings,7,973,24441.178502359988,25191.249051456314
car-price,learned embeddings,7,974,21828.87671505293,21407.90820295121
car-price,learned embeddings,7,975,24162.735964771902,23639.077222032647
car-price,learned embeddings,7,976,25219.451494194705,26130.59362150083
car-price,learned embeddings,7,977,20450.88041405499,20743.645608617844
car-price,learned embeddings,7,978,19178.920648997428,19361.800587021167
car-price,learned embeddings,7,979,24812.422454711377,24557.00768534219
car-price,learned embeddings,7,980,22726.974223497316,22545.507544212443
car-price,learned embeddings,7,981,23555.49280918221,22979.67543288159
car-price,learned embeddings,7,982,20928.28774889692,21041.91073589943
car-price,learned embeddings,7,983,20717.181582794736,20747.266329893875
car-price,learned embeddings,7,984,36162.51294982523,29438.636824232086
car-price,learned embeddings,7,985,22650.12675408055,22027.10432957583
car-price,learned embeddings,7,986,26167.77305650905,27078.583305082284
car-price,learned embeddings,7,987,26948.64520595648,26569.611021437144
car-price,learned embeddings,7,988,23614.868961312783,24644.638636606527
car-price,learned embeddings,7,989,22904.65991362903,22206.776169300916
car-price,learned embeddings,7,990,22175.701509832947,22996.469283440096
car-price,learned embeddings,7,991,23455.576020954268,24405.106675751475
car-price,learned embeddings,7,992,25222.83327108859,25375.76231408536
car-price,learned embeddings,7,993,25606.682898528525,25055.991198836902
car-price,learned embeddings,7,994,20225.08398144559,20139.23384587299
car-price,learned embeddings,7,995,28307.20287147518,27896.832681965236
car-price,learned embeddings,7,996,26642.219840736867,26485.767786892862
car-price,learned embeddings,7,997,23285.23785740729,24012.132880543562
car-price,learned embeddings,7,998,25557.02367080644,25350.315454088628
car-price,learned embeddings,7,999,25652.716229580943,26714.66995212286
car-price,integer IDs,17,0,32879.16419219798,29770.638553445355
car-price,integer IDs,17,1,21286.861406219115,21394.00865425127
car-price,integer IDs,17,2,26059.08710300212,24700.570808724187
car-price,integer IDs,17,3,19000.0,19427.53940344789
car-price,integer IDs,17,4,24149.261510481323,24425.271564682997
car-price,integer IDs,17,5,31027.422352994803,29621.159733837223
car-price,integer IDs,17,6,26983.51604059481,27812.35552308023
car-price,integer IDs,17,7,22765.626521329097,22938.16008996403
car-price,integer IDs,17,8,20982.76953885622,20490.449595763737
car-price,integer IDs,17,9,19000.0,19094.614378894537
car-price,integer IDs,17,10,26603.782942707243,26046.67004105889
car-price,integer IDs,17,11,25267.301363578656,24291.392402036916
car-price,integer IDs,17,12,19453.11741715185,19434.22934312748
car-price,integer IDs,17,13,29793.20302660656,28958.594522095416
car-price,integer IDs,17,14,27259.328307265423,28703.785936157
car-price,integer IDs,17,15,22732.447771803272,23672.17378723603
car-price,integer IDs,17,16,23636.51424809858,22344.760586274373
car-price,integer IDs,17,17,21431.34441351366,20692.88365696445
car-price,integer IDs,17,18,19994.04615365033,19640.665927217557
car-price,integer IDs,17,19,27853.166415167456,27278.01241609085
car-price,integer IDs,17,20,21310.148518163587,21564.670358393232
car-price,integer IDs,17,21,30656.905973308483,29660.56627274414
car-price,integer IDs,17,22,24701.83380295205,25631.395554313378
car-price,integer IDs,17,23,21880.11075466191,21968.44521681563
car-price,integer IDs,17,24,20633.087106700903,20756.58814210759
car-price,integer IDs,17,25,24749.22415275806,24795.547321113187
car-price,integer IDs,17,26,22259.451346243324,20983.373434989888
car-price,integer IDs,17,27,23090.320183102885,22407.565712385942
car-price,integer IDs,17,28,28022.01114008613,26723.563270882136
car-price,integer IDs,17,29,22615.114712905244,23326.836144013512
car-price,integer IDs,17,30,22154.769435725408,21981.06175890349
car-price,integer IDs,17,31,20710.91344855192,21141.280958720472
car-price,integer IDs,17,32,24549.763935959247,25952.29659472424
car-price,integer IDs,17,33,20758.796824571764,20516.007135707754
car-price,integer IDs,17,34,21728.375954028023,21331.236595809703
car-price,integer IDs,17,35,24000.690693608038,25169.155560249907
car-price,integer IDs,17,36,22391.828884656563,21365.115896707837
car-price,integer IDs,17,37,20616.88186158517,20837.63231139492
car-price,integer IDs,17,38,21923.860847811447,21637.599249168823
car-price,integer IDs,17,39,19898.01852851692,19564.370211639995
car-price,integer IDs,17,40,22780.644674201816,22775.171386644834
car-price,integer IDs,17,41,19000.0,18885.953887518714
car-price,integer IDs,17,42,20395.53463155592,19822.54524044379
car-price,integer IDs,17,43,19000.0,18977.604468340887
car-price,integer IDs,17,44,21454.921118525483,20448.9060286465
car-price,integer IDs,17,45,22015.33157046364,21807.77044790487
car-price,integer IDs,17,46,23809.69329570292,24143.321681996284
car-price,integer IDs,17,47,23049.073514320666,22327.676037121364
car-price,integer IDs,17,48,26864.99828278491,26974.630702054135
car-price,integer IDs,17,49,26192.47941381664,26789.936019392215
car-price,integer IDs,17,50,19000.0,19164.52658793337
car-price,integer IDs,17,51,24154.849938681768,24687.099734214564
car-price,integer IDs,17,52,25795.33483192125,26053.825229878632
car-price,integer IDs,17,53,21588.753802268857,21506.75039202677
car-price,integer IDs,17,54,23387.744229923406,22812.671033994986
car-price,integer IDs,17,55,22539.698455507267,22238.418916728137
car-price,integer IDs,17,56,21310.256218064667,21361.91705458251
car-price,integer IDs,17,57,22719.04511744674,23073.755973397718
car-price,integer IDs,17,58,21411.912958027824,22297.118372842815
car-price,integer IDs,17,59,19955.87730870784,20566.649045517413
car-price,integer IDs,17,60,23001.02978511476,22326.015144677433
car-price,integer IDs,17,61,19435.308640175608,19494.933001085617
car-price,integer IDs,17,62,22303.43119918183,23439.790585942887
car-price,integer IDs,17,63,24666.785861809716,24111.49796492816
car-price,integer IDs,17,64,24364.40522620841,25225.460120630563
car-price,integer IDs,17,65,24717.99836143848,23910.53188056303
car-price,integer IDs,17,66,23731.1848544784,24051.89849858958
car-price,integer IDs,17,67,24837.298738529556,25974.75545668274
car-price,integer IDs,17,68,24332.119189195982,23666.93661912925
car-price,integer IDs,17,69,22478.776211463424,22401.32640287805
car-price,integer IDs,17,70,24914.89771392273,25387.55101950541
car-price,integer IDs,17,71,19000.0,19115.84198046053
car-price,integer IDs,17,72,20047.95593746835,20145.05447560153
car-price,integer IDs,17,73,20249.71614548799,20317.64786293116
car-price,integer IDs,17,74,25232.318042376974,24514.746953183414
car-price,integer IDs,17,75,23732.43656666205,22890.78086109278
car-price,integer IDs,17,76,24475.987110388807,23850.81497392116
car-price,integer IDs,17,77,24305.70638678908,24608.70387333246
car-price,integer IDs,17,78,24676.792379285544,23997.526672767483
car-price,integer IDs,17,79,24073.041093821957,25118.797328815846
car-price,integer IDs,17,80,26255.12724960888,26647.924547697017
car-price,integer IDs,17,81,24592.247956938318,24702.243430360402
car-price,integer IDs,17,82,21083.918892618734,20192.623740007068
car-price,integer IDs,17,83,21930.057182120207,21314.743985580528
car-price,integer IDs,17,84,19000.0,19335.39404189754
car-price,integer IDs,17,85,27522.93937180932,26373.449162278986
car-price,integer IDs,17,86,23705.016171847263,25055.919510312597
car-price,integer IDs,17,87,23596.93812444865,23529.223795256814
car-price,integer IDs,17,88,24879.050400181284,25286.15875301118
car-price,integer IDs,17,89,23240.30785200815,22608.057532313487
car-price,integer IDs,17,90,22304.290405059328,21161.574519390648
car-price,integer IDs,17,91,22313.94749618944,22064.80324554308
car-price,integer IDs,17,92,20777.60840729361,20548.003790349147
car-price,integer IDs,17,93,25431.65380595676,26382.354698162515
car-price,integer IDs,17,94,22516.497503483657,23414.38686292262
car-price,integer IDs,17,95,26598.345294368308,25945.565197892523
car-price,integer IDs,17,96,27340.82601907768,26932.961127815914
car-price,integer IDs,17,97,22130.64944454592,22476.977440010756
car-price,integer IDs,17,98,30852.68524682152,29734.34675162605
car-price,integer IDs,17,99,21911.398772591005,21854.554706306877
car-price,integer IDs,17,100,24446.489304148763,24770.327919601903
car-price,integer IDs,17,101,32705.027812139608,29273.650031785804
car-price,integer IDs,17,102,19000.0,18724.878874354803
car-price,integer IDs,17,103,25046.904286010034,25252.925041526498
car-price,integer IDs,17,104,24051.65189346761,23418.563067419847
car-price,integer IDs,17,105,21166.7879831714,21855.242538809704
car-price,integer IDs,17,106,23075.158430362066,24288.12607031929
car-price,integer IDs,17,107,19000.0,19046.052869510477
car-price,integer IDs,17,108,19000.0,19030.38319536714
car-price,integer IDs,17,109,19000.0,18834.83308418888
car-price,integer IDs,17,110,23178.16022242314,23060.292351889333
car-price,integer IDs,17,111,19416.071044511715,19619.41689059679
car-price,integer IDs,17,112,19000.0,19484.91407298204
car-price,integer IDs,17,113,25886.49681485702,24919.24923164134
car-price,integer IDs,17,114,23348.6946391232,22975.708964759433
car-price,integer IDs,17,115,23989.023204324447,23138.742424520726
car-price,integer IDs,17,116,20129.04678298764,19555.210791663932
car-price,integer IDs,17,117,21115.86746994112,21454.939593713858
car-price,integer IDs,17,118,20736.009918834527,20811.376405180315
car-price,integer IDs,17,119,19354.0047881853,19632.126105171024
car-price,integer IDs,17,120,38375.25289079045,29785.32106787466
car-price,integer IDs,17,121,22826.73305187034,22761.816857756385
car-price,integer IDs,17,122,27940.506248280475,27288.83692524815
car-price,integer IDs,17,123,23257.99696242764,22163.52848768337
car-price,integer IDs,17,124,22499.92129204199,22038.052028164228
car-price,integer IDs,17,125,31860.51698781001,29511.499382234248
car-price,integer IDs,17,126,22119.09444182568,22015.322197097077
car-price,integer IDs,17,127,19541.84059566096,19742.002980726444
car-price,integer IDs,17,128,19000.0,18379.087055505424
car-price,integer IDs,17,129,25498.58331114969,25611.334099113108
car-price,integer IDs,17,130,22361.424005916317,23155.034177203277
car-price,integer IDs,17,131,24934.331562739702,23910.919548540493
car-price,integer IDs,17,132,22448.05301968221,22660.469942858144
car-price,integer IDs,17,133,24765.05603821671,25612.408857971684
car-price,integer IDs,17,134,29084.145171198783,28832.1598459157
car-price,integer IDs,17,135,19863.13572722291,20050.57693635027
car-price,integer IDs,17,136,21898.68779093252,21727.262967692004
car-price,integer IDs,17,137,26044.24366330226,24011.285569293614
car-price,integer IDs,17,138,24770.34530002527,25581.795896626623
car-price,integer IDs,17,139,21749.88482093912,22360.855866427413
car-price,integer IDs,17,140,30888.78386033216,29685.63956606992
car-price,integer IDs,17,141,19000.0,19983.56856523888
car-price,integer IDs,17,142,22983.668561060786,22066.002762765416
car-price,integer IDs,17,143,21640.70584121836,21217.45195235377
car-price,integer IDs,17,144,26596.13864306175,28075.151144736476
car-price,integer IDs,17,145,22031.972401845956,21153.926846335475
car-price,integer IDs,17,146,23367.60674175272,23285.670770991186
car-price,integer IDs,17,147,28379.93620467072,28089.64042999948
car-price,integer IDs,17,148,28195.99913361413,28815.858471503594
car-price,integer IDs,17,149,22703.864218056835,21422.102809047265
car-price,integer IDs,17,150,23950.466639738064,24224.439450485042
car-price,integer IDs,17,151,23317.70339425485,23563.649734941893
car-price,integer IDs,17,152,23661.03153224649,23545.790470010772
car-price,integer IDs,17,153,20984.68659709543,21298.081314031275
car-price,integer IDs,17,154,24743.13791168151,24727.983093716073
car-price,integer IDs,17,155,25412.43057027968,25416.307422250837
car-price,integer IDs,17,156,20121.94576950981,20354.381772149023
car-price,integer IDs,17,157,30488.226388238127,29638.849446669275
car-price,integer IDs,17,158,23803.23369496929,25051.499114260474
car-price,integer IDs,17,159,24333.921367540708,24627.110953518317
car-price,integer IDs,17,160,22179.96163925341,23438.270503396197
car-price,integer IDs,17,161,28396.933642392163,27741.5977187472
car-price,integer IDs,17,162,23756.475184582945,23552.078980985614
car-price,integer IDs,17,163,23578.87086770982,23431.922988828625
car-price,integer IDs,17,164,27873.22492341069,29468.38414245276
car-price,integer IDs,17,165,23407.448525158645,24939.79134619569
car-price,integer IDs,17,166,24611.834978947933,25361.41507964905
car-price,integer IDs,17,167,24839.625056392862,25754.992952984103
car-price,integer IDs,17,168,21135.54783186501,20911.17362725209
car-price,integer IDs,17,169,20411.682436724404,20997.98746974875
car-price,integer IDs,17,170,23006.31186692992,23449.651161383183
car-price,integer IDs,17,171,28006.636380874283,28024.4039309189
car-price,integer IDs,17,172,26330.46692041053,24858.62523465276
car-price,integer IDs,17,173,20061.729558150822,19908.14323659323
car-price,integer IDs,17,174,22164.304466967624,22408.121351587874
car-price,integer IDs,17,175,19211.974945304224,19782.18595543723
car-price,integer IDs,17,176,25880.554173648576,25747.2568239111
car-price,integer IDs,17,177,20922.83574057117,20772.034749869934
car-price,integer IDs,17,178,19000.0,18872.3057229897
car-price,integer IDs,17,179,21588.485749181724,21659.298743521405
car-price,integer IDs,17,180,20959.185653851,21063.635609014298
car-price,integer IDs,17,181,19012.943134778598,19069.9544145626
car-price,integer IDs,17,182,19000.0,19363.13017067245
car-price,integer IDs,17,183,19994.105986928716,20048.282346778924
car-price,integer IDs,17,184,23144.85462634716,22694.66375178865
car-price,integer IDs,17,185,27336.757356148017,25301.332087506962
car-price,integer IDs,17,186,22634.105795462223,21679.738026028073
car-price,integer IDs,17,187,26034.354419052048,26013.429178507147
car-price,integer IDs,17,188,24805.713947539705,25260.633103927834
car-price,integer IDs,17,189,19101.22833368997,19371.867066892984
car-price,integer IDs,17,190,21762.71546915437,21628.00555452771
car-price,integer IDs,17,191,23612.047223904505,24233.95983062294
car-price,integer IDs,17,192,20501.2576411176,20466.58297468128
car-price,integer IDs,17,193,20235.45428525396,20231.58197310335
car-price,integer IDs,17,194,26267.941144506178,27276.971824197964
car-price,integer IDs,17,195,22383.014246086008,21606.873182064453
car-price,integer IDs,17,196,22088.593829840032,22053.884324844177
car-price,integer IDs,17,197,23672.15334203128,23593.01775966599
car-price,integer IDs,17,198,22723.76715977629,23308.26716131597
car-price,integer IDs,17,199,22406.66275103188,21669.009648884236
car-price,integer IDs,17,200,24858.37919916747,24449.51007898355
car-price,integer IDs,17,201,25684.863453387537,25822.949542995997
car-price,integer IDs,17,202,20262.896220048955,20754.588844549566
car-price,integer IDs,17,203,21661.470382146446,21255.65043367692
car-price,integer IDs,17,204,25198.13170044328,25427.848202156914
car-price,integer IDs,17,205,31521.58061245126,29438.80527966718
car-price,integer IDs,17,206,19000.0,19304.033560949763
car-price,integer IDs,17,207,21821.103175526143,21609.820165945064
car-price,integer IDs,17,208,21859.032687355128,22083.834853347056
car-price,integer IDs,17,209,19347.662460677297,19760.802663847695
car-price,integer IDs,17,210,25111.593633260512,24555.719600358316
car-price,integer IDs,17,211,19636.48008873601,19919.196643888143
car-price,integer IDs,17,212,21738.33699821229,21873.008619636064
car-price,integer IDs,17,213,22819.19166546365,23343.750113054648
car-price,integer IDs,17,214,19671.54956985856,19307.605570022086
car-price,integer IDs,17,215,23233.771664678206,22819.78662100644
car-price,integer IDs,17,216,20575.065579992795,20835.64507931259
car-price,integer IDs,17,217,21659.22065087945,21832.01412399334
car-price,integer IDs,17,218,20976.580384540863,21146.039926924437
car-price,integer IDs,17,219,19245.14172817437,19021.310487961502
car-price,integer IDs,17,220,25816.16399278998,26685.004508536942
car-price,integer IDs,17,221,30536.160024211807,28349.458756320364
car-price,integer IDs,17,222,23122.259187100728,22476.270041039792
car-price,integer IDs,17,223,19000.0,18895.142243273014
car-price,integer IDs,17,224,22242.83923483463,23536.04659594017
car-price,integer IDs,17,225,24235.2754381455,23889.37930283724
car-price,integer IDs,17,226,21337.757986138044,21093.911080892758
car-price,integer IDs,17,227,19590.76267739343,19271.58436224245
car-price,integer IDs,17,228,19000.0,18894.980057079214
car-price,integer IDs,17,229,20376.80202876153,21109.145659294656
car-price,integer IDs,17,230,23630.04268070928,22889.121742156087
car-price,integer IDs,17,231,29292.941772755603,28374.668539473474
car-price,integer IDs,17,232,25657.26595206876,25541.473984409462
car-price,integer IDs,17,233,20232.7905077006,21040.20501793663
car-price,integer IDs,17,234,29338.963137152343,28980.50389674076
car-price,integer IDs,17,235,25796.09112455994,25216.84888861215
car-price,integer IDs,17,236,20264.71275838049,20166.18038400257
car-price,integer IDs,17,237,29228.38884537982,29342.71794877501
car-price,integer IDs,17,238,29561.50463941801,29607.122863882178
car-price,integer IDs,17,239,25663.30911318487,24570.31404275415
car-price,integer IDs,17,240,24079.06271495785,25542.107331498344
car-price,integer IDs,17,241,23966.53307164796,24147.25941819749
car-price,integer IDs,17,242,19000.0,19647.766544504557
car-price,integer IDs,17,243,22998.179327732865,24047.28827552898
car-price,integer IDs,17,244,22683.7985298202,22549.378240958027
car-price,integer IDs,17,245,23086.024153715392,23179.84702463441
car-price,integer IDs,17,246,19694.80078183601,20069.49818256941
car-price,integer IDs,17,247,33598.609104732066,29472.60007320898
car-price,integer IDs,17,248,21181.82049603093,21326.130861375277
car-price,integer IDs,17,249,20128.29288368008,20179.186031066747
car-price,integer IDs,17,250,22290.70585753653,22354.52296284031
car-price,integer IDs,17,251,27144.38857950249,28258.786429769178
car-price,integer IDs,17,252,29974.17476038676,29482.270885543
car-price,integer IDs,17,253,26308.003114376534,26227.49134650184
car-price,integer IDs,17,254,21866.143274157497,21157.84114103902
car-price,integer IDs,17,255,26678.69660056685,26081.818900174854
car-price,integer IDs,17,256,20118.82725904078,19938.279147510755
car-price,integer IDs,17,257,24173.197215163407,25803.082685490244
car-price,integer IDs,17,258,24394.915411518603,24102.50841229914
car-price,integer IDs,17,259,32486.51189284317,29698.66566049041
car-price,integer IDs,17,260,19000.0,18905.12838516497
car-price,integer IDs,17,261,27046.197383022947,27349.752703229697
car-price,integer IDs,17,262,25575.56959377229,24042.49549809777
car-price,integer IDs,17,263,22816.585327857538,23310.756992620652
car-price,integer IDs,17,264,19836.82344472368,20314.373350845122
car-price,integer IDs,17,265,21139.86779456385,20932.384213883684
car-price,integer IDs,17,266,24020.483542095262,23601.457146940418
car-price,integer IDs,17,267,27268.456472214675,28290.740981871593
car-price,integer IDs,17,268,22721.01722230206,22360.919844301756
car-price,integer IDs,17,269,24494.46602008288,24961.635896940308
car-price,integer IDs,17,270,23852.115090072475,24512.712974239
car-price,integer IDs,17,271,21267.87989698668,21016.05886918033
car-price,integer IDs,17,272,23234.86063034468,23563.762100215932
car-price,integer IDs,17,273,20810.79912347511,20301.454835407654
car-price,integer IDs,17,274,19241.654644710536,19560.97456996387
car-price,integer IDs,17,275,19926.257442579907,20424.58132438339
car-price,integer IDs,17,276,19000.0,19263.03966453871
car-price,integer IDs,17,277,20872.52074011807,21519.96378383539
car-price,integer IDs,17,278,22354.660452128537,22443.454074861096
car-price,integer IDs,17,279,23484.74115416653,23098.019114774113
car-price,integer IDs,17,280,35772.682387878696,29819.428319737475
car-price,integer IDs,17,281,21714.15956708556,21528.544522014377
car-price,integer IDs,17,282,24997.379084831515,24497.825647930673
car-price,integer IDs,17,283,23601.107307285987,23289.446420016684
car-price,integer IDs,17,284,22527.96155962076,23134.1969087584
car-price,integer IDs,17,285,21879.09119559836,20902.519981370882
car-price,integer IDs,17,286,20665.961903172567,20423.29572759091
car-price,integer IDs,17,287,21683.80973496142,21632.048829709776
car-price,integer IDs,17,288,21949.189471214155,21839.573667703124
car-price,integer IDs,17,289,23938.102691094165,23830.442489672158
car-price,integer IDs,17,290,21619.96044693936,22029.87751225188
car-price,integer IDs,17,291,20272.309191403285,20438.318885400728
car-price,integer IDs,17,292,23345.889655032865,22831.563765443847
car-price,integer IDs,17,293,20641.762932065623,20549.630410468664
car-price,integer IDs,17,294,20879.79886009989,20694.5217454991
car-price,integer IDs,17,295,21132.905594291864,21400.559299223965
car-price,integer IDs,17,296,21460.73212652149,21211.685620617278
car-price,integer IDs,17,297,21018.746092478967,21417.9966393644
car-price,integer IDs,17,298,24752.55088303584,25795.77493926484
car-price,integer IDs,17,299,31188.66107156615,28912.12310012459
car-price,integer IDs,17,300,25636.221391397867,26048.980355944863
car-price,integer IDs,17,301,20357.43758654748,20932.563887332682
car-price,integer IDs,17,302,21583.10554079003,21731.573505963373
car-price,integer IDs,17,303,22944.32698386209,22785.882381887
car-price,integer IDs,17,304,19773.06031662248,19548.21819612764
car-price,integer IDs,17,305,29706.82770594097,28296.947317061684
car-price,integer IDs,17,306,23070.85043431889,23811.018453241202
car-price,integer IDs,17,307,23895.695256711417,23662.53558522553
car-price,integer IDs,17,308,31881.824814905754,29325.17700608672
car-price,integer IDs,17,309,25474.13304027356,27780.278925762308
car-price,integer IDs,17,310,22270.70718257168,22207.093856359545
car-price,integer IDs,17,311,24990.077031538334,25218.243804848775
car-price,integer IDs,17,312,19000.0,18461.128252853043
car-price,integer IDs,17,313,22182.678070091748,21548.22333248399
car-price,integer IDs,17,314,26129.56113160613,25910.278708485283
car-price,integer IDs,17,315,24959.255713180588,25238.189921954603
car-price,integer IDs,17,316,25564.48368395453,24960.707471441754
car-price,integer IDs,17,317,21834.60156312808,21401.08996885636
car-price,integer IDs,17,318,26335.57668238396,24704.340256887772
car-price,integer IDs,17,319,27586.88917973906,26799.237771036263
car-price,integer IDs,17,320,25621.72737804373,26434.615730206675
car-price,integer IDs,17,321,24223.17954258873,23994.2769702629
car-price,integer IDs,17,322,23882.840675184823,23529.650162351412
car-price,integer IDs,17,323,21046.16648729375,20458.46451138873
car-price,integer IDs,17,324,20398.70100864765,20128.231113192025
car-price,integer IDs,17,325,21447.91583829306,21016.09895607706
car-price,integer IDs,17,326,21569.21704021308,20523.28718089554
car-price,integer IDs,17,327,19000.0,19257.19837520787
car-price,integer IDs,17,328,20949.10254977884,21494.75457591343
car-price,integer IDs,17,329,24145.86776693176,23953.121681386056
car-price,integer IDs,17,330,27515.029412407835,27490.941827156224
car-price,integer IDs,17,331,19000.0,19129.392592957403
car-price,integer IDs,17,332,21665.282958644653,21446.53136849236
car-price,integer IDs,17,333,20643.25637069392,21203.97939322295
car-price,integer IDs,17,334,27100.332139967664,27467.119666068862
car-price,integer IDs,17,335,24299.794858885387,25488.377470807227
car-price,integer IDs,17,336,22985.595192624536,23114.260151388058
car-price,integer IDs,17,337,24443.34925369952,23582.422164386953
car-price,integer IDs,17,338,34181.07888974239,29746.77007849638
car-price,integer IDs,17,339,27208.766793705407,28087.845602746656
car-price,integer IDs,17,340,20799.471487212704,20892.973225152084
car-price,integer IDs,17,341,19000.0,19038.171027404947
car-price,integer IDs,17,342,19000.0,19005.081140522125
car-price,integer IDs,17,343,22056.173766284035,22259.149925073343
car-price,integer IDs,17,344,19228.08206384341,19255.178215762528
car-price,integer IDs,17,345,26040.81401978567,25419.337582018943
car-price,integer IDs,17,346,22406.61249107804,22942.995303293523
car-price,integer IDs,17,347,25271.867839384417,24700.42946560664
car-price,integer IDs,17,348,23276.29637228657,22959.06165252799
car-price,integer IDs,17,349,30000.03470330146,29362.425546253882
car-price,integer IDs,17,350,26777.835556175887,24361.457683756635
car-price,integer IDs,17,351,22583.671128452366,22903.686798130297
car-price,integer IDs,17,352,19000.0,19111.084218654778
car-price,integer IDs,17,353,26095.68113605772,25405.49875544294
car-price,integer IDs,17,354,21006.461123762525,20267.01983614495
car-price,integer IDs,17,355,24209.422675224203,23443.121699719482
car-price,integer IDs,17,356,20702.993915825893,20748.23591989492
car-price,integer IDs,17,357,24210.50206756613,23880.677537056305
car-price,integer IDs,17,358,23238.307027179213,23280.541311158293
car-price,integer IDs,17,359,23325.63489363656,24820.29529315848
car-price,integer IDs,17,360,24262.61445970169,24752.35674565932
car-price,integer IDs,17,361,20733.71950093824,20798.75675916459
car-price,integer IDs,17,362,22831.423980895124,21970.750024226865
car-price,integer IDs,17,363,22572.24775894456,22816.565835792782
car-price,integer IDs,17,364,24925.07415790916,24464.788024605048
car-price,integer IDs,17,365,24222.37777665847,25686.896718510172
car-price,integer IDs,17,366,20527.108010707765,20516.985486171005
car-price,integer IDs,17,367,23026.0736021124,24064.49510459844
car-price,integer IDs,17,368,21105.71256593491,20833.28052007177
car-price,integer IDs,17,369,23845.162463125023,23906.906349049845
car-price,integer IDs,17,370,21855.79690366048,21599.188185116203
car-price,integer IDs,17,371,23074.071858026728,22989.67133866117
car-price,integer IDs,17,372,19945.937804503792,20206.243836354108
car-price,integer IDs,17,373,22125.207009544712,22749.186124716634
car-price,integer IDs,17,374,20611.381986636727,20924.06103490634
car-price,integer IDs,17,375,28409.029537948933,29421.627789425333
car-price,integer IDs,17,376,27371.632977448626,27108.065785375293
car-price,integer IDs,17,377,22289.61449853893,21968.738542512874
car-price,integer IDs,17,378,22728.73810854388,22288.656452024843
car-price,integer IDs,17,379,27312.37649187481,26311.897143291517
car-price,integer IDs,17,380,29853.12246490479,29165.915905703547
car-price,integer IDs,17,381,19974.49742493888,20251.118236298265
car-price,integer IDs,17,382,24875.94385636793,27634.783680008208
car-price,integer IDs,17,383,24086.247495025407,23515.225294735254
car-price,integer IDs,17,384,30152.559303209928,28525.038434440943
car-price,integer IDs,17,385,24868.28280340449,22797.35937885294
car-price,integer IDs,17,386,19313.59339196922,19830.5815814761
car-price,integer IDs,17,387,26487.019496619363,25862.75382253025
car-price,integer IDs,17,388,27318.493846256108,26969.280231779474
car-price,integer IDs,17,389,24659.37610861546,25133.414804581473
car-price,integer IDs,17,390,20656.22104545273,21063.65569782584
car-price,integer IDs,17,391,29037.2957142293,27392.040972327213
car-price,integer IDs,17,392,19270.48471156389,19481.792342814722
car-price,integer IDs,17,393,26984.57149962539,27646.2770835124
car-price,integer IDs,17,394,32182.02751917412,29780.946795893167
car-price,integer IDs,17,395,21256.131034444494,20685.346173930044
car-price,integer IDs,17,396,25563.27744506244,26419.695049611993
car-price,integer IDs,17,397,23935.386260255837,23805.500827368876
car-price,integer IDs,17,398,23674.541886504103,23805.773272708648
car-price,integer IDs,17,399,24810.58676973076,25543.739490605512
car-price,integer IDs,17,400,28776.59015368341,27929.629855433686
car-price,integer IDs,17,401,21765.78371966956,21300.74240292691
car-price,integer IDs,17,402,27506.22913382409,27779.85502032144
car-price,integer IDs,17,403,19000.0,19133.479722247987
car-price,integer IDs,17,404,21645.461390183795,22478.306552829825
car-price,integer IDs,17,405,21128.7890647395,20320.806620173084
car-price,integer IDs,17,406,23275.047053434057,22480.943573779776
car-price,integer IDs,17,407,21460.686653229925,21253.035516646265
car-price,integer IDs,17,408,21415.41440147847,21056.76635902891
car-price,integer IDs,17,409,25796.809123900468,25788.29709989504
car-price,integer IDs,17,410,19611.37883179114,19829.862905438153
car-price,integer IDs,17,411,22100.85965190739,22966.836197997847
car-price,integer IDs,17,412,29655.509899742272,29255.42493855441
car-price,integer IDs,17,413,29862.71254276312,28505.376323999393
car-price,integer IDs,17,414,22300.14276220221,22415.923125645728
car-price,integer IDs,17,415,30177.394900398805,29159.463368197277
car-price,integer IDs,17,416,19000.0,18739.153165465505
car-price,integer IDs,17,417,21703.047330625315,21069.140659974844
car-price,integer IDs,17,418,22615.42345262167,22247.15880863251
car-price,integer IDs,17,419,25567.176181481515,26276.13751410703
car-price,integer IDs,17,420,21862.68730399842,21191.80885535798
car-price,integer IDs,17,421,31707.03984210977,29228.011007983325
car-price,integer IDs,17,422,22275.69488465721,22526.52924786794
car-price,integer IDs,17,423,24842.54013371541,24778.337675447172
car-price,integer IDs,17,424,22977.778573137315,22252.145479347797
car-price,integer IDs,17,425,21802.169532916407,21450.25431226291
car-price,integer IDs,17,426,24117.253099880563,24512.97013467095
car-price,integer IDs,17,427,28570.971895874,28588.904491999292
car-price,integer IDs,17,428,22881.545121526284,23607.760524506495
car-price,integer IDs,17,429,19034.63868151823,19257.528966930426
car-price,integer IDs,17,430,26355.312090923955,26366.960580790826
car-price,integer IDs,17,431,25912.96227054889,25815.808515668672
car-price,integer IDs,17,432,22109.490003980543,21797.643947570672
car-price,integer IDs,17,433,19158.96026733073,19608.75424096798
car-price,integer IDs,17,434,20593.539703024595,20698.706367467395
car-price,integer IDs,17,435,28758.752656733544,28912.42641244751
car-price,integer IDs,17,436,21346.213625038334,21790.639245331844
car-price,integer IDs,17,437,23138.30168569927,23428.63815469318
car-price,integer IDs,17,438,20495.973165971314,20851.985752181583
car-price,integer IDs,17,439,27116.207105386748,27472.280691992924
car-price,integer IDs,17,440,25326.450149251395,24729.185876164353
car-price,integer IDs,17,441,25571.91737046013,25807.70953414561
car-price,integer IDs,17,442,24199.772764087505,24855.40115762836
car-price,integer IDs,17,443,21585.460578626968,21518.34244966846
car-price,integer IDs,17,444,23744.41758232433,23153.775462456415
car-price,integer IDs,17,445,21082.02576769088,21793.923068742162
car-price,integer IDs,17,446,24021.80944754411,23216.529388175346
car-price,integer IDs,17,447,23541.913048321683,23427.655028577494
car-price,integer IDs,17,448,21196.93438214906,21231.297544674384
car-price,integer IDs,17,449,25309.48143150357,25912.898198511502
car-price,integer IDs,17,450,30546.027728481808,29359.34536189244
car-price,integer IDs,17,451,19000.0,19328.77499161056
car-price,integer IDs,17,452,25593.98149019458,25478.242814674082
car-price,integer IDs,17,453,26939.52182766949,27324.176549148175
car-price,integer IDs,17,454,22085.858252352617,21210.047054435632
car-price,integer IDs,17,455,19739.68052728131,19975.813151156173
car-price,integer IDs,17,456,19932.98509640066,19813.831856031433
car-price,integer IDs,17,457,27125.684696681725,27529.87741700825
car-price,integer IDs,17,458,21102.519862200697,20564.648429282097
car-price,integer IDs,17,459,22451.90867614085,22552.84092714949
car-price,integer IDs,17,460,24694.95536926978,22870.006891943984
car-price,integer IDs,17,461,20338.013311055045,20426.548833721186
car-price,integer IDs,17,462,21873.93117367109,21698.95487872755
car-price,integer IDs,17,463,22238.705951964323,22987.632347095478
car-price,integer IDs,17,464,21457.29530301149,20970.769499150527
car-price,integer IDs,17,465,20743.012805735816,20897.6563706341
car-price,integer IDs,17,466,19955.60925562071,20545.534709498184
car-price,integer IDs,17,467,21134.037639918763,21682.07458094629
car-price,integer IDs,17,468,26233.685395969565,26499.25992870643
car-price,integer IDs,17,469,29679.431244437543,29664.243872321556
car-price,integer IDs,17,470,27944.974597509696,29081.839078706595
car-price,integer IDs,17,471,20899.91959495264,20178.74339344357
car-price,integer IDs,17,472,21113.866645112183,20971.649528083544
car-price,integer IDs,17,473,23667.90996592876,23971.084135232042
car-price,integer IDs,17,474,22889.50055421934,22975.380282652128
car-price,integer IDs,17,475,23315.41776302084,22744.13145583586
car-price,integer IDs,17,476,20583.3584723759,20611.02638700272
car-price,integer IDs,17,477,24607.0387433532,24498.783586591464
car-price,integer IDs,17,478,22210.6010644449,21795.128647068803
car-price,integer IDs,17,479,19824.421202781617,20302.016339134607
car-price,integer IDs,17,480,23080.840198476777,23456.674598014568
car-price,integer IDs,17,481,19052.591058362577,19151.663426485444
car-price,integer IDs,17,482,27153.37793124591,26388.64573002122
car-price,integer IDs,17,483,20383.529682582284,20021.245106396836
car-price,integer IDs,17,484,21124.758695108,22209.7837889224
car-price,integer IDs,17,485,21455.27533153348,21223.523468647985
car-price,integer IDs,17,486,19065.278106709717,19761.368061645127
car-price,integer IDs,17,487,29346.281943763464,28181.248225791373
car-price,integer IDs,17,488,29677.25809976688,29393.553527746983
car-price,integer IDs,17,489,23412.505633847097,23811.677020750216
car-price,integer IDs,17,490,27121.37430730741,27875.264006847843
car-price,integer IDs,17,491,22648.74819534673,22289.421719785132
car-price,integer IDs,17,492,19000.0,19305.230294495923
car-price,integer IDs,17,493,30420.286897306185,29542.869921525875
car-price,integer IDs,17,494,33051.01972768461,29819.9686651882
car-price,integer IDs,17,495,20468.643717739666,20247.333060769208
car-price,integer IDs,17,496,19000.0,18832.83926894454
car-price,integer IDs,17,497,24641.25619859165,25176.597940903135
car-price,integer IDs,17,498,20549.05725054772,20136.525809401224
car-price,integer IDs,17,499,20617.178634645927,19998.23013474943
car-price,integer IDs,17,500,24268.23160787576,23460.09760795127
car-price,integer IDs,17,501,22137.965857825904,22275.034832216836
car-price,integer IDs,17,502,23695.3279674124,24081.62237726464
car-price,integer IDs,17,503,21337.74601948237,22211.075919603176
car-price,integer IDs,17,504,23759.8545681457,23304.821851303248
car-price,integer IDs,17,505,27462.680080489903,27628.590822764767
car-price,integer IDs,17,506,19997.55717042552,19726.174648966437
car-price,integer IDs,17,507,24633.930211987128,25020.02933914998
car-price,integer IDs,17,508,24402.04993163232,23795.263683631325
car-price,integer IDs,17,509,29237.263317228757,27405.419746650994
car-price,integer IDs,17,510,26564.86259178833,26299.528741533606
car-price,integer IDs,17,511,22053.41425548527,21963.39643838074
car-price,integer IDs,17,512,26216.479738439368,27470.60390718512
car-price,integer IDs,17,513,19000.0,18992.886517835657
car-price,integer IDs,17,514,20045.47644641239,20186.596841647668
car-price,integer IDs,17,515,24611.049966335624,27063.19591706862
car-price,integer IDs,17,516,26713.316135436,27108.03993216784
car-price,integer IDs,17,517,21082.44460063952,21406.23406408855
car-price,integer IDs,17,518,19208.382555270447,19262.212959384382
car-price,integer IDs,17,519,21867.74680601801,21216.561609356962
car-price,integer IDs,17,520,20901.11865385132,20813.182672381587
car-price,integer IDs,17,521,22625.99240291425,21551.18287117435
car-price,integer IDs,17,522,24611.73924570253,24883.22257713271
car-price,integer IDs,17,523,22697.44769728365,22177.504939616672
car-price,integer IDs,17,524,19000.0,19644.712402479818
car-price,integer IDs,17,525,29079.75580189702,28117.78330662061
car-price,integer IDs,17,526,31045.671502899902,29158.378814552685
car-price,integer IDs,17,527,24346.756802418226,24150.89836516716
car-price,integer IDs,17,528,23527.92881449932,22995.02181067169
car-price,integer IDs,17,529,19552.81880557764,19716.05568979861
car-price,integer IDs,17,530,19444.43201846259,19959.64508122755
car-price,integer IDs,17,531,22938.66436239646,23511.973630653054
car-price,integer IDs,17,532,22635.570514116906,22120.82915668167
car-price,integer IDs,17,533,23767.8267541567,24214.3916517431
car-price,integer IDs,17,534,25048.002825001044,25466.314847909984
car-price,integer IDs,17,535,20049.11670306887,20314.78021416492
car-price,integer IDs,17,536,20829.55087291858,20739.471681444862
car-price,integer IDs,17,537,26959.563582594783,27181.588450291234
car-price,integer IDs,17,538,23460.108990124136,23688.705553302258
car-price,integer IDs,17,539,30525.136341003563,29067.087505010968
car-price,integer IDs,17,540,21304.265710233525,21210.168425367676
car-price,integer IDs,17,541,20751.65751779578,20673.966227863362
car-price,integer IDs,17,542,20836.88164618537,21895.299175916407
car-price,integer IDs,17,543,22182.54643687932,22261.78246845139
car-price,integer IDs,17,544,25578.137638080247,25071.576371968415
car-price,integer IDs,17,545,19000.0,19201.739450258625
car-price,integer IDs,17,546,21175.021042276127,21126.849285632874
car-price,integer IDs,17,547,23396.27645542002,23202.296471299356
car-price,integer IDs,17,548,21540.757939685664,21991.734886579994
car-price,integer IDs,17,549,20227.9894854436,20160.7189737912
car-price,integer IDs,17,550,23728.403803699417,24028.145812158735
car-price,integer IDs,17,551,24392.840393424474,25533.94810011023
car-price,integer IDs,17,552,24754.530167884564,24912.405620635924
car-price,integer IDs,17,553,23231.699039915216,22898.117354426962
car-price,integer IDs,17,554,21811.43411774036,22177.124223614723
car-price,integer IDs,17,555,22704.08919118353,22793.31568648352
car-price,integer IDs,17,556,32243.729989168,29520.0849511843
car-price,integer IDs,17,557,25765.296132844676,26179.13497407292
car-price,integer IDs,17,558,19955.78396879357,20140.25185445876
car-price,integer IDs,17,559,20844.85143886524,20760.250721248158
car-price,integer IDs,17,560,19647.726351739828,19465.244381754434
car-price,integer IDs,17,561,26809.798493485083,26881.35562672606
car-price,integer IDs,17,562,19000.0,19143.20841160195
car-price,integer IDs,17,563,23794.87139598327,24566.916488158382
car-price,integer IDs,17,564,23572.91865317684,23152.89219471709
car-price,integer IDs,17,565,19594.32634745359,19854.00954192129
car-price,integer IDs,17,566,25651.45015741048,25707.33608384825
car-price,integer IDs,17,567,19143.07572858711,19312.98324215089
car-price,integer IDs,17,568,21879.342495367546,21322.93785592021
car-price,integer IDs,17,569,24121.125509657148,24316.425684742553
car-price,integer IDs,17,570,23961.119356620373,23222.087685728355
car-price,integer IDs,17,571,22663.495901801187,21459.318903981606
car-price,integer IDs,17,572,21843.294141810744,22041.6253910606
car-price,integer IDs,17,573,26434.543318151274,25114.701168774012
car-price,integer IDs,17,574,25137.01320324636,25914.628195596233
car-price,integer IDs,17,575,19890.828961787098,20357.35208678018
car-price,integer IDs,17,576,26242.308568049317,27254.582704186236
car-price,integer IDs,17,577,21281.088691521265,20629.709151094772
car-price,integer IDs,17,578,21007.62428269418,20329.33577895278
car-price,integer IDs,17,579,27064.88929918804,27139.75448618207
car-price,integer IDs,17,580,22737.76336025432,22395.644160434043
car-price,integer IDs,17,581,21865.719654546585,21832.118232165652
car-price,integer IDs,17,582,21056.90536409692,21773.14771841705
car-price,integer IDs,17,583,26978.884944848403,28357.327645526784
car-price,integer IDs,17,584,23900.888785274576,23105.289809420537
car-price,integer IDs,17,585,25326.6344357488,26607.191021126266
car-price,integer IDs,17,586,31614.36766722776,29382.818914140073
car-price,integer IDs,17,587,20702.778516023733,20638.958463235227
car-price,integer IDs,17,588,22967.123462923875,22928.711393731865
car-price,integer IDs,17,589,24683.76654621321,25231.354976913113
car-price,integer IDs,17,590,26664.74587338038,27125.134281536943
car-price,integer IDs,17,591,27973.6036245477,28843.903645492694
car-price,integer IDs,17,592,21385.605462190862,21302.001965490843
car-price,integer IDs,17,593,21552.11908258396,20948.660897713722
car-price,integer IDs,17,594,23110.27099144504,23297.53280968673
car-price,integer IDs,17,595,22738.048166659395,23279.320177744357
car-price,integer IDs,17,596,22033.8439867936,22423.51375805657
car-price,integer IDs,17,597,21588.009476285843,20979.211298151036
car-price,integer IDs,17,598,21395.284093301187,20879.228776327713
car-price,integer IDs,17,599,19832.58964194569,19873.427624088195
car-price,integer IDs,17,600,25694.510971193107,24916.4212617172
car-price,integer IDs,17,601,31037.14406406556,29783.900779268115
car-price,integer IDs,17,602,22808.792641681663,23231.21415062472
car-price,integer IDs,17,603,21858.747880950054,21658.864953582663
car-price,integer IDs,17,604,19158.634774296363,19538.749547586467
car-price,integer IDs,17,605,26552.271276686595,25595.340179472652
car-price,integer IDs,17,606,22478.972464616505,22556.884985209566
car-price,integer IDs,17,607,21008.938221487348,19870.85008380466
car-price,integer IDs,17,608,24487.649813010124,24962.802429207655
car-price,integer IDs,17,609,24665.388156426816,24128.750736774815
car-price,integer IDs,17,610,20001.81251318372,20148.282480340393
car-price,integer IDs,17,611,19898.42539480989,20161.814983253073
car-price,integer IDs,17,612,22871.9167503698,22806.81920217439
car-price,integer IDs,17,613,19960.197271406687,20768.78604753606
car-price,integer IDs,17,614,19394.071544717925,19673.717784285982
car-price,integer IDs,17,615,22835.913870104563,23661.813442448678
car-price,integer IDs,17,616,24197.228653090897,24315.405306361157
car-price,integer IDs,17,617,29010.06917923646,28253.558490695952
car-price,integer IDs,17,618,22609.353964863072,21723.4297938734
car-price,integer IDs,17,619,37858.68826524724,29814.793126830038
car-price,integer IDs,17,620,23459.14208434556,25235.92744644999
car-price,integer IDs,17,621,23174.01257956602,23379.331673756784
car-price,integer IDs,17,622,22595.45828429271,22187.82906424049
car-price,integer IDs,17,623,24814.64825266701,23727.731911231658
car-price,integer IDs,17,624,25893.07129548512,24790.629060227235
car-price,integer IDs,17,625,22481.576408891488,22743.090290177184
car-price,integer IDs,17,626,25969.617205178864,25122.774357129696
car-price,integer IDs,17,627,23146.745357943884,22584.459818841948
car-price,integer IDs,17,628,23807.19465799788,23471.556019253694
car-price,integer IDs,17,629,23717.84203340024,23877.443657395106
car-price,integer IDs,17,630,22670.47724872226,23229.020813538024
car-price,integer IDs,17,631,31244.353887079807,29537.010054909242
car-price,integer IDs,17,632,25072.917402117386,23510.247067679964
car-price,integer IDs,17,633,19305.53504603736,19254.774209303614
car-price,integer IDs,17,634,25878.62514875369,26957.734036255082
car-price,integer IDs,17,635,21590.654107190123,21499.51109026902
car-price,integer IDs,17,636,21100.87325037975,21267.776500179112
car-price,integer IDs,17,637,24667.544547779537,23327.726047314478
car-price,integer IDs,17,638,26698.53252901452,26287.241364708683
car-price,integer IDs,17,639,25493.404142573345,26554.462195351774
car-price,integer IDs,17,640,24252.57204225883,25335.47518377804
car-price,integer IDs,17,641,23088.36722489665,22712.657270520023
car-price,integer IDs,17,642,22018.576927482827,21324.524130083155
car-price,integer IDs,17,643,31628.064701313902,29216.946744663055
car-price,integer IDs,17,644,23960.449223902546,23898.540082483916
car-price,integer IDs,17,645,23573.5911792258,25163.059249396363
car-price,integer IDs,17,646,21311.017297365623,21601.0628250276
car-price,integer IDs,17,647,29997.85916529966,28166.25502450141
car-price,integer IDs,17,648,22036.081751404912,22423.12881906962
car-price,integer IDs,17,649,21124.04069576747,21043.335618068195
car-price,integer IDs,17,650,24588.574193645945,22718.63661252257
car-price,integer IDs,17,651,26344.21660778165,27022.497691853183
car-price,integer IDs,17,652,27277.81679028404,27890.820498980844
car-price,integer IDs,17,653,28823.896736899696,29103.70291162405
car-price,integer IDs,17,654,22308.775507606497,23299.22153102326
car-price,integer IDs,17,655,24036.85392705932,23809.61054241887
car-price,integer IDs,17,656,21163.62160607967,21660.662139888173
car-price,integer IDs,17,657,21478.789809935784,21974.375346889195
car-price,integer IDs,17,658,26668.43399665956,26094.358668865203
car-price,integer IDs,17,659,20886.54566056973,21467.261241449934
car-price,integer IDs,17,660,19669.601398314597,19528.298356947143
car-price,integer IDs,17,661,19000.0,19100.916423542578
car-price,integer IDs,17,662,22675.71385724585,22584.955225253107
car-price,integer IDs,17,663,19867.695023035267,19871.15330648677
car-price,integer IDs,17,664,25210.69908223366,26397.732627107696
car-price,integer IDs,17,665,21718.520216413704,21994.293852024584
car-price,integer IDs,17,666,20150.931402886945,20058.916155794643
car-price,integer IDs,17,667,21751.97419902006,21441.173100463908
car-price,integer IDs,17,668,29241.410960085872,28532.95605714568
car-price,integer IDs,17,669,24238.66200170166,22460.327317273506
car-price,integer IDs,17,670,23928.71843971346,23962.421169308433
car-price,integer IDs,17,671,30506.013625234154,28936.066983126348
car-price,integer IDs,17,672,29875.2392379242,26882.663146141378
car-price,integer IDs,17,673,22287.79078021398,21981.5648941267
car-price,integer IDs,17,674,24231.785961350528,25018.048878749436
car-price,integer IDs,17,675,19000.0,18808.5532357946
car-price,integer IDs,17,676,26347.466751463115,25809.752502584146
car-price,integer IDs,17,677,20057.569948638025,20521.48649922051
car-price,integer IDs,17,678,19000.0,19128.316217559135
car-price,integer IDs,17,679,24037.24882669661,24521.785354845935
car-price,integer IDs,17,680,22620.98555417963,23391.330657035985
car-price,integer IDs,17,681,23782.955000261634,23611.52084038788
car-price,integer IDs,17,682,23358.179410411576,22285.89320384453
car-price,integer IDs,17,683,28594.19678120896,27684.006897006555
car-price,integer IDs,17,684,20035.10853593516,20011.96723199949
car-price,integer IDs,17,685,19108.43704706888,19562.784261681
car-price,integer IDs,17,686,27163.21212888001,27534.735111296177
car-price,integer IDs,17,687,23045.205891206348,23159.583786993095
car-price,integer IDs,17,688,21148.038627059068,22061.14196469698
car-price,integer IDs,17,689,24827.754133962797,26687.244181141472
car-price,integer IDs,17,690,27843.88268369442,27342.3198559285
car-price,integer IDs,17,691,27416.079529958468,27159.070403034428
car-price,integer IDs,17,692,20895.61159890947,20928.1922711764
car-price,integer IDs,17,693,27426.136307388137,28503.935513067845
car-price,integer IDs,17,694,19884.323887761908,19589.89368593609
car-price,integer IDs,17,695,19000.0,18800.66208889631
car-price,integer IDs,17,696,21758.57261295952,22773.28173371591
car-price,integer IDs,17,697,24834.95566734829,24453.194572678018
car-price,integer IDs,17,698,21205.9596338595,21088.41967052761
car-price,integer IDs,17,699,23412.31416735629,23893.594648295282
car-price,integer IDs,17,700,22445.5495953149,23262.20884806384
car-price,integer IDs,17,701,28200.17549644487,27288.082192804184
car-price,integer IDs,17,702,27149.71134794694,26325.17518354339
car-price,integer IDs,17,703,21201.536757921844,20992.360862897716
car-price,integer IDs,17,704,28660.156987292172,29608.450009422693
car-price,integer IDs,17,705,23244.259241712192,23410.523978612277
car-price,integer IDs,17,706,27538.85981051997,26770.065625940337
car-price,integer IDs,17,707,24218.29954040427,24195.02387322324
car-price,integer IDs,17,708,22063.05698662857,22609.674715959296
car-price,integer IDs,17,709,21209.8057169936,21426.945423406098
car-price,integer IDs,17,710,19734.491785380425,20298.31844507526
car-price,integer IDs,17,711,23751.059076224225,23985.720000297562
car-price,integer IDs,17,712,21529.683996523578,21553.813913455306
car-price,integer IDs,17,713,24808.03547874075,25935.718726700128
car-price,integer IDs,17,714,21396.928311790994,21278.001834283517
car-price,integer IDs,17,715,19821.417572207072,19940.294900706285
car-price,integer IDs,17,716,21561.127580976456,21386.358570929482
car-price,integer IDs,17,717,29569.1824456994,27957.53243381387
car-price,integer IDs,17,718,26264.64792086429,27376.893219078487
car-price,integer IDs,17,719,23562.811615793333,23323.16565170756
car-price,integer IDs,17,720,28689.085180722068,29566.884972604174
car-price,integer IDs,17,721,21672.869818342904,21922.71342582912
car-price,integer IDs,17,722,27994.815718398047,26747.93950355927
car-price,integer IDs,17,723,20034.88356280846,19801.81707410475
car-price,integer IDs,17,724,20855.46825578052,21555.52015159423
car-price,integer IDs,17,725,21480.81217474494,22478.11361222205
car-price,integer IDs,17,726,32077.436555239336,29790.036911744806
car-price,integer IDs,17,727,22887.521269370616,22399.467766455655
car-price,integer IDs,17,728,19996.33417821549,20519.040174000365
car-price,integer IDs,17,729,20800.13683326826,21350.164914215908
car-price,integer IDs,17,730,23862.62420708668,22139.486786160138
car-price,integer IDs,17,731,22498.370413466448,22106.23483487222
car-price,integer IDs,17,732,20446.687297906305,20775.541541454953
car-price,integer IDs,17,733,19020.25236806517,19817.32809024385
car-price,integer IDs,17,734,25085.949090147973,24440.837387129723
car-price,integer IDs,17,735,20663.94432502568,20948.680876876788
car-price,integer IDs,17,736,27818.06821407129,28039.161178474475
car-price,integer IDs,17,737,25755.00241563263,27462.3000911361
car-price,integer IDs,17,738,21755.17408274768,21028.429304158068
car-price,integer IDs,17,739,22494.498003689863,22005.37215209977
car-price,integer IDs,17,740,33449.68407485078,29753.5795819831
car-price,integer IDs,17,741,23794.20365659658,24038.62069712035
car-price,integer IDs,17,742,19163.483663176063,19399.67401450039
car-price,integer IDs,17,743,29543.76048238242,29387.13471043997
car-price,integer IDs,17,744,26099.634919092896,26850.66002442932
car-price,integer IDs,17,745,26037.707475972315,23835.829500443702
car-price,integer IDs,17,746,19770.0542927168,20094.66485209118
car-price,integer IDs,17,747,27594.205593019047,26529.933351651238
car-price,integer IDs,17,748,25484.58950400279,25713.66234609724
car-price,integer IDs,17,749,21442.92813620752,22151.27198762027
car-price,integer IDs,17,750,24111.181218790825,24436.618722229025
car-price,integer IDs,17,751,21629.263325061474,22233.09605400557
car-price,integer IDs,17,752,21337.07588676454,21699.92755093913
car-price,integer IDs,17,753,20365.591665724747,20875.405842260767
car-price,integer IDs,17,754,20325.97006878325,20583.033958720054
car-price,integer IDs,17,755,23671.174469597023,25132.192361971218
car-price,integer IDs,17,756,24253.22542165871,24112.279823584406
car-price,integer IDs,17,757,25021.13289634733,23698.82904992019
car-price,integer IDs,17,758,30094.444436587557,28584.487829049925
car-price,integer IDs,17,759,23885.829945772555,24835.236461748922
car-price,integer IDs,17,760,21850.414301937653,21659.443342098235
car-price,integer IDs,17,761,23687.954114185177,24414.558349141138
car-price,integer IDs,17,762,21210.19582996862,21287.80572579352
car-price,integer IDs,17,763,23657.044242575423,23470.526323844184
car-price,integer IDs,17,764,20844.84665220297,21218.261387498856
car-price,integer IDs,17,765,19000.0,19413.925728472015
car-price,integer IDs,17,766,19755.92885235747,20150.357899364462
car-price,integer IDs,17,767,22941.469346486792,22235.449832171747
car-price,integer IDs,17,768,19000.0,19079.79637962846
car-price,integer IDs,17,769,24575.56404559557,24630.094008166947
car-price,integer IDs,17,770,27218.46696479595,27593.120656971412
car-price,integer IDs,17,771,21311.64913678529,21206.00175407782
car-price,integer IDs,17,772,20085.646116183823,20578.67645688989
car-price,integer IDs,17,773,22333.474684920675,21950.45508007538
car-price,integer IDs,17,774,33979.5125415447,29620.481744165798
car-price,integer IDs,17,775,21967.122701409426,22295.970084699573
car-price,integer IDs,17,776,21405.003411040805,20885.143756529113
car-price,integer IDs,17,777,23034.45026108523,22008.352495389336
car-price,integer IDs,17,778,22166.69779810272,21586.29671861937
car-price,integer IDs,17,779,24021.524641139036,24221.574825620828
car-price,integer IDs,17,780,28105.423516806462,28293.223352589324
car-price,integer IDs,17,781,22510.05704939912,22115.239152695507
car-price,integer IDs,17,782,20592.36218410613,20901.46344511546
car-price,integer IDs,17,783,32521.49042738258,28855.21191413101
car-price,integer IDs,17,784,20960.087939688925,20656.3859781035
car-price,integer IDs,17,785,24485.761474744537,24482.783915348962
car-price,integer IDs,17,786,27324.168434377418,26231.96913418878
car-price,integer IDs,17,787,24532.496051819537,24715.157053621297
car-price,integer IDs,17,788,19891.5110611606,19764.704237935835
car-price,integer IDs,17,789,25512.89543133756,25645.52863452438
car-price,integer IDs,17,790,22235.355288375187,22813.19320346179
car-price,integer IDs,17,791,20524.67877960564,20900.327229873128
car-price,integer IDs,17,792,31011.808260669444,29727.22978650392
car-price,integer IDs,17,793,22116.8112039228,21855.534353078045
car-price,integer IDs,17,794,21309.564545366626,21392.417211563283
car-price,integer IDs,17,795,25884.108270384197,26544.35933798323
car-price,integer IDs,17,796,27984.91450749216,28428.544240587195
car-price,integer IDs,17,797,23820.360372572035,23885.369718501905
car-price,integer IDs,17,798,30831.74359938944,29208.28219957121
car-price,integer IDs,17,799,27161.381230561663,26178.610665554323
car-price,integer IDs,17,800,27002.10265018996,28246.93063908473
car-price,integer IDs,17,801,23369.2150602755,21967.125299641433
car-price,integer IDs,17,802,30465.85352878726,29233.976857554455
car-price,integer IDs,17,803,27234.416123480223,28761.907109725427
car-price,integer IDs,17,804,25191.62183975582,25728.086156735197
car-price,integer IDs,17,805,20777.82380709577,20892.554782383922
car-price,integer IDs,17,806,23628.520522107363,23541.546674283913
car-price,integer IDs,17,807,21035.19306403934,20418.56309130676
car-price,integer IDs,17,808,25623.450576461,25490.030506801406
car-price,integer IDs,17,809,21081.54710146386,20533.27208652641
car-price,integer IDs,17,810,24797.55986836244,25039.484357960806
car-price,integer IDs,17,811,26269.57100300918,26846.25585462642
car-price,integer IDs,17,812,26373.4822609016,28934.576808468497
car-price,integer IDs,17,813,20377.029395219364,20128.346293905888
car-price,integer IDs,17,814,22183.35538280298,23070.21331123483
car-price,integer IDs,17,815,21568.60434744249,21929.82332647778
car-price,integer IDs,17,816,33001.44187322112,29826.93715476807
car-price,integer IDs,17,817,20772.709258460072,20501.357028108323
car-price,integer IDs,17,818,27526.32114870321,27873.934794687946
car-price,integer IDs,17,819,20442.08492213352,20564.334624784926
car-price,integer IDs,17,820,19417.73919631288,19740.854482046067
car-price,integer IDs,17,821,24712.910139445263,25179.527481200916
car-price,integer IDs,17,822,22185.61468739451,21699.223911360503
car-price,integer IDs,17,823,19000.0,19223.966166164104
car-price,integer IDs,17,824,21343.09750790044,20719.820020113126
car-price,integer IDs,17,825,23337.867209068027,23369.099488602405
car-price,integer IDs,17,826,32189.241019215297,28766.1865775936
car-price,integer IDs,17,827,27705.35667759513,28718.95570264406
car-price,integer IDs,17,828,22846.389480482874,23398.939148868332
car-price,integer IDs,17,829,20463.888168774232,20587.706539532755
car-price,integer IDs,17,830,22216.591572276044,22556.411706912528
car-price,integer IDs,17,831,24708.85344317128,22920.92789333256
car-price,integer IDs,17,832,19735.33663127111,19716.58219901722
car-price,integer IDs,17,833,24914.74214739896,25734.12300833038
car-price,integer IDs,17,834,25230.917943662946,25493.336900404567
car-price,integer IDs,17,835,20144.483768809,20184.710195335552
car-price,integer IDs,17,836,23326.91771912497,22765.963523343213
car-price,integer IDs,17,837,24358.472158324512,24589.724255078036
car-price,integer IDs,17,838,27922.647211350395,27614.392021200914
car-price,integer IDs,17,839,25080.454001861795,24963.540467570965
car-price,integer IDs,17,840,20517.412626279493,20881.41931439351
car-price,integer IDs,17,841,20535.343463143625,21019.38634181486
car-price,integer IDs,17,842,19000.0,19156.339940545105
car-price,integer IDs,17,843,25153.42666817084,24986.049207542143
car-price,integer IDs,17,844,21991.352785821124,22900.58521530942
car-price,integer IDs,17,845,19000.0,18983.035067450088
car-price,integer IDs,17,846,32915.43751888148,29663.168834516662
car-price,integer IDs,17,847,24131.92900640097,24397.4502449848
car-price,integer IDs,17,848,22389.133993798445,20975.370058413548
car-price,integer IDs,17,849,20719.74005377815,20265.08701931409
car-price,integer IDs,17,850,21063.848417719837,20953.416475932238
car-price,integer IDs,17,851,20691.61601960965,20951.318293660694
car-price,integer IDs,17,852,19000.0,18871.045835958073
car-price,integer IDs,17,853,26730.59837956252,26347.00185954522
car-price,integer IDs,17,854,23200.46367527109,23034.00376423429
car-price,integer IDs,17,855,19000.0,19127.093966391145
car-price,integer IDs,17,856,25036.77331531518,24955.661249645324
car-price,integer IDs,17,857,21218.37623578837,21043.656731596246
car-price,integer IDs,17,858,27466.248537212326,27429.00528185572
car-price,integer IDs,17,859,21746.78306378804,22005.14129727955
car-price,integer IDs,17,860,22895.08419575752,22533.10428857281
car-price,integer IDs,17,861,20724.40226282932,21236.886920573095
car-price,integer IDs,17,862,22056.372412768247,21643.274941886528
car-price,integer IDs,17,863,25825.99101043068,26319.828021466386
car-price,integer IDs,17,864,24965.9809736702,25733.337646687145
car-price,integer IDs,17,865,22904.70778025173,24871.881532061907
car-price,integer IDs,17,866,19510.58608436775,19718.011366340168
car-price,integer IDs,17,867,22811.892005501617,23258.88125735801
car-price,integer IDs,17,868,21980.111309479584,21757.91121483874
car-price,integer IDs,17,869,20968.462205330623,21659.897801052626
car-price,integer IDs,17,870,19000.0,18798.38503268932
car-price,integer IDs,17,871,20622.264463308005,21182.210786650638
car-price,integer IDs,17,872,22361.25168607459,21668.38967380394
car-price,integer IDs,17,873,24331.33417658367,24145.394094686082
car-price,integer IDs,17,874,23038.65773722073,22906.024183818514
car-price,integer IDs,17,875,26690.18219668417,26652.118252799904
car-price,integer IDs,17,876,26905.54131221342,25136.986595179373
car-price,integer IDs,17,877,26410.990546450805,26135.503525555323
car-price,integer IDs,17,878,23468.26785596368,23345.04141950654
car-price,integer IDs,17,879,24642.05317785964,24797.297322306276
car-price,integer IDs,17,880,33613.93599732121,29730.34856550169
car-price,integer IDs,17,881,19000.0,18840.72595187947
car-price,integer IDs,17,882,20293.75583170487,20018.64839547239
car-price,integer IDs,17,883,22720.394956206936,23094.296523695357
car-price,integer IDs,17,884,26964.501024726484,27694.83403041937
car-price,integer IDs,17,885,29483.48443774505,28130.95312506167
car-price,integer IDs,17,886,20700.488098127447,20522.856568730822
car-price,integer IDs,17,887,19929.380739711207,20053.808928688697
car-price,integer IDs,17,888,25324.454111084724,25662.60630598835
car-price,integer IDs,17,889,22296.445065598487,22420.64825965579
car-price,integer IDs,17,890,21898.51547109079,22394.255861683876
car-price,integer IDs,17,891,27752.09364800126,28094.43612801253
car-price,integer IDs,17,892,22391.94615788218,21449.456484198534
car-price,integer IDs,17,893,28435.88510661583,28266.630152169735
car-price,integer IDs,17,894,23173.36398682841,23278.52092510099
car-price,integer IDs,17,895,20973.423580773677,21169.447042802843
car-price,integer IDs,17,896,23185.51971566356,22654.246638923327
car-price,integer IDs,17,897,22711.03942479985,23401.19316543942
car-price,integer IDs,17,898,21779.69376022673,22263.56598117139
car-price,integer IDs,17,899,24993.824988095897,24825.81134960082
car-price,integer IDs,17,900,20171.021024434933,20320.554676729378
car-price,integer IDs,17,901,25468.719325245977,25831.59529068969
car-price,integer IDs,17,902,24792.03606010264,23728.750259781198
car-price,integer IDs,17,903,24017.09219187684,25311.97573680921
car-price,integer IDs,17,904,22013.44801886032,22613.36232721363
car-price,integer IDs,17,905,20386.59553976634,20859.922157866666
car-price,integer IDs,17,906,29871.082021742543,27911.81557028767
car-price,integer IDs,17,907,21000.15708955269,21301.880069084567
car-price,integer IDs,17,908,24520.390582938227,24717.6557233171
car-price,integer IDs,17,909,26966.29362974667,25326.077618978612
car-price,integer IDs,17,910,22485.82935831855,22908.274415919943
car-price,integer IDs,17,911,22529.45499824906,22005.561035117636
car-price,integer IDs,17,912,20470.94131562936,20799.093977192897
car-price,integer IDs,17,913,25777.91616792003,26844.77089047007
car-price,integer IDs,17,914,20388.100945050315,19710.452998381872
car-price,integer IDs,17,915,28366.921269958068,28861.239298302295
car-price,integer IDs,17,916,21126.927053116397,21034.40661100962
car-price,integer IDs,17,917,24085.21118264391,25277.333941963403
car-price,integer IDs,17,918,23849.228732723543,24327.258249106795
car-price,integer IDs,17,919,22256.407029039485,22396.840302215518
car-price,integer IDs,17,920,30480.431308731124,29235.705508746956
car-price,integer IDs,17,921,23376.20358718998,23888.240147939505
car-price,integer IDs,17,922,25619.87493974517,25083.462991582543
car-price,integer IDs,17,923,21558.58825664212,20971.56952392733
car-price,integer IDs,17,924,23022.79952511959,22350.238076031295
car-price,integer IDs,17,925,19616.22772067084,19597.55534989749
car-price,integer IDs,17,926,19000.0,18699.340948513294
car-price,integer IDs,17,927,20839.86852344197,21159.45549408981
car-price,integer IDs,17,928,24572.64178827962,22966.179092333303
car-price,integer IDs,17,929,19360.32796904422,19781.374703268535
car-price,integer IDs,17,930,21434.474890638365,21255.528802495483
car-price,integer IDs,17,931,35173.61245811534,29817.8073421298
car-price,integer IDs,17,932,29381.77743782806,28209.6712064778
car-price,integer IDs,17,933,20991.349630975536,21243.814927652835
car-price,integer IDs,17,934,24115.132608494867,24061.02980678071
car-price,integer IDs,17,935,24623.92848117357,25816.670259002938
car-price,integer IDs,17,936,22321.582222510388,22285.99947628611
car-price,integer IDs,17,937,25586.00691085244,26663.38098044626
car-price,integer IDs,17,938,25153.6899345957,25686.57824794888
car-price,integer IDs,17,939,26653.62645692673,26208.812961882264
car-price,integer IDs,17,940,20808.32920574369,21794.026995281736
car-price,integer IDs,17,941,23589.777277692447,23876.851586016273
car-price,integer IDs,17,942,29571.482436920225,28054.916158887412
car-price,integer IDs,17,943,24259.644335763038,23883.06906775571
car-price,integer IDs,17,944,21677.34534756553,22383.344694810177
car-price,integer IDs,17,945,23360.36930840019,23598.05852402038
car-price,integer IDs,17,946,27392.44538499941,28461.423620513353
car-price,integer IDs,17,947,20032.59314491217,20284.88778668871
car-price,integer IDs,17,948,21778.578467917778,22151.419870483795
car-price,integer IDs,17,949,20568.43365941745,20601.652053965663
car-price,integer IDs,17,950,25913.85976972456,24730.152861336614
car-price,integer IDs,17,951,25751.544052142417,26541.346949257284
car-price,integer IDs,17,952,19445.966143720187,20057.443151613123
car-price,integer IDs,17,953,20357.43997987861,19912.358760985568
car-price,integer IDs,17,954,19000.0,19386.320222914004
car-price,integer IDs,17,955,23093.156280497973,22840.31892511597
car-price,integer IDs,17,956,23151.5200535584,22619.207668133364
car-price,integer IDs,17,957,20076.39589134668,20319.00432429021
car-price,integer IDs,17,958,22765.710287918824,22513.06285277324
car-price,integer IDs,17,959,25367.17985850844,24454.85044368538
car-price,integer IDs,17,960,25592.193671836663,25629.464475430956
car-price,integer IDs,17,961,24665.27566986347,23586.673328357894
car-price,integer IDs,17,962,23265.078829256385,22713.393771133844
car-price,integer IDs,17,963,20110.58701994265,20923.641969543856
car-price,integer IDs,17,964,26315.707247300405,24989.409393953138
car-price,integer IDs,17,965,25680.514770715068,26101.576744223265
car-price,integer IDs,17,966,21609.84144290018,22403.505690249636
car-price,integer IDs,17,967,27909.60116333299,28191.516990322692
car-price,integer IDs,17,968,25214.478152095977,25048.799472205537
car-price,integer IDs,17,969,23252.48751415465,23092.82086963485
car-price,integer IDs,17,970,26378.541762921188,24510.749292623066
car-price,integer IDs,17,971,27178.409781587867,27902.819549728734
car-price,integer IDs,17,972,25159.29511611409,24613.210457273475
car-price,integer IDs,17,973,24441.178502359988,25930.228097431507
car-price,integer IDs,17,974,21828.87671505293,20916.858269575205
car-price,integer IDs,17,975,24162.735964771902,24281.98840825745
car-price,integer IDs,17,976,25219.451494194705,25358.440193617207
car-price,integer IDs,17,977,20450.88041405499,20157.700448745083
car-price,integer IDs,17,978,19178.920648997428,19506.519738881543
car-price,integer IDs,17,979,24812.422454711377,25282.42109362266
car-price,integer IDs,17,980,22726.974223497316,22327.186273941054
car-price,integer IDs,17,981,23555.49280918221,23271.10694481864
car-price,integer IDs,17,982,20928.28774889692,21529.776487680134
car-price,integer IDs,17,983,20717.181582794736,20587.451287146785
car-price,integer IDs,17,984,36162.51294982523,29798.532996092392
car-price,integer IDs,17,985,22650.12675408055,22591.59041047371
car-price,integer IDs,17,986,26167.77305650905,27372.533264147525
car-price,integer IDs,17,987,26948.64520595648,27631.225911527643
car-price,integer IDs,17,988,23614.868961312783,23891.65777559659
car-price,integer IDs,17,989,22904.65991362903,23312.113173326354
car-price,integer IDs,17,990,22175.701509832947,22927.180721445413
car-price,integer IDs,17,991,23455.576020954268,23750.734607368508
car-price,integer IDs,17,992,25222.83327108859,25329.266119079984
car-price,integer IDs,17,993,25606.682898528525,25280.588636682092
car-price,integer IDs,17,994,20225.08398144559,20168.469231591636
car-price,integer IDs,17,995,28307.20287147518,27684.5877576606
car-price,integer IDs,17,996,26642.219840736867,26333.712810649653
car-price,integer IDs,17,997,23285.23785740729,23931.20106398468
car-price,integer IDs,17,998,25557.02367080644,25665.66582862153
car-price,integer IDs,17,999,25652.716229580943,27571.23459188933
car-price,learned embeddings,17,0,32879.16419219798,30192.3289038565
car-price,learned embeddings,17,1,21286.861406219115,21551.285640235707
car-price,learned embeddings,17,2,26059.08710300212,25121.19305360567
car-price,learned embeddings,17,3,19000.0,19311.693937702963
car-price,learned embeddings,17,4,24149.261510481323,24077.78719727676
car-price,learned embeddings,17,5,31027.422352994803,29899.078320324094
car-price,learned embeddings,17,6,26983.51604059481,27051.480518891418
car-price,learned embeddings,17,7,22765.626521329097,22950.10776265604
car-price,learned embeddings,17,8,20982.76953885622,21230.123152737215
car-price,learned embeddings,17,9,19000.0,18909.83487633027
car-price,learned embeddings,17,10,26603.782942707243,26006.43389857545
car-price,learned embeddings,17,11,25267.301363578656,24982.73712558998
car-price,learned embeddings,17,12,19453.11741715185,19637.500516167445
car-price,learned embeddings,17,13,29793.20302660656,28666.22463432544
car-price,learned embeddings,17,14,27259.328307265423,27688.971008248038
car-price,learned embeddings,17,15,22732.447771803272,23541.838551080597
car-price,learned embeddings,17,16,23636.51424809858,22895.606087627722
car-price,learned embeddings,17,17,21431.34441351366,20872.39975560878
car-price,learned embeddings,17,18,19994.04615365033,20192.642998156567
car-price,learned embeddings,17,19,27853.166415167456,28160.560773961344
car-price,learned embeddings,17,20,21310.148518163587,21842.8856970771
car-price,learned embeddings,17,21,30656.905973308483,29363.88174588966
car-price,learned embeddings,17,22,24701.83380295205,26434.41404323397
car-price,learned embeddings,17,23,21880.11075466191,22460.220213573986
car-price,learned embeddings,17,24,20633.087106700903,20558.843821115748
car-price,learned embeddings,17,25,24749.22415275806,25406.443724504068
car-price,learned embeddings,17,26,22259.451346243324,21877.53585567678
car-price,learned embeddings,17,27,23090.320183102885,22103.578523609867
car-price,learned embeddings,17,28,28022.01114008613,27751.20341857805
car-price,learned embeddings,17,29,22615.114712905244,23345.26406576911
car-price,learned embeddings,17,30,22154.769435725408,21766.026335433224
car-price,learned embeddings,17,31,20710.91344855192,21032.50090927141
car-price,learned embeddings,17,32,24549.763935959247,25662.288136572042
car-price,learned embeddings,17,33,20758.796824571764,21047.048792456957
car-price,learned embeddings,17,34,21728.375954028023,21122.638546054826
car-price,learned embeddings,17,35,24000.690693608038,24949.30731796295
car-price,learned embeddings,17,36,22391.828884656563,21698.747932817998
car-price,learned embeddings,17,37,20616.88186158517,20643.781557249873
car-price,learned embeddings,17,38,21923.860847811447,21767.70785134975
car-price,learned embeddings,17,39,19898.01852851692,19780.337103633945
car-price,learned embeddings,17,40,22780.644674201816,22366.05999823175
car-price,learned embeddings,17,41,19000.0,18913.31590874037
car-price,learned embeddings,17,42,20395.53463155592,19843.69253240389
car-price,learned embeddings,17,43,19000.0,19145.235083595206
car-price,learned embeddings,17,44,21454.921118525483,21105.824107019445
car-price,learned embeddings,17,45,22015.33157046364,21684.494111114684
car-price,learned embeddings,17,46,23809.69329570292,24100.255801668376
car-price,learned embeddings,17,47,23049.073514320666,22948.31302650778
car-price,learned embeddings,17,48,26864.99828278491,26766.00652414154
car-price,learned embeddings,17,49,26192.47941381664,26984.614223893455
car-price,learned embeddings,17,50,19000.0,18957.85020314833
car-price,learned embeddings,17,51,24154.849938681768,25294.311178151893
car-price,learned embeddings,17,52,25795.33483192125,25749.000319974246
car-price,learned embeddings,17,53,21588.753802268857,21301.595646849073
car-price,learned embeddings,17,54,23387.744229923406,23037.452981408605
car-price,learned embeddings,17,55,22539.698455507267,22339.923608662528
car-price,learned embeddings,17,56,21310.256218064667,21618.27178865795
car-price,learned embeddings,17,57,22719.04511744674,22285.27683367632
car-price,learned embeddings,17,58,21411.912958027824,22307.838580949756
car-price,learned embeddings,17,59,19955.87730870784,20808.141395325132
car-price,learned embeddings,17,60,23001.02978511476,22016.351044785973
car-price,learned embeddings,17,61,19435.308640175608,19560.1723890447
car-price,learned embeddings,17,62,22303.43119918183,22595.66296642822
car-price,learned embeddings,17,63,24666.785861809716,24159.145603122553
car-price,learned embeddings,17,64,24364.40522620841,24821.218496167876
car-price,learned embeddings,17,65,24717.99836143848,24208.503500477498
car-price,learned embeddings,17,66,23731.1848544784,23797.238133578547
car-price,learned embeddings,17,67,24837.298738529556,25264.849445626314
car-price,learned embeddings,17,68,24332.119189195982,23911.03356972999
car-price,learned embeddings,17,69,22478.776211463424,23103.96769473858
car-price,learned embeddings,17,70,24914.89771392273,24756.252147828818
car-price,learned embeddings,17,71,19000.0,18904.67763331178
car-price,learned embeddings,17,72,20047.95593746835,19859.785621785566
car-price,learned embeddings,17,73,20249.71614548799,20401.764277233942
car-price,learned embeddings,17,74,25232.318042376974,24931.206297533714
car-price,learned embeddings,17,75,23732.43656666205,23047.84769426201
car-price,learned embeddings,17,76,24475.987110388807,24131.811516714042
car-price,learned embeddings,17,77,24305.70638678908,23736.966536438755
car-price,learned embeddings,17,78,24676.792379285544,24445.38317254807
car-price,learned embeddings,17,79,24073.041093821957,24653.736329523075
car-price,learned embeddings,17,80,26255.12724960888,26484.378537068744
car-price,learned embeddings,17,81,24592.247956938318,24395.891327040743
car-price,learned embeddings,17,82,21083.918892618734,21120.664421295252
car-price,learned embeddings,17,83,21930.057182120207,21066.18704137116
car-price,learned embeddings,17,84,19000.0,19021.800303669337
car-price,learned embeddings,17,85,27522.93937180932,26457.441504793453
car-price,learned embeddings,17,86,23705.016171847263,24285.36972075906
car-price,learned embeddings,17,87,23596.93812444865,23708.843815071596
car-price,learned embeddings,17,88,24879.050400181284,24817.194529285247
car-price,learned embeddings,17,89,23240.30785200815,22559.509708713846
car-price,learned embeddings,17,90,22304.290405059328,21642.63506208286
car-price,learned embeddings,17,91,22313.94749618944,22111.696032742704
car-price,learned embeddings,17,92,20777.60840729361,20347.219855013107
car-price,learned embeddings,17,93,25431.65380595676,25779.61667072772
car-price,learned embeddings,17,94,22516.497503483657,23012.375551167082
car-price,learned embeddings,17,95,26598.345294368308,25225.580410052913
car-price,learned embeddings,17,96,27340.82601907768,26979.827847799108
car-price,learned embeddings,17,97,22130.64944454592,21912.533553843037
car-price,learned embeddings,17,98,30852.68524682152,30060.536536388514
car-price,learned embeddings,17,99,21911.398772591005,22480.40756886525
car-price,learned embeddings,17,100,24446.489304148763,24248.84869690934
car-price,learned embeddings,17,101,32705.027812139608,29489.91982075712
car-price,learned embeddings,17,102,19000.0,17916.673694348334
car-price,learned embeddings,17,103,25046.904286010034,25259.428564112444
car-price,learned embeddings,17,104,24051.65189346761,23840.26276420561
car-price,learned embeddings,17,105,21166.7879831714,21346.84615678175
car-price,learned embeddings,17,106,23075.158430362066,24425.690873023
car-price,learned embeddings,17,107,19000.0,19270.242685829213
car-price,learned embeddings,17,108,19000.0,18956.45805048881
car-price,learned embeddings,17,109,19000.0,18846.620663177906
car-price,learned embeddings,17,110,23178.16022242314,23276.61171041154
car-price,learned embeddings,17,111,19416.071044511715,19436.78732475801
car-price,learned embeddings,17,112,19000.0,18978.183658223144
car-price,learned embeddings,17,113,25886.49681485702,25251.672703554712
car-price,learned embeddings,17,114,23348.6946391232,22904.079986512494
car-price,learned embeddings,17,115,23989.023204324447,23739.796491240042
car-price,learned embeddings,17,116,20129.04678298764,19471.167344536763
car-price,learned embeddings,17,117,21115.86746994112,20965.35013500449
car-price,learned embeddings,17,118,20736.009918834527,20786.759323341183
car-price,learned embeddings,17,119,19354.0047881853,19955.781156485355
car-price,learned embeddings,17,120,38375.25289079045,30173.790873272916
car-price,learned embeddings,17,121,22826.73305187034,22944.5707965138
car-price,learned embeddings,17,122,27940.506248280475,27803.073363308547
car-price,learned embeddings,17,123,23257.99696242764,22293.035839204436
car-price,learned embeddings,17,124,22499.92129204199,22924.2289991555
car-price,learned embeddings,17,125,31860.51698781001,29745.408364817653
car-price,learned embeddings,17,126,22119.09444182568,21710.60911740108
car-price,learned embeddings,17,127,19541.84059566096,19621.15713612124
car-price,learned embeddings,17,128,19000.0,17738.571896576766
car-price,learned embeddings,17,129,25498.58331114969,25816.719502347973
car-price,learned embeddings,17,130,22361.424005916317,22493.725715548593
car-price,learned embeddings,17,131,24934.331562739702,24131.83453156754
car-price,learned embeddings,17,132,22448.05301968221,22830.191992385968
car-price,learned embeddings,17,133,24765.05603821671,24870.980164519515
car-price,learned embeddings,17,134,29084.145171198783,28953.596091616815
car-price,learned embeddings,17,135,19863.13572722291,20089.050373748858
car-price,learned embeddings,17,136,21898.68779093252,22053.69502706597
car-price,learned embeddings,17,137,26044.24366330226,25263.186918299798
car-price,learned embeddings,17,138,24770.34530002527,25482.30105404256
car-price,learned embeddings,17,139,21749.88482093912,21836.053885140653
car-price,learned embeddings,17,140,30888.78386033216,29150.788068403086
car-price,learned embeddings,17,141,19000.0,19625.38676319973
car-price,learned embeddings,17,142,22983.668561060786,22559.316071136782
car-price,learned embeddings,17,143,21640.70584121836,21651.71899853913
car-price,learned embeddings,17,144,26596.13864306175,28337.186567859477
car-price,learned embeddings,17,145,22031.972401845956,21857.618854019034
car-price,learned embeddings,17,146,23367.60674175272,23488.8437365836
car-price,learned embeddings,17,147,28379.93620467072,28071.242193256512
car-price,learned embeddings,17,148,28195.99913361413,28860.220884745933
car-price,learned embeddings,17,149,22703.864218056835,21902.06596926001
car-price,learned embeddings,17,150,23950.466639738064,23691.846086114485
car-price,learned embeddings,17,151,23317.70339425485,23406.326884677874
car-price,learned embeddings,17,152,23661.03153224649,23796.511880068872
car-price,learned embeddings,17,153,20984.68659709543,21106.40785713717
car-price,learned embeddings,17,154,24743.13791168151,24614.38418227362
car-price,learned embeddings,17,155,25412.43057027968,25667.207966267306
car-price,learned embeddings,17,156,20121.94576950981,20188.060076513066
car-price,learned embeddings,17,157,30488.226388238127,29966.963787431607
car-price,learned embeddings,17,158,23803.23369496929,24391.657157175214
car-price,learned embeddings,17,159,24333.921367540708,24607.812043076654
car-price,learned embeddings,17,160,22179.96163925341,21898.181073015723
car-price,learned embeddings,17,161,28396.933642392163,26851.58191884125
car-price,learned embeddings,17,162,23756.475184582945,23679.580036820058
car-price,learned embeddings,17,163,23578.87086770982,22999.408372069556
car-price,learned embeddings,17,164,27873.22492341069,28862.890856133257
car-price,learned embeddings,17,165,23407.448525158645,24486.09977679995
car-price,learned embeddings,17,166,24611.834978947933,24980.16401247365
car-price,learned embeddings,17,167,24839.625056392862,25240.04337748015
car-price,learned embeddings,17,168,21135.54783186501,21183.38252833252
car-price,learned embeddings,17,169,20411.682436724404,20775.68024029627
car-price,learned embeddings,17,170,23006.31186692992,23336.626947664874
car-price,learned embeddings,17,171,28006.636380874283,27914.82376246377
car-price,learned embeddings,17,172,26330.46692041053,24907.41667245926
car-price,learned embeddings,17,173,20061.729558150822,19758.86158784812
car-price,learned embeddings,17,174,22164.304466967624,22139.06449391543
car-price,learned embeddings,17,175,19211.974945304224,19560.489526406487
car-price,learned embeddings,17,176,25880.554173648576,26214.462582046686
car-price,learned embeddings,17,177,20922.83574057117,20908.621027483852
car-price,learned embeddings,17,178,19000.0,18782.757887524003
car-price,learned embeddings,17,179,21588.485749181724,21152.676038869864
car-price,learned embeddings,17,180,20959.185653851,20274.752947009874
car-price,learned embeddings,17,181,19012.943134778598,19174.1979149673
car-price,learned embeddings,17,182,19000.0,18978.980073172534
car-price,learned embeddings,17,183,19994.105986928716,20167.29592432835
car-price,learned embeddings,17,184,23144.85462634716,23230.61594724577
car-price,learned embeddings,17,185,27336.757356148017,26447.7034611389
car-price,learned embeddings,17,186,22634.105795462223,22288.1675447106
car-price,learned embeddings,17,187,26034.354419052048,25987.541166310068
car-price,learned embeddings,17,188,24805.713947539705,24373.797982507385
car-price,learned embeddings,17,189,19101.22833368997,19424.852956836836
car-price,learned embeddings,17,190,21762.71546915437,21745.070189149126
car-price,learned embeddings,17,191,23612.047223904505,23874.916070493993
car-price,learned embeddings,17,192,20501.2576411176,20978.511019734884
car-price,learned embeddings,17,193,20235.45428525396,19896.963128984036
car-price,learned embeddings,17,194,26267.941144506178,26802.63729351915
car-price,learned embeddings,17,195,22383.014246086008,21916.44189829677
car-price,learned embeddings,17,196,22088.593829840032,22289.82562169566
car-price,learned embeddings,17,197,23672.15334203128,24272.472309710665
car-price,learned embeddings,17,198,22723.76715977629,23064.2074314552
car-price,learned embeddings,17,199,22406.66275103188,21909.336335863023
car-price,learned embeddings,17,200,24858.37919916747,25086.405620363
car-price,learned embeddings,17,201,25684.863453387537,25565.698510650654
car-price,learned embeddings,17,202,20262.896220048955,20682.584433113745
car-price,learned embeddings,17,203,21661.470382146446,21590.208650609857
car-price,learned embeddings,17,204,25198.13170044328,25472.77614882306
car-price,learned embeddings,17,205,31521.58061245126,29792.67924696854
car-price,learned embeddings,17,206,19000.0,18663.083881470215
car-price,learned embeddings,17,207,21821.103175526143,21747.372303212458
car-price,learned embeddings,17,208,21859.032687355128,21848.92779885754
car-price,learned embeddings,17,209,19347.662460677297,19879.2851900494
car-price,learned embeddings,17,210,25111.593633260512,24285.022303938364
car-price,learned embeddings,17,211,19636.48008873601,19775.432823863834
car-price,learned embeddings,17,212,21738.33699821229,21686.996644252755
car-price,learned embeddings,17,213,22819.19166546365,22782.427372790327
car-price,learned embeddings,17,214,19671.54956985856,19785.940788276417
car-price,learned embeddings,17,215,23233.771664678206,23097.997085843355
car-price,learned embeddings,17,216,20575.065579992795,20862.966242374565
car-price,learned embeddings,17,217,21659.22065087945,21668.162354052056
car-price,learned embeddings,17,218,20976.580384540863,20825.771346947844
car-price,learned embeddings,17,219,19245.14172817437,19363.407178757814
car-price,learned embeddings,17,220,25816.16399278998,25655.509617945194
car-price,learned embeddings,17,221,30536.160024211807,29130.527955797865
car-price,learned embeddings,17,222,23122.259187100728,22360.578631087075
car-price,learned embeddings,17,223,19000.0,19170.86998912262
car-price,learned embeddings,17,224,22242.83923483463,22577.202283862316
car-price,learned embeddings,17,225,24235.2754381455,24063.508247115613
car-price,learned embeddings,17,226,21337.757986138044,21639.869347636308
car-price,learned embeddings,17,227,19590.76267739343,19307.77129782427
car-price,learned embeddings,17,228,19000.0,18596.330977596946
car-price,learned embeddings,17,229,20376.80202876153,21133.519686258835
car-price,learned embeddings,17,230,23630.04268070928,22949.232264074704
car-price,learned embeddings,17,231,29292.941772755603,28756.695797182318
car-price,learned embeddings,17,232,25657.26595206876,24888.396569735505
car-price,learned embeddings,17,233,20232.7905077006,19872.53681868711
car-price,learned embeddings,17,234,29338.963137152343,28740.766009329607
car-price,learned embeddings,17,235,25796.09112455994,24655.5468653375
car-price,learned embeddings,17,236,20264.71275838049,20417.25840092712
car-price,learned embeddings,17,237,29228.38884537982,29043.810779266598
car-price,learned embeddings,17,238,29561.50463941801,28709.754310279925
car-price,learned embeddings,17,239,25663.30911318487,24354.836936247048
car-price,learned embeddings,17,240,24079.06271495785,24793.395461929675
car-price,learned embeddings,17,241,23966.53307164796,23723.138570988413
car-price,learned embeddings,17,242,19000.0,19032.615744492923
car-price,learned embeddings,17,243,22998.179327732865,23362.213676957057
car-price,learned embeddings,17,244,22683.7985298202,22571.66917328836
car-price,learned embeddings,17,245,23086.024153715392,23285.02675080188
car-price,learned embeddings,17,246,19694.80078183601,20414.39616337299
car-price,learned embeddings,17,247,33598.609104732066,30099.522850810466
car-price,learned embeddings,17,248,21181.82049603093,21445.467788954145
car-price,learned embeddings,17,249,20128.29288368008,20463.772372893338
car-price,learned embeddings,17,250,22290.70585753653,22532.201718395714
car-price,learned embeddings,17,251,27144.38857950249,28720.407381989593
car-price,learned embeddings,17,252,29974.17476038676,29587.476776313462
car-price,learned embeddings,17,253,26308.003114376534,26318.89928243839
car-price,learned embeddings,17,254,21866.143274157497,21853.51257709366
car-price,learned embeddings,17,255,26678.69660056685,24930.08879395319
car-price,learned embeddings,17,256,20118.82725904078,19732.591027453578
car-price,learned embeddings,17,257,24173.197215163407,25564.23561428136
car-price,learned embeddings,17,258,24394.915411518603,24320.66999058495
car-price,learned embeddings,17,259,32486.51189284317,29739.962133402976
car-price,learned embeddings,17,260,19000.0,19134.501641000577
car-price,learned embeddings,17,261,27046.197383022947,27232.575565674044
car-price,learned embeddings,17,262,25575.56959377229,24186.833589812537
car-price,learned embeddings,17,263,22816.585327857538,23226.118837292935
car-price,learned embeddings,17,264,19836.82344472368,19817.970708499008
car-price,learned embeddings,17,265,21139.86779456385,20877.118111594613
car-price,learned embeddings,17,266,24020.483542095262,23695.59719598559
car-price,learned embeddings,17,267,27268.456472214675,27220.864729647576
car-price,learned embeddings,17,268,22721.01722230206,22662.26378178693
car-price,learned embeddings,17,269,24494.46602008288,25140.99048052192
car-price,learned embeddings,17,270,23852.115090072475,23914.887805710478
car-price,learned embeddings,17,271,21267.87989698668,21029.592539472585
car-price,learned embeddings,17,272,23234.86063034468,23613.097198830907
car-price,learned embeddings,17,273,20810.79912347511,20705.597045757673
car-price,learned embeddings,17,274,19241.654644710536,19513.99990851451
car-price,learned embeddings,17,275,19926.257442579907,20028.215885393492
car-price,learned embeddings,17,276,19000.0,18880.78515008999
car-price,learned embeddings,17,277,20872.52074011807,21476.31253736419
car-price,learned embeddings,17,278,22354.660452128537,22712.159063057887
car-price,learned embeddings,17,279,23484.74115416653,23697.789384484575
car-price,learned embeddings,17,280,35772.682387878696,30221.02195277665
car-price,learned embeddings,17,281,21714.15956708556,21816.13303344216
car-price,learned embeddings,17,282,24997.379084831515,25002.85465888673
car-price,learned embeddings,17,283,23601.107307285987,23648.68331530191
car-price,learned embeddings,17,284,22527.96155962076,23223.615897105527
car-price,learned embeddings,17,285,21879.09119559836,21171.546876941735
car-price,learned embeddings,17,286,20665.961903172567,20708.816113966102
car-price,learned embeddings,17,287,21683.80973496142,21923.46612971698
car-price,learned embeddings,17,288,21949.189471214155,21901.33488776003
car-price,learned embeddings,17,289,23938.102691094165,23582.084803239784
car-price,learned embeddings,17,290,21619.96044693936,21991.650991114377
car-price,learned embeddings,17,291,20272.309191403285,20841.15017680615
car-price,learned embeddings,17,292,23345.889655032865,23640.49759557382
car-price,learned embeddings,17,293,20641.762932065623,20402.970683620715
car-price,learned embeddings,17,294,20879.79886009989,21029.0309695634
car-price,learned embeddings,17,295,21132.905594291864,20925.477937098396
car-price,learned embeddings,17,296,21460.73212652149,21267.573666287404
car-price,learned embeddings,17,297,21018.746092478967,21388.622710542542
car-price,learned embeddings,17,298,24752.55088303584,24916.468787971902
car-price,learned embeddings,17,299,31188.66107156615,29057.968565949584
car-price,learned embeddings,17,300,25636.221391397867,26685.666210425323
car-price,learned embeddings,17,301,20357.43758654748,20911.373062231953
car-price,learned embeddings,17,302,21583.10554079003,21507.22215915125
car-price,learned embeddings,17,303,22944.32698386209,22853.719509733502
car-price,learned embeddings,17,304,19773.06031662248,19765.42055260539
car-price,learned embeddings,17,305,29706.82770594097,28900.1861515628
car-price,learned embeddings,17,306,23070.85043431889,23209.135150740534
car-price,learned embeddings,17,307,23895.695256711417,24111.130040214994
car-price,learned embeddings,17,308,31881.824814905754,29920.15828592611
car-price,learned embeddings,17,309,25474.13304027356,25475.570075925138
car-price,learned embeddings,17,310,22270.70718257168,21616.643048218295
car-price,learned embeddings,17,311,24990.077031538334,26514.57956115875
car-price,learned embeddings,17,312,19000.0,17663.935867829303
car-price,learned embeddings,17,313,22182.678070091748,21181.05931055594
car-price,learned embeddings,17,314,26129.56113160613,26242.10326326324
car-price,learned embeddings,17,315,24959.255713180588,25679.205533519
car-price,learned embeddings,17,316,25564.48368395453,25537.016639514837
car-price,learned embeddings,17,317,21834.60156312808,21899.726594354204
car-price,learned embeddings,17,318,26335.57668238396,24573.618322297567
car-price,learned embeddings,17,319,27586.88917973906,26789.195084637882
car-price,learned embeddings,17,320,25621.72737804373,26386.858924473014
car-price,learned embeddings,17,321,24223.17954258873,23829.397050610754
car-price,learned embeddings,17,322,23882.840675184823,23489.112558049823
car-price,learned embeddings,17,323,21046.16648729375,21075.53153753455
car-price,learned embeddings,17,324,20398.70100864765,20389.25688063962
car-price,learned embeddings,17,325,21447.91583829306,20585.99837230154
car-price,learned embeddings,17,326,21569.21704021308,20799.074140686953
car-price,learned embeddings,17,327,19000.0,19430.596846336142
car-price,learned embeddings,17,328,20949.10254977884,21717.277410091338
car-price,learned embeddings,17,329,24145.86776693176,24153.524275056167
car-price,learned embeddings,17,330,27515.029412407835,27041.807527710393
car-price,learned embeddings,17,331,19000.0,19117.57402683495
car-price,learned embeddings,17,332,21665.282958644653,21641.68559788091
car-price,learned embeddings,17,333,20643.25637069392,20611.3998764298
car-price,learned embeddings,17,334,27100.332139967664,26761.871468495807
car-price,learned embeddings,17,335,24299.794858885387,24908.509404220793
car-price,learned embeddings,17,336,22985.595192624536,23273.97014831435
car-price,learned embeddings,17,337,24443.34925369952,24208.642028764036
car-price,learned embeddings,17,338,34181.07888974239,30152.07211631617
car-price,learned embeddings,17,339,27208.766793705407,27114.478142148357
car-price,learned embeddings,17,340,20799.471487212704,20298.512035384785
car-price,learned embeddings,17,341,19000.0,18469.000195929464
car-price,learned embeddings,17,342,19000.0,18779.24715250508
car-price,learned embeddings,17,343,22056.173766284035,22392.312388007118
car-price,learned embeddings,17,344,19228.08206384341,19476.88777724324
car-price,learned embeddings,17,345,26040.81401978567,24949.878391712962
car-price,learned embeddings,17,346,22406.61249107804,23082.890188708403
car-price,learned embeddings,17,347,25271.867839384417,24407.830058506748
car-price,learned embeddings,17,348,23276.29637228657,23036.39838886339
car-price,learned embeddings,17,349,30000.03470330146,29519.634498612824
car-price,learned embeddings,17,350,26777.835556175887,25321.440517111434
car-price,learned embeddings,17,351,22583.671128452366,22781.971089999337
car-price,learned embeddings,17,352,19000.0,19457.875687218802
car-price,learned embeddings,17,353,26095.68113605772,25632.54449305593
car-price,learned embeddings,17,354,21006.461123762525,20533.565833745874
car-price,learned embeddings,17,355,24209.422675224203,23401.059257399116
car-price,learned embeddings,17,356,20702.993915825893,20904.67308846448
car-price,learned embeddings,17,357,24210.50206756613,23750.66665320792
car-price,learned embeddings,17,358,23238.307027179213,23267.97779970227
car-price,learned embeddings,17,359,23325.63489363656,24174.81850353255
car-price,learned embeddings,17,360,24262.61445970169,24429.977548937084
car-price,learned embeddings,17,361,20733.71950093824,20438.767216747387
car-price,learned embeddings,17,362,22831.423980895124,22399.852299270235
car-price,learned embeddings,17,363,22572.24775894456,23178.3659043984
car-price,learned embeddings,17,364,24925.07415790916,24701.466000583692
car-price,learned embeddings,17,365,24222.37777665847,24856.064904009
car-price,learned embeddings,17,366,20527.108010707765,20397.561870152018
car-price,learned embeddings,17,367,23026.0736021124,23702.829927118895
car-price,learned embeddings,17,368,21105.71256593491,20596.308431191002
car-price,learned embeddings,17,369,23845.162463125023,23249.300455291366
car-price,learned embeddings,17,370,21855.79690366048,21843.63566025035
car-price,learned embeddings,17,371,23074.071858026728,23450.05372194526
car-price,learned embeddings,17,372,19945.937804503792,19969.6985961927
car-price,learned embeddings,17,373,22125.207009544712,22474.062241976382
car-price,learned embeddings,17,374,20611.381986636727,20665.174233593116
car-price,learned embeddings,17,375,28409.029537948933,28484.77693478539
car-price,learned embeddings,17,376,27371.632977448626,26563.327516619174
car-price,learned embeddings,17,377,22289.61449853893,21894.65184540266
car-price,learned embeddings,17,378,22728.73810854388,22489.993265499797
car-price,learned embeddings,17,379,27312.37649187481,25430.15213626796
car-price,learned embeddings,17,380,29853.12246490479,28373.77553569772
car-price,learned embeddings,17,381,19974.49742493888,19626.30392649712
car-price,learned embeddings,17,382,24875.94385636793,25861.34792167104
car-price,learned embeddings,17,383,24086.247495025407,23840.490133289477
car-price,learned embeddings,17,384,30152.559303209928,29904.011811348733
car-price,learned embeddings,17,385,24868.28280340449,23796.262235543698
car-price,learned embeddings,17,386,19313.59339196922,19596.396564545743
car-price,learned embeddings,17,387,26487.019496619363,25965.56651794508
car-price,learned embeddings,17,388,27318.493846256108,27546.65978861756
car-price,learned embeddings,17,389,24659.37610861546,25047.485592392382
car-price,learned embeddings,17,390,20656.22104545273,20945.2647169224
car-price,learned embeddings,17,391,29037.2957142293,28277.010931232264
car-price,learned embeddings,17,392,19270.48471156389,19387.66998072065
car-price,learned embeddings,17,393,26984.57149962539,27815.406051880578
car-price,learned embeddings,17,394,32182.02751917412,29626.527699812792
car-price,learned embeddings,17,395,21256.131034444494,20958.492947709936
car-price,learned embeddings,17,396,25563.27744506244,26230.31801736422
car-price,learned embeddings,17,397,23935.386260255837,23850.0643392427
car-price,learned embeddings,17,398,23674.541886504103,23713.185614628834
car-price,learned embeddings,17,399,24810.58676973076,25035.592144400012
car-price,learned embeddings,17,400,28776.59015368341,28649.17005114395
car-price,learned embeddings,17,401,21765.78371966956,21695.10600782848
car-price,learned embeddings,17,402,27506.22913382409,26481.95383923827
car-price,learned embeddings,17,403,19000.0,19114.456456340235
car-price,learned embeddings,17,404,21645.461390183795,22518.688979500665
car-price,learned embeddings,17,405,21128.7890647395,20379.167078087114
car-price,learned embeddings,17,406,23275.047053434057,23081.06305642741
car-price,learned embeddings,17,407,21460.686653229925,21142.99487046531
car-price,learned embeddings,17,408,21415.41440147847,21334.390149836083
car-price,learned embeddings,17,409,25796.809123900468,25493.215334222827
car-price,learned embeddings,17,410,19611.37883179114,19668.183397283035
car-price,learned embeddings,17,411,22100.85965190739,22859.844994938645
car-price,learned embeddings,17,412,29655.509899742272,29220.234929511018
car-price,learned embeddings,17,413,29862.71254276312,28944.954432748236
car-price,learned embeddings,17,414,22300.14276220221,21903.569985081216
car-price,learned embeddings,17,415,30177.394900398805,29320.22715480659
car-price,learned embeddings,17,416,19000.0,18689.089189560844
car-price,learned embeddings,17,417,21703.047330625315,21471.008260883424
car-price,learned embeddings,17,418,22615.42345262167,22311.264177916528
car-price,learned embeddings,17,419,25567.176181481515,26262.934301243182
car-price,learned embeddings,17,420,21862.68730399842,20720.729042089864
car-price,learned embeddings,17,421,31707.03984210977,29409.62072936653
car-price,learned embeddings,17,422,22275.69488465721,22084.719464134014
car-price,learned embeddings,17,423,24842.54013371541,24438.856155464662
car-price,learned embeddings,17,424,22977.778573137315,22744.304988079377
car-price,learned embeddings,17,425,21802.169532916407,21773.106187565776
car-price,learned embeddings,17,426,24117.253099880563,25046.45842526646
car-price,learned embeddings,17,427,28570.971895874,28794.01864295897
car-price,learned embeddings,17,428,22881.545121526284,24108.646695239127
car-price,learned embeddings,17,429,19034.63868151823,19354.877147997253
car-price,learned embeddings,17,430,26355.312090923955,26182.730515368272
car-price,learned embeddings,17,431,25912.96227054889,26298.475312802646
car-price,learned embeddings,17,432,22109.490003980543,22152.581841620653
car-price,learned embeddings,17,433,19158.96026733073,19398.082914239654
car-price,learned embeddings,17,434,20593.539703024595,20722.843660522543
car-price,learned embeddings,17,435,28758.752656733544,29168.085614011023
car-price,learned embeddings,17,436,21346.213625038334,22111.1477434732
car-price,learned embeddings,17,437,23138.30168569927,23980.66504335815
car-price,learned embeddings,17,438,20495.973165971314,20863.16521761079
car-price,learned embeddings,17,439,27116.207105386748,26831.870521421595
car-price,learned embeddings,17,440,25326.450149251395,25720.505288661938
car-price,learned embeddings,17,441,25571.91737046013,25179.623537473457
car-price,learned embeddings,17,442,24199.772764087505,25103.254626771064
car-price,learned embeddings,17,443,21585.460578626968,20936.097778580082
car-price,learned embeddings,17,444,23744.41758232433,23241.563291128867
car-price,learned embeddings,17,445,21082.02576769088,21343.40578118575
car-price,learned embeddings,17,446,24021.80944754411,23668.065221200806
car-price,learned embeddings,17,447,23541.913048321683,23418.3620565603
car-price,learned embeddings,17,448,21196.93438214906,21516.639154212884
car-price,learned embeddings,17,449,25309.48143150357,25583.528188806053
car-price,learned embeddings,17,450,30546.027728481808,29459.448363552
car-price,learned embeddings,17,451,19000.0,19341.425065755466
car-price,learned embeddings,17,452,25593.98149019458,25593.045688530474
car-price,learned embeddings,17,453,26939.52182766949,27201.011965601298
car-price,learned embeddings,17,454,22085.858252352617,21722.414634086897
car-price,learned embeddings,17,455,19739.68052728131,20010.68852071174
car-price,learned embeddings,17,456,19932.98509640066,19754.56551520103
car-price,learned embeddings,17,457,27125.684696681725,28042.66449208898
car-price,learned embeddings,17,458,21102.519862200697,20801.811757343086
car-price,learned embeddings,17,459,22451.90867614085,22478.542371377152
car-price,learned embeddings,17,460,24694.95536926978,23327.481320522602
car-price,learned embeddings,17,461,20338.013311055045,20242.100641530047
car-price,learned embeddings,17,462,21873.93117367109,22457.028757692176
car-price,learned embeddings,17,463,22238.705951964323,22758.86471852866
car-price,learned embeddings,17,464,21457.29530301149,20700.601568940212
car-price,learned embeddings,17,465,20743.012805735816,20778.513862154603
car-price,learned embeddings,17,466,19955.60925562071,19934.49540645983
car-price,learned embeddings,17,467,21134.037639918763,21446.265468663034
car-price,learned embeddings,17,468,26233.685395969565,26325.90328492826
car-price,learned embeddings,17,469,29679.431244437543,29189.65238403512
car-price,learned embeddings,17,470,27944.974597509696,28123.656659294982
car-price,learned embeddings,17,471,20899.91959495264,20912.290487636972
car-price,learned embeddings,17,472,21113.866645112183,20848.167806004672
car-price,learned embeddings,17,473,23667.90996592876,24280.73790508918
car-price,learned embeddings,17,474,22889.50055421934,22982.984999242664
car-price,learned embeddings,17,475,23315.41776302084,23189.66460145019
car-price,learned embeddings,17,476,20583.3584723759,20748.11719215431
car-price,learned embeddings,17,477,24607.0387433532,24731.261403049393
car-price,learned embeddings,17,478,22210.6010644449,21978.692985308975
car-price,learned embeddings,17,479,19824.421202781617,20115.315858512262
car-price,learned embeddings,17,480,23080.840198476777,23046.83658611317
car-price,learned embeddings,17,481,19052.591058362577,19575.475461784376
car-price,learned embeddings,17,482,27153.37793124591,26579.59674284062
car-price,learned embeddings,17,483,20383.529682582284,20191.08314755147
car-price,learned embeddings,17,484,21124.758695108,21857.723084284502
car-price,learned embeddings,17,485,21455.27533153348,21589.63211083532
car-price,learned embeddings,17,486,19065.278106709717,19519.509528569062
car-price,learned embeddings,17,487,29346.281943763464,28688.076976344306
car-price,learned embeddings,17,488,29677.25809976688,29399.9176691681
car-price,learned embeddings,17,489,23412.505633847097,23831.760717337726
car-price,learned embeddings,17,490,27121.37430730741,27818.8283475599
car-price,learned embeddings,17,491,22648.74819534673,22319.73468140542
car-price,learned embeddings,17,492,19000.0,19071.336713091474
car-price,learned embeddings,17,493,30420.286897306185,29786.40053251078
car-price,learned embeddings,17,494,33051.01972768461,29825.145101935923
car-price,learned embeddings,17,495,20468.643717739666,20136.50660476922
car-price,learned embeddings,17,496,19000.0,18184.99060780865
car-price,learned embeddings,17,497,24641.25619859165,24640.00880075457
car-price,learned embeddings,17,498,20549.05725054772,20836.47969370403
car-price,learned embeddings,17,499,20617.178634645927,20273.766811285204
car-price,learned embeddings,17,500,24268.23160787576,23732.4393104005
car-price,learned embeddings,17,501,22137.965857825904,22064.52968057114
car-price,learned embeddings,17,502,23695.3279674124,23719.767670348847
car-price,learned embeddings,17,503,21337.74601948237,22227.85926148307
car-price,learned embeddings,17,504,23759.8545681457,23171.492092804652
car-price,learned embeddings,17,505,27462.680080489903,28582.443308751204
car-price,learned embeddings,17,506,19997.55717042552,20044.496848037306
car-price,learned embeddings,17,507,24633.930211987128,25237.130865618044
car-price,learned embeddings,17,508,24402.04993163232,24542.889279497576
car-price,learned embeddings,17,509,29237.263317228757,28439.52693451667
car-price,learned embeddings,17,510,26564.86259178833,26623.309374358694
car-price,learned embeddings,17,511,22053.41425548527,21952.862684072523
car-price,learned embeddings,17,512,26216.479738439368,27647.279028594123
car-price,learned embeddings,17,513,19000.0,19008.597834448035
car-price,learned embeddings,17,514,20045.47644641239,20377.34017203598
car-price,learned embeddings,17,515,24611.049966335624,26177.836705503556
car-price,learned embeddings,17,516,26713.316135436,26968.122817754713
car-price,learned embeddings,17,517,21082.44460063952,21266.478396697556
car-price,learned embeddings,17,518,19208.382555270447,19125.74410809936
car-price,learned embeddings,17,519,21867.74680601801,21346.56113418822
car-price,learned embeddings,17,520,20901.11865385132,20651.776594519535
car-price,learned embeddings,17,521,22625.99240291425,21823.87440201998
car-price,learned embeddings,17,522,24611.73924570253,24688.08861909776
car-price,learned embeddings,17,523,22697.44769728365,22723.924008353417
car-price,learned embeddings,17,524,19000.0,19401.635317632306
car-price,learned embeddings,17,525,29079.75580189702,29036.083705375142
car-price,learned embeddings,17,526,31045.671502899902,29328.47737115764
car-price,learned embeddings,17,527,24346.756802418226,23614.33584000548
car-price,learned embeddings,17,528,23527.92881449932,23082.626016061666
car-price,learned embeddings,17,529,19552.81880557764,19748.499845690072
car-price,learned embeddings,17,530,19444.43201846259,19815.23027569607
car-price,learned embeddings,17,531,22938.66436239646,23377.77092032529
car-price,learned embeddings,17,532,22635.570514116906,22912.644429987307
car-price,learned embeddings,17,533,23767.8267541567,24098.509024074214
car-price,learned embeddings,17,534,25048.002825001044,25145.09092812983
car-price,learned embeddings,17,535,20049.11670306887,20451.01241253653
car-price,learned embeddings,17,536,20829.55087291858,21175.242283090938
car-price,learned embeddings,17,537,26959.563582594783,27489.99798244065
car-price,learned embeddings,17,538,23460.108990124136,23493.884651046006
car-price,learned embeddings,17,539,30525.136341003563,29240.22278949984
car-price,learned embeddings,17,540,21304.265710233525,21234.27431176264
car-price,learned embeddings,17,541,20751.65751779578,20859.663530636048
car-price,learned embeddings,17,542,20836.88164618537,21471.37685549749
car-price,learned embeddings,17,543,22182.54643687932,22039.102957113988
car-price,learned embeddings,17,544,25578.137638080247,25634.622491785318
car-price,learned embeddings,17,545,19000.0,18822.729743814813
car-price,learned embeddings,17,546,21175.021042276127,21136.502903180095
car-price,learned embeddings,17,547,23396.27645542002,23142.913610475265
car-price,learned embeddings,17,548,21540.757939685664,21647.940443785905
car-price,learned embeddings,17,549,20227.9894854436,20527.69168767902
car-price,learned embeddings,17,550,23728.403803699417,24469.034888803675
car-price,learned embeddings,17,551,24392.840393424474,25607.939134432894
car-price,learned embeddings,17,552,24754.530167884564,24084.562329940873
car-price,learned embeddings,17,553,23231.699039915216,23311.423956879033
car-price,learned embeddings,17,554,21811.43411774036,22042.298088867552
car-price,learned embeddings,17,555,22704.08919118353,23018.236217096746
car-price,learned embeddings,17,556,32243.729989168,29380.072828311975
car-price,learned embeddings,17,557,25765.296132844676,25962.76837654312
car-price,learned embeddings,17,558,19955.78396879357,20420.043139520807
car-price,learned embeddings,17,559,20844.85143886524,20423.3541620533
car-price,learned embeddings,17,560,19647.726351739828,19477.83515390888
car-price,learned embeddings,17,561,26809.798493485083,26226.465815570667
car-price,learned embeddings,17,562,19000.0,19344.136872813637
car-price,learned embeddings,17,563,23794.87139598327,24788.501268952743
car-price,learned embeddings,17,564,23572.91865317684,23402.331414718974
car-price,learned embeddings,17,565,19594.32634745359,20098.785689224642
car-price,learned embeddings,17,566,25651.45015741048,25189.038829935835
car-price,learned embeddings,17,567,19143.07572858711,19330.083871929328
car-price,learned embeddings,17,568,21879.342495367546,21988.966505186538
car-price,learned embeddings,17,569,24121.125509657148,23830.987954345488
car-price,learned embeddings,17,570,23961.119356620373,23691.326400861748
car-price,learned embeddings,17,571,22663.495901801187,21572.116762269816
car-price,learned embeddings,17,572,21843.294141810744,22307.072680907568
car-price,learned embeddings,17,573,26434.543318151274,25603.567864381643
car-price,learned embeddings,17,574,25137.01320324636,25848.6242959511
car-price,learned embeddings,17,575,19890.828961787098,20445.629862677106
car-price,learned embeddings,17,576,26242.308568049317,26885.047609974732
car-price,learned embeddings,17,577,21281.088691521265,21217.371010537514
car-price,learned embeddings,17,578,21007.62428269418,20877.058378905007
car-price,learned embeddings,17,579,27064.88929918804,27249.90437488529
car-price,learned embeddings,17,580,22737.76336025432,22201.122099985085
car-price,learned embeddings,17,581,21865.719654546585,21354.99126727564
car-price,learned embeddings,17,582,21056.90536409692,21304.561951150936
car-price,learned embeddings,17,583,26978.884944848403,27901.78173394342
car-price,learned embeddings,17,584,23900.888785274576,23447.437201811103
car-price,learned embeddings,17,585,25326.6344357488,26316.188555947643
car-price,learned embeddings,17,586,31614.36766722776,28970.804260770954
car-price,learned embeddings,17,587,20702.778516023733,20296.47942921212
car-price,learned embeddings,17,588,22967.123462923875,22943.586100573753
car-price,learned embeddings,17,589,24683.76654621321,25343.232612460146
car-price,learned embeddings,17,590,26664.74587338038,27189.911115135837
car-price,learned embeddings,17,591,27973.6036245477,28705.620120901127
car-price,learned embeddings,17,592,21385.605462190862,20679.50749909584
car-price,learned embeddings,17,593,21552.11908258396,21263.80130847807
car-price,learned embeddings,17,594,23110.27099144504,23460.075233715717
car-price,learned embeddings,17,595,22738.048166659395,22951.07084967055
car-price,learned embeddings,17,596,22033.8439867936,21594.14188622164
car-price,learned embeddings,17,597,21588.009476285843,21443.136279908053
car-price,learned embeddings,17,598,21395.284093301187,21255.285542220532
car-price,learned embeddings,17,599,19832.58964194569,19986.408523704566
car-price,learned embeddings,17,600,25694.510971193107,25836.37509407354
car-price,learned embeddings,17,601,31037.14406406556,29533.26373017795
car-price,learned embeddings,17,602,22808.792641681663,22699.274449918164
car-price,learned embeddings,17,603,21858.747880950054,22398.527825142035
car-price,learned embeddings,17,604,19158.634774296363,19150.512740651608
car-price,learned embeddings,17,605,26552.271276686595,25652.50023607645
car-price,learned embeddings,17,606,22478.972464616505,22269.193475598702
car-price,learned embeddings,17,607,21008.938221487348,20593.14613099937
car-price,learned embeddings,17,608,24487.649813010124,24844.30973444522
car-price,learned embeddings,17,609,24665.388156426816,25191.969817793695
car-price,learned embeddings,17,610,20001.81251318372,19921.704455881845
car-price,learned embeddings,17,611,19898.42539480989,20240.76861791998
car-price,learned embeddings,17,612,22871.9167503698,22813.51956544772
car-price,learned embeddings,17,613,19960.197271406687,20294.079280212856
car-price,learned embeddings,17,614,19394.071544717925,20031.00487647367
car-price,learned embeddings,17,615,22835.913870104563,23985.628498396894
car-price,learned embeddings,17,616,24197.228653090897,24318.327413254367
car-price,learned embeddings,17,617,29010.06917923646,29147.146324077694
car-price,learned embeddings,17,618,22609.353964863072,22530.289248677895
car-price,learned embeddings,17,619,37858.68826524724,30213.788505056844
car-price,learned embeddings,17,620,23459.14208434556,24385.493333660623
car-price,learned embeddings,17,621,23174.01257956602,23062.843676625856
car-price,learned embeddings,17,622,22595.45828429271,22094.07323136868
car-price,learned embeddings,17,623,24814.64825266701,24654.46523055087
car-price,learned embeddings,17,624,25893.07129548512,25428.551486225435
car-price,learned embeddings,17,625,22481.576408891488,22740.09720438026
car-price,learned embeddings,17,626,25969.617205178864,25963.560739963417
car-price,learned embeddings,17,627,23146.745357943884,23197.074759394724
car-price,learned embeddings,17,628,23807.19465799788,24172.697457721097
car-price,learned embeddings,17,629,23717.84203340024,23391.196805429245
car-price,learned embeddings,17,630,22670.47724872226,23527.226704873287
car-price,learned embeddings,17,631,31244.353887079807,29972.651682940756
car-price,learned embeddings,17,632,25072.917402117386,24166.03581763581
car-price,learned embeddings,17,633,19305.53504603736,19201.46475483213
car-price,learned embeddings,17,634,25878.62514875369,26201.01548685167
car-price,learned embeddings,17,635,21590.654107190123,21613.798201071404
car-price,learned embeddings,17,636,21100.87325037975,21128.038115224623
car-price,learned embeddings,17,637,24667.544547779537,23216.795093233333
car-price,learned embeddings,17,638,26698.53252901452,27044.696165447607
car-price,learned embeddings,17,639,25493.404142573345,26740.1346507994
car-price,learned embeddings,17,640,24252.57204225883,24673.094786098492
car-price,learned embeddings,17,641,23088.36722489665,22877.424001608673
car-price,learned embeddings,17,642,22018.576927482827,21763.826029329168
car-price,learned embeddings,17,643,31628.064701313902,29603.45234559482
car-price,learned embeddings,17,644,23960.449223902546,22772.174079027078
car-price,learned embeddings,17,645,23573.5911792258,24585.855055053704
car-price,learned embeddings,17,646,21311.017297365623,21389.601872176805
car-price,learned embeddings,17,647,29997.85916529966,27908.621384826958
car-price,learned embeddings,17,648,22036.081751404912,21847.36502612553
car-price,learned embeddings,17,649,21124.04069576747,20903.596507197282
car-price,learned embeddings,17,650,24588.574193645945,22962.543447456017
car-price,learned embeddings,17,651,26344.21660778165,27507.044613558777
car-price,learned embeddings,17,652,27277.81679028404,26678.744602616374
car-price,learned embeddings,17,653,28823.896736899696,28270.107962651575
car-price,learned embeddings,17,654,22308.775507606497,23202.09731666293
car-price,learned embeddings,17,655,24036.85392705932,23976.09133995106
car-price,learned embeddings,17,656,21163.62160607967,21533.57549228048
car-price,learned embeddings,17,657,21478.789809935784,21600.630201377273
car-price,learned embeddings,17,658,26668.43399665956,26415.73945783697
car-price,learned embeddings,17,659,20886.54566056973,21053.693998788298
car-price,learned embeddings,17,660,19669.601398314597,20139.752447590872
car-price,learned embeddings,17,661,19000.0,18704.97735278621
car-price,learned embeddings,17,662,22675.71385724585,23247.68186698296
car-price,learned embeddings,17,663,19867.695023035267,19494.040568524215
car-price,learned embeddings,17,664,25210.69908223366,26544.030236866827
car-price,learned embeddings,17,665,21718.520216413704,21553.67002002863
car-price,learned embeddings,17,666,20150.931402886945,20294.408316109693
car-price,learned embeddings,17,667,21751.97419902006,21416.66894196245
car-price,learned embeddings,17,668,29241.410960085872,28877.098155236334
car-price,learned embeddings,17,669,24238.66200170166,22886.698771349846
car-price,learned embeddings,17,670,23928.71843971346,23594.660390483197
car-price,learned embeddings,17,671,30506.013625234154,29243.318366292668
car-price,learned embeddings,17,672,29875.2392379242,27594.46279562208
car-price,learned embeddings,17,673,22287.79078021398,22504.132653586435
car-price,learned embeddings,17,674,24231.785961350528,24626.12451100522
car-price,learned embeddings,17,675,19000.0,17998.81364843451
car-price,learned embeddings,17,676,26347.466751463115,25599.41706967543
car-price,learned embeddings,17,677,20057.569948638025,20743.46755666048
car-price,learned embeddings,17,678,19000.0,19558.157754124706
car-price,learned embeddings,17,679,24037.24882669661,23789.93121809945
car-price,learned embeddings,17,680,22620.98555417963,23479.414530467504
car-price,learned embeddings,17,681,23782.955000261634,23592.70274764631
car-price,learned embeddings,17,682,23358.179410411576,23060.00644515279
car-price,learned embeddings,17,683,28594.19678120896,27206.07109873374
car-price,learned embeddings,17,684,20035.10853593516,19849.030205469368
car-price,learned embeddings,17,685,19108.43704706888,19835.064438258374
car-price,learned embeddings,17,686,27163.21212888001,28388.52722957143
car-price,learned embeddings,17,687,23045.205891206348,23504.48530117076
car-price,learned embeddings,17,688,21148.038627059068,20988.196943451207
car-price,learned embeddings,17,689,24827.754133962797,25640.612960110244
car-price,learned embeddings,17,690,27843.88268369442,27367.80858808654
car-price,learned embeddings,17,691,27416.079529958468,27191.12991230832
car-price,learned embeddings,17,692,20895.61159890947,21098.860609485928
car-price,learned embeddings,17,693,27426.136307388137,28533.037693565573
car-price,learned embeddings,17,694,19884.323887761908,19600.47130646483
car-price,learned embeddings,17,695,19000.0,17789.380925144033
car-price,learned embeddings,17,696,21758.57261295952,22523.994287230118
car-price,learned embeddings,17,697,24834.95566734829,24590.615429827325
car-price,learned embeddings,17,698,21205.9596338595,20882.55450178429
car-price,learned embeddings,17,699,23412.31416735629,23832.03346319981
car-price,learned embeddings,17,700,22445.5495953149,22481.39382778397
car-price,learned embeddings,17,701,28200.17549644487,27451.406777843666
car-price,learned embeddings,17,702,27149.71134794694,26892.94605411681
car-price,learned embeddings,17,703,21201.536757921844,21360.51134552635
car-price,learned embeddings,17,704,28660.156987292172,28965.58272455871
car-price,learned embeddings,17,705,23244.259241712192,23447.63846222569
car-price,learned embeddings,17,706,27538.85981051997,26654.355165364206
car-price,learned embeddings,17,707,24218.29954040427,24429.861053235763
car-price,learned embeddings,17,708,22063.05698662857,22197.14182120948
car-price,learned embeddings,17,709,21209.8057169936,21494.631576571028
car-price,learned embeddings,17,710,19734.491785380425,19788.60167908428
car-price,learned embeddings,17,711,23751.059076224225,23682.764533019803
car-price,learned embeddings,17,712,21529.683996523578,21715.724053392172
car-price,learned embeddings,17,713,24808.03547874075,25448.56685490931
car-price,learned embeddings,17,714,21396.928311790994,21082.809046813774
car-price,learned embeddings,17,715,19821.417572207072,19662.744330888007
car-price,learned embeddings,17,716,21561.127580976456,21322.429459684343
car-price,learned embeddings,17,717,29569.1824456994,28678.529912698254
car-price,learned embeddings,17,718,26264.64792086429,28542.45466104123
car-price,learned embeddings,17,719,23562.811615793333,23522.42540600855
car-price,learned embeddings,17,720,28689.085180722068,28873.352917249365
car-price,learned embeddings,17,721,21672.869818342904,21680.316971922253
car-price,learned embeddings,17,722,27994.815718398047,27120.91788115933
car-price,learned embeddings,17,723,20034.88356280846,19879.702299407585
car-price,learned embeddings,17,724,20855.46825578052,20787.512677573905
car-price,learned embeddings,17,725,21480.81217474494,21820.294718205052
car-price,learned embeddings,17,726,32077.436555239336,30058.35777778357
car-price,learned embeddings,17,727,22887.521269370616,22693.04048947068
car-price,learned embeddings,17,728,19996.33417821549,19625.817263083653
car-price,learned embeddings,17,729,20800.13683326826,21228.888086473602
car-price,learned embeddings,17,730,23862.62420708668,22769.80691921971
car-price,learned embeddings,17,731,22498.370413466448,22407.22378741723
car-price,learned embeddings,17,732,20446.687297906305,20789.019467945647
car-price,learned embeddings,17,733,19020.25236806517,19916.803117828065
car-price,learned embeddings,17,734,25085.949090147973,25419.022428572684
car-price,learned embeddings,17,735,20663.94432502568,21209.986369230042
car-price,learned embeddings,17,736,27818.06821407129,28737.285114056518
car-price,learned embeddings,17,737,25755.00241563263,26364.270048262704
car-price,learned embeddings,17,738,21755.17408274768,21241.667408958987
car-price,learned embeddings,17,739,22494.498003689863,22092.745766503933
car-price,learned embeddings,17,740,33449.68407485078,30156.932307530522
car-price,learned embeddings,17,741,23794.20365659658,23477.421667566236
car-price,learned embeddings,17,742,19163.483663176063,20017.8465381025
car-price,learned embeddings,17,743,29543.76048238242,29483.19877560469
car-price,learned embeddings,17,744,26099.634919092896,26990.14792093615
car-price,learned embeddings,17,745,26037.707475972315,24402.686146171684
car-price,learned embeddings,17,746,19770.0542927168,19657.156788137363
car-price,learned embeddings,17,747,27594.205593019047,26757.66049439586
car-price,learned embeddings,17,748,25484.58950400279,25502.40737236519
car-price,learned embeddings,17,749,21442.92813620752,21647.341716949424
car-price,learned embeddings,17,750,24111.181218790825,24903.639990561984
car-price,learned embeddings,17,751,21629.263325061474,21960.212743262826
car-price,learned embeddings,17,752,21337.07588676454,21768.081539193554
car-price,learned embeddings,17,753,20365.591665724747,21035.349495710725
car-price,learned embeddings,17,754,20325.97006878325,20704.807166832205
car-price,learned embeddings,17,755,23671.174469597023,24159.74467421857
car-price,learned embeddings,17,756,24253.22542165871,24212.197859399763
car-price,learned embeddings,17,757,25021.13289634733,23457.502338944403
car-price,learned embeddings,17,758,30094.444436587557,29258.745357988868
car-price,learned embeddings,17,759,23885.829945772555,23740.13610848714
car-price,learned embeddings,17,760,21850.414301937653,21455.185138861176
car-price,learned embeddings,17,761,23687.954114185177,24021.890564157333
car-price,learned embeddings,17,762,21210.19582996862,21441.602530609278
car-price,learned embeddings,17,763,23657.044242575423,23454.437606505657
car-price,learned embeddings,17,764,20844.84665220297,20659.282142617943
car-price,learned embeddings,17,765,19000.0,19006.603752869414
car-price,learned embeddings,17,766,19755.92885235747,19966.44207399523
car-price,learned embeddings,17,767,22941.469346486792,21955.06116181756
car-price,learned embeddings,17,768,19000.0,18709.40204973167
car-price,learned embeddings,17,769,24575.56404559557,25197.06382103955
car-price,learned embeddings,17,770,27218.46696479595,28186.032682033696
car-price,learned embeddings,17,771,21311.64913678529,20895.623557299972
car-price,learned embeddings,17,772,20085.646116183823,20752.86683172371
car-price,learned embeddings,17,773,22333.474684920675,22040.25903683978
car-price,learned embeddings,17,774,33979.5125415447,29731.34097288735
car-price,learned embeddings,17,775,21967.122701409426,21823.97847137898
car-price,learned embeddings,17,776,21405.003411040805,21448.433671113282
car-price,learned embeddings,17,777,23034.45026108523,22516.777656655107
car-price,learned embeddings,17,778,22166.69779810272,22167.20675989033
car-price,learned embeddings,17,779,24021.524641139036,23906.632746340485
car-price,learned embeddings,17,780,28105.423516806462,28126.285314876197
car-price,learned embeddings,17,781,22510.05704939912,22116.842179171294
car-price,learned embeddings,17,782,20592.36218410613,20450.71984624478
car-price,learned embeddings,17,783,32521.49042738258,30010.46501920641
car-price,learned embeddings,17,784,20960.087939688925,20837.89066548594
car-price,learned embeddings,17,785,24485.761474744537,24338.46702696015
car-price,learned embeddings,17,786,27324.168434377418,27136.77805374616
car-price,learned embeddings,17,787,24532.496051819537,24824.698569999804
car-price,learned embeddings,17,788,19891.5110611606,19410.371074843948
car-price,learned embeddings,17,789,25512.89543133756,25012.70480412712
car-price,learned embeddings,17,790,22235.355288375187,21735.739790498705
car-price,learned embeddings,17,791,20524.67877960564,20731.640416855684
car-price,learned embeddings,17,792,31011.808260669444,30170.913318181738
car-price,learned embeddings,17,793,22116.8112039228,22188.633193633883
car-price,learned embeddings,17,794,21309.564545366626,21444.383810237163
car-price,learned embeddings,17,795,25884.108270384197,26715.459783294693
car-price,learned embeddings,17,796,27984.91450749216,28533.309816652072
car-price,learned embeddings,17,797,23820.360372572035,24346.84797433157
car-price,learned embeddings,17,798,30831.74359938944,29318.353700275897
car-price,learned embeddings,17,799,27161.381230561663,26568.318727689875
car-price,learned embeddings,17,800,27002.10265018996,28288.582575670036
car-price,learned embeddings,17,801,23369.2150602755,22723.598928033043
car-price,learned embeddings,17,802,30465.85352878726,29028.16489596265
car-price,learned embeddings,17,803,27234.416123480223,27410.80445608047
car-price,learned embeddings,17,804,25191.62183975582,25679.279005281478
car-price,learned embeddings,17,805,20777.82380709577,20962.451050359126
car-price,learned embeddings,17,806,23628.520522107363,23476.570833809383
car-price,learned embeddings,17,807,21035.19306403934,20910.435734363917
car-price,learned embeddings,17,808,25623.450576461,25395.300172764397
car-price,learned embeddings,17,809,21081.54710146386,20438.92316039049
car-price,learned embeddings,17,810,24797.55986836244,24703.68056193822
car-price,learned embeddings,17,811,26269.57100300918,26873.127405348434
car-price,learned embeddings,17,812,26373.4822609016,27004.33480929701
car-price,learned embeddings,17,813,20377.029395219364,20349.781552104516
car-price,learned embeddings,17,814,22183.35538280298,22551.33534608624
car-price,learned embeddings,17,815,21568.60434744249,21745.77531531405
car-price,learned embeddings,17,816,33001.44187322112,30125.082121291212
car-price,learned embeddings,17,817,20772.709258460072,21385.01243937309
car-price,learned embeddings,17,818,27526.32114870321,27844.65504560333
car-price,learned embeddings,17,819,20442.08492213352,21192.314137318834
car-price,learned embeddings,17,820,19417.73919631288,19493.72450845499
car-price,learned embeddings,17,821,24712.910139445263,25037.1441815724
car-price,learned embeddings,17,822,22185.61468739451,22308.540679088306
car-price,learned embeddings,17,823,19000.0,18558.946072677827
car-price,learned embeddings,17,824,21343.09750790044,20773.837602682564
car-price,learned embeddings,17,825,23337.867209068027,23359.0945596287
car-price,learned embeddings,17,826,32189.241019215297,29382.11835765598
car-price,learned embeddings,17,827,27705.35667759513,27928.484499771846
car-price,learned embeddings,17,828,22846.389480482874,23342.48114009476
car-price,learned embeddings,17,829,20463.888168774232,20702.753622635802
car-price,learned embeddings,17,830,22216.591572276044,22403.099728496298
car-price,learned embeddings,17,831,24708.85344317128,23530.794659595984
car-price,learned embeddings,17,832,19735.33663127111,19944.555275922572
car-price,learned embeddings,17,833,24914.74214739896,24694.89416296567
car-price,learned embeddings,17,834,25230.917943662946,25616.07314758337
car-price,learned embeddings,17,835,20144.483768809,20020.36676942079
car-price,learned embeddings,17,836,23326.91771912497,22165.282989670206
car-price,learned embeddings,17,837,24358.472158324512,24790.770919472478
car-price,learned embeddings,17,838,27922.647211350395,28203.75299297761
car-price,learned embeddings,17,839,25080.454001861795,25398.884956025973
car-price,learned embeddings,17,840,20517.412626279493,20390.734804684576
car-price,learned embeddings,17,841,20535.343463143625,20901.6229188641
car-price,learned embeddings,17,842,19000.0,18674.389959982742
car-price,learned embeddings,17,843,25153.42666817084,24946.8328160815
car-price,learned embeddings,17,844,21991.352785821124,22465.27606507021
car-price,learned embeddings,17,845,19000.0,19575.08340449136
car-price,learned embeddings,17,846,32915.43751888148,30121.34739160703
car-price,learned embeddings,17,847,24131.92900640097,24846.963641559643
car-price,learned embeddings,17,848,22389.133993798445,21079.511742376457
car-price,learned embeddings,17,849,20719.74005377815,20394.585688852116
car-price,learned embeddings,17,850,21063.848417719837,21345.15643557255
car-price,learned embeddings,17,851,20691.61601960965,20583.05358919393
car-price,learned embeddings,17,852,19000.0,18308.52991761382
car-price,learned embeddings,17,853,26730.59837956252,27656.64105931182
car-price,learned embeddings,17,854,23200.46367527109,23164.885430633465
car-price,learned embeddings,17,855,19000.0,19297.406841280277
car-price,learned embeddings,17,856,25036.77331531518,24802.098635395632
car-price,learned embeddings,17,857,21218.37623578837,21062.55084164034
car-price,learned embeddings,17,858,27466.248537212326,28328.945019315437
car-price,learned embeddings,17,859,21746.78306378804,21778.630486182705
car-price,learned embeddings,17,860,22895.08419575752,23031.016324733806
car-price,learned embeddings,17,861,20724.40226282932,21081.90424730571
car-price,learned embeddings,17,862,22056.372412768247,21656.345012438724
car-price,learned embeddings,17,863,25825.99101043068,25126.00915163401
car-price,learned embeddings,17,864,24965.9809736702,26061.156367282958
car-price,learned embeddings,17,865,22904.70778025173,23774.870623842275
car-price,learned embeddings,17,866,19510.58608436775,20059.834446900193
car-price,learned embeddings,17,867,22811.892005501617,22522.51211190834
car-price,learned embeddings,17,868,21980.111309479584,21487.9496701696
car-price,learned embeddings,17,869,20968.462205330623,21124.31065317043
car-price,learned embeddings,17,870,19000.0,18694.508549546714
car-price,learned embeddings,17,871,20622.264463308005,20779.86145427979
car-price,learned embeddings,17,872,22361.25168607459,22174.522839174075
car-price,learned embeddings,17,873,24331.33417658367,24758.32994630109
car-price,learned embeddings,17,874,23038.65773722073,23067.111178083207
car-price,learned embeddings,17,875,26690.18219668417,27604.333467074546
car-price,learned embeddings,17,876,26905.54131221342,26267.91917492443
car-price,learned embeddings,17,877,26410.990546450805,26333.66258121908
car-price,learned embeddings,17,878,23468.26785596368,23120.080613566035
car-price,learned embeddings,17,879,24642.05317785964,24487.898002120426
car-price,learned embeddings,17,880,33613.93599732121,30157.018590190382
car-price,learned embeddings,17,881,19000.0,19142.478131936216
car-price,learned embeddings,17,882,20293.75583170487,20015.99475215547
car-price,learned embeddings,17,883,22720.394956206936,22528.462884194443
car-price,learned embeddings,17,884,26964.501024726484,27817.44876686696
car-price,learned embeddings,17,885,29483.48443774505,28378.13257762329
car-price,learned embeddings,17,886,20700.488098127447,20893.869916446318
car-price,learned embeddings,17,887,19929.380739711207,20472.185811561154
car-price,learned embeddings,17,888,25324.454111084724,24903.212477752033
car-price,learned embeddings,17,889,22296.445065598487,22514.522933793793
car-price,learned embeddings,17,890,21898.51547109079,22321.671856198845
car-price,learned embeddings,17,891,27752.09364800126,28447.420822842905
car-price,learned embeddings,17,892,22391.94615788218,22298.500649967005
car-price,learned embeddings,17,893,28435.88510661583,28449.482817717282
car-price,learned embeddings,17,894,23173.36398682841,23196.057104944586
car-price,learned embeddings,17,895,20973.423580773677,21210.26956834156
car-price,learned embeddings,17,896,23185.51971566356,22285.616897867993
car-price,learned embeddings,17,897,22711.03942479985,22933.085306215165
car-price,learned embeddings,17,898,21779.69376022673,22292.69566180957
car-price,learned embeddings,17,899,24993.824988095897,24866.92441478644
car-price,learned embeddings,17,900,20171.021024434933,20347.1810439008
car-price,learned embeddings,17,901,25468.719325245977,25671.85941870206
car-price,learned embeddings,17,902,24792.03606010264,23593.602793146783
car-price,learned embeddings,17,903,24017.09219187684,24477.250695938317
car-price,learned embeddings,17,904,22013.44801886032,22447.264434756573
car-price,learned embeddings,17,905,20386.59553976634,20767.439173626088
car-price,learned embeddings,17,906,29871.082021742543,28793.9087988896
car-price,learned embeddings,17,907,21000.15708955269,21459.1142434079
car-price,learned embeddings,17,908,24520.390582938227,24429.674661269084
car-price,learned embeddings,17,909,26966.29362974667,25314.94517215041
car-price,learned embeddings,17,910,22485.82935831855,22412.60971175053
car-price,learned embeddings,17,911,22529.45499824906,22691.265855529797
car-price,learned embeddings,17,912,20470.94131562936,19922.806473109635
car-price,learned embeddings,17,913,25777.91616792003,27029.714707778574
car-price,learned embeddings,17,914,20388.100945050315,19994.301533724225
car-price,learned embeddings,17,915,28366.921269958068,27771.934477152805
car-price,learned embeddings,17,916,21126.927053116397,21290.465530866004
car-price,learned embeddings,17,917,24085.21118264391,24848.05372124787
car-price,learned embeddings,17,918,23849.228732723543,23701.27018280546
car-price,learned embeddings,17,919,22256.407029039485,22361.090452861543
car-price,learned embeddings,17,920,30480.431308731124,29676.92093980709
car-price,learned embeddings,17,921,23376.20358718998,24844.096486356393
car-price,learned embeddings,17,922,25619.87493974517,25457.548560817315
car-price,learned embeddings,17,923,21558.58825664212,21305.496625744967
car-price,learned embeddings,17,924,23022.79952511959,22714.823516970115
car-price,learned embeddings,17,925,19616.22772067084,19571.592573884634
car-price,learned embeddings,17,926,19000.0,18707.082521634497
car-price,learned embeddings,17,927,20839.86852344197,20736.60382973953
car-price,learned embeddings,17,928,24572.64178827962,23430.917378450264
car-price,learned embeddings,17,929,19360.32796904422,19313.093757965675
car-price,learned embeddings,17,930,21434.474890638365,21451.481797998764
car-price,learned embeddings,17,931,35173.61245811534,30194.40218640197
car-price,learned embeddings,17,932,29381.77743782806,28320.78689681387
car-price,learned embeddings,17,933,20991.349630975536,20765.18137507935
car-price,learned embeddings,17,934,24115.132608494867,24224.06980243472
car-price,learned embeddings,17,935,24623.92848117357,25635.25814856965
car-price,learned embeddings,17,936,22321.582222510388,21969.66044877209
car-price,learned embeddings,17,937,25586.00691085244,25746.05363491382
car-price,learned embeddings,17,938,25153.6899345957,24618.563097581035
car-price,learned embeddings,17,939,26653.62645692673,26758.04328284259
car-price,learned embeddings,17,940,20808.32920574369,21047.490402727584
car-price,learned embeddings,17,941,23589.777277692447,23807.0674306521
car-price,learned embeddings,17,942,29571.482436920225,29347.839531755966
car-price,learned embeddings,17,943,24259.644335763038,23404.563436757242
car-price,learned embeddings,17,944,21677.34534756553,21961.846423898976
car-price,learned embeddings,17,945,23360.36930840019,23438.672868594655
car-price,learned embeddings,17,946,27392.44538499941,28208.27224395204
car-price,learned embeddings,17,947,20032.59314491217,20308.54253858223
car-price,learned embeddings,17,948,21778.578467917778,21803.48638510031
car-price,learned embeddings,17,949,20568.43365941745,20928.850949434418
car-price,learned embeddings,17,950,25913.85976972456,25101.21970020615
car-price,learned embeddings,17,951,25751.544052142417,25942.571277324758
car-price,learned embeddings,17,952,19445.966143720187,20623.020743177196
car-price,learned embeddings,17,953,20357.43997987861,20076.887860016457
car-price,learned embeddings,17,954,19000.0,19369.483886147555
car-price,learned embeddings,17,955,23093.156280497973,23549.3163211424
car-price,learned embeddings,17,956,23151.5200535584,23475.473751583457
car-price,learned embeddings,17,957,20076.39589134668,20318.616754661707
car-price,learned embeddings,17,958,22765.710287918824,22185.79770925655
car-price,learned embeddings,17,959,25367.17985850844,24502.592347358994
car-price,learned embeddings,17,960,25592.193671836663,25115.3718393044
car-price,learned embeddings,17,961,24665.27566986347,23658.812272666197
car-price,learned embeddings,17,962,23265.078829256385,23086.170584237003
car-price,learned embeddings,17,963,20110.58701994265,20990.579084727564
car-price,learned embeddings,17,964,26315.707247300405,25900.001004209305
car-price,learned embeddings,17,965,25680.514770715068,25761.699478288087
car-price,learned embeddings,17,966,21609.84144290018,22032.419903066344
car-price,learned embeddings,17,967,27909.60116333299,27628.011136960846
car-price,learned embeddings,17,968,25214.478152095977,24965.25470538064
car-price,learned embeddings,17,969,23252.48751415465,22887.15715155993
car-price,learned embeddings,17,970,26378.541762921188,25509.31574013032
car-price,learned embeddings,17,971,27178.409781587867,27828.248466883833
car-price,learned embeddings,17,972,25159.29511611409,25281.14318200441
car-price,learned embeddings,17,973,24441.178502359988,25622.57244360682
car-price,learned embeddings,17,974,21828.87671505293,21581.25343146677
car-price,learned embeddings,17,975,24162.735964771902,24064.724612138747
car-price,learned embeddings,17,976,25219.451494194705,25694.835260413056
car-price,learned embeddings,17,977,20450.88041405499,20142.941181229835
car-price,learned embeddings,17,978,19178.920648997428,19063.408045796346
car-price,learned embeddings,17,979,24812.422454711377,24951.92484665571
car-price,learned embeddings,17,980,22726.974223497316,22856.008200017044
car-price,learned embeddings,17,981,23555.49280918221,22690.508432081275
car-price,learned embeddings,17,982,20928.28774889692,21299.990763977035
car-price,learned embeddings,17,983,20717.181582794736,20110.577866366675
car-price,learned embeddings,17,984,36162.51294982523,30204.396253053896
car-price,learned embeddings,17,985,22650.12675408055,21921.835303954114
car-price,learned embeddings,17,986,26167.77305650905,28092.640994342713
car-price,learned embeddings,17,987,26948.64520595648,26793.66655392813
car-price,learned embeddings,17,988,23614.868961312783,24376.37838276998
car-price,learned embeddings,17,989,22904.65991362903,23058.181124162107
car-price,learned embeddings,17,990,22175.701509832947,23400.76912594037
car-price,learned embeddings,17,991,23455.576020954268,23383.211712271157
car-price,learned embeddings,17,992,25222.83327108859,25524.915097233665
car-price,learned embeddings,17,993,25606.682898528525,25129.076600711767
car-price,learned embeddings,17,994,20225.08398144559,20569.65033478687
car-price,learned embeddings,17,995,28307.20287147518,27374.49124184118
car-price,learned embeddings,17,996,26642.219840736867,25625.358360939448
car-price,learned embeddings,17,997,23285.23785740729,23573.607377778622
car-price,learned embeddings,17,998,25557.02367080644,25226.78333582406
car-price,learned embeddings,17,999,25652.716229580943,26834.531994627683
car-price,integer IDs,29,0,32879.16419219798,29163.718545131
car-price,integer IDs,29,1,21286.861406219115,21484.79390916643
car-price,integer IDs,29,2,26059.08710300212,24749.12284716528
car-price,integer IDs,29,3,19000.0,19418.314401716336
car-price,integer IDs,29,4,24149.261510481323,24469.174907867044
car-price,integer IDs,29,5,31027.422352994803,29072.992781814228
car-price,integer IDs,29,6,26983.51604059481,27865.0572830929
car-price,integer IDs,29,7,22765.626521329097,22957.550849180654
car-price,integer IDs,29,8,20982.76953885622,20380.91639693024
car-price,integer IDs,29,9,19000.0,19120.983881871674
car-price,integer IDs,29,10,26603.782942707243,26220.3384785948
car-price,integer IDs,29,11,25267.301363578656,24344.75827145861
car-price,integer IDs,29,12,19453.11741715185,19423.815532065117
car-price,integer IDs,29,13,29793.20302660656,28733.256572675582
car-price,integer IDs,29,14,27259.328307265423,28409.355051072263
car-price,integer IDs,29,15,22732.447771803272,23719.79029224653
car-price,integer IDs,29,16,23636.51424809858,22236.51017400672
car-price,integer IDs,29,17,21431.34441351366,20866.18987484257
car-price,integer IDs,29,18,19994.04615365033,19966.861011996796
car-price,integer IDs,29,19,27853.166415167456,27174.019889913747
car-price,integer IDs,29,20,21310.148518163587,21653.618848945494
car-price,integer IDs,29,21,30656.905973308483,29065.673743479572
car-price,integer IDs,29,22,24701.83380295205,25473.359203960892
car-price,integer IDs,29,23,21880.11075466191,22171.097091105068
car-price,integer IDs,29,24,20633.087106700903,20856.6994936563
car-price,integer IDs,29,25,24749.22415275806,25429.545817580147
car-price,integer IDs,29,26,22259.451346243324,21147.693717473274
car-price,integer IDs,29,27,23090.320183102885,21996.160826122792
car-price,integer IDs,29,28,28022.01114008613,27101.680792135543
car-price,integer IDs,29,29,22615.114712905244,23503.498992448924
car-price,integer IDs,29,30,22154.769435725408,21870.35947367952
car-price,integer IDs,29,31,20710.91344855192,21333.271093435862
car-price,integer IDs,29,32,24549.763935959247,25990.639426505993
car-price,integer IDs,29,33,20758.796824571764,20634.01842114552
car-price,integer IDs,29,34,21728.375954028023,21265.910501338003
car-price,integer IDs,29,35,24000.690693608038,25545.469205865094
car-price,integer IDs,29,36,22391.828884656563,21447.758641193566
car-price,integer IDs,29,37,20616.88186158517,20960.951681117644
car-price,integer IDs,29,38,21923.860847811447,21831.118814203644
car-price,integer IDs,29,39,19898.01852851692,19705.321728717245
car-price,integer IDs,29,40,22780.644674201816,22687.34916694515
car-price,integer IDs,29,41,19000.0,18827.00273513424
car-price,integer IDs,29,42,20395.53463155592,19876.801674609174
car-price,integer IDs,29,43,19000.0,19095.1789281463
car-price,integer IDs,29,44,21454.921118525483,20660.346141759095
car-price,integer IDs,29,45,22015.33157046364,21791.948558643817
car-price,integer IDs,29,46,23809.69329570292,23854.568501685113
car-price,integer IDs,29,47,23049.073514320666,22572.401102299336
car-price,integer IDs,29,48,26864.99828278491,26973.5245081904
car-price,integer IDs,29,49,26192.47941381664,26797.346494088302
car-price,integer IDs,29,50,19000.0,19170.979691756518
car-price,integer IDs,29,51,24154.849938681768,25122.41496122527
car-price,integer IDs,29,52,25795.33483192125,26049.526912017027
car-price,integer IDs,29,53,21588.753802268857,21563.60092036202
car-price,integer IDs,29,54,23387.744229923406,22727.97706672902
car-price,integer IDs,29,55,22539.698455507267,22205.99256065317
car-price,integer IDs,29,56,21310.256218064667,21360.28725552972
car-price,integer IDs,29,57,22719.04511744674,23355.04032964036
car-price,integer IDs,29,58,21411.912958027824,22404.702251893315
car-price,integer IDs,29,59,19955.87730870784,20778.731849073443
car-price,integer IDs,29,60,23001.02978511476,22419.450846426163
car-price,integer IDs,29,61,19435.308640175608,19549.336843370056
car-price,integer IDs,29,62,22303.43119918183,23653.939003470874
car-price,integer IDs,29,63,24666.785861809716,24234.006055184524
car-price,integer IDs,29,64,24364.40522620841,25376.00432690389
car-price,integer IDs,29,65,24717.99836143848,24317.214188272832
car-price,integer IDs,29,66,23731.1848544784,23786.664255219606
car-price,integer IDs,29,67,24837.298738529556,25615.755555070704
car-price,integer IDs,29,68,24332.119189195982,23411.26078018742
car-price,integer IDs,29,69,22478.776211463424,22517.271578474967
car-price,integer IDs,29,70,24914.89771392273,25880.716612525233
car-price,integer IDs,29,71,19000.0,18965.174247715273
car-price,integer IDs,29,72,20047.95593746835,20544.574591511802
car-price,integer IDs,29,73,20249.71614548799,20152.337433330493
car-price,integer IDs,29,74,25232.318042376974,24504.648856960324
car-price,integer IDs,29,75,23732.43656666205,22831.716189760104
car-price,integer IDs,29,76,24475.987110388807,24245.241237833474
car-price,integer IDs,29,77,24305.70638678908,24732.86533858542
car-price,integer IDs,29,78,24676.792379285544,24440.11480168158
car-price,integer IDs,29,79,24073.041093821957,25483.005844110212
car-price,integer IDs,29,80,26255.12724960888,26593.51711525102
car-price,integer IDs,29,81,24592.247956938318,24629.15442441858
car-price,integer IDs,29,82,21083.918892618734,20507.14540617531
car-price,integer IDs,29,83,21930.057182120207,21414.973694151635
car-price,integer IDs,29,84,19000.0,19438.251828089968
car-price,integer IDs,29,85,27522.93937180932,26289.071569120486
car-price,integer IDs,29,86,23705.016171847263,25098.586510681438
car-price,integer IDs,29,87,23596.93812444865,23541.883455524345
car-price,integer IDs,29,88,24879.050400181284,25414.004742401048
car-price,integer IDs,29,89,23240.30785200815,22580.81999193789
car-price,integer IDs,29,90,22304.290405059328,21317.00054382635
car-price,integer IDs,29,91,22313.94749618944,22125.7875120482
car-price,integer IDs,29,92,20777.60840729361,20859.16617958915
car-price,integer IDs,29,93,25431.65380595676,26470.389065361735
car-price,integer IDs,29,94,22516.497503483657,23293.067176023338
car-price,integer IDs,29,95,26598.345294368308,26153.85528952274
car-price,integer IDs,29,96,27340.82601907768,26801.308105572745
car-price,integer IDs,29,97,22130.64944454592,22579.678628590656
car-price,integer IDs,29,98,30852.68524682152,29157.93388113674
car-price,integer IDs,29,99,21911.398772591005,21959.333119408195
car-price,integer IDs,29,100,24446.489304148763,25641.29767418804
car-price,integer IDs,29,101,32705.027812139608,28884.838016709025
car-price,integer IDs,29,102,19000.0,18628.5493246118
car-price,integer IDs,29,103,25046.904286010034,25493.92042614604
car-price,integer IDs,29,104,24051.65189346761,23073.51391084397
car-price,integer IDs,29,105,21166.7879831714,21819.37907944982
car-price,integer IDs,29,106,23075.158430362066,24213.745039658097
car-price,integer IDs,29,107,19000.0,18837.99488157238
car-price,integer IDs,29,108,19000.0,18996.183548634923
car-price,integer IDs,29,109,19000.0,19008.03584483356
car-price,integer IDs,29,110,23178.16022242314,23225.49861458682
car-price,integer IDs,29,111,19416.071044511715,19897.968891750228
car-price,integer IDs,29,112,19000.0,19172.186462160058
car-price,integer IDs,29,113,25886.49681485702,24670.74179325191
car-price,integer IDs,29,114,23348.6946391232,23268.288476147205
car-price,integer IDs,29,115,23989.023204324447,23063.08562724381
car-price,integer IDs,29,116,20129.04678298764,19761.575378223915
car-price,integer IDs,29,117,21115.86746994112,21495.24658032117
car-price,integer IDs,29,118,20736.009918834527,20888.510267642665
car-price,integer IDs,29,119,19354.0047881853,19722.017347827074
car-price,integer IDs,29,120,38375.25289079045,29170.672784863462
car-price,integer IDs,29,121,22826.73305187034,22682.286604609904
car-price,integer IDs,29,122,27940.506248280475,27081.320904379478
car-price,integer IDs,29,123,23257.99696242764,22580.884599135545
car-price,integer IDs,29,124,22499.92129204199,22651.697306600287
car-price,integer IDs,29,125,31860.51698781001,29037.634494358685
car-price,integer IDs,29,126,22119.09444182568,21898.66142607427
car-price,integer IDs,29,127,19541.84059566096,19789.809577376644
car-price,integer IDs,29,128,19000.0,18139.86683282147
car-price,integer IDs,29,129,25498.58331114969,25755.90179369066
car-price,integer IDs,29,130,22361.424005916317,23547.227695906502
car-price,integer IDs,29,131,24934.331562739702,24056.670207201067
car-price,integer IDs,29,132,22448.05301968221,22543.894949996273
car-price,integer IDs,29,133,24765.05603821671,25341.661601811957
car-price,integer IDs,29,134,29084.145171198783,28548.49839822948
car-price,integer IDs,29,135,19863.13572722291,20093.016753805427
car-price,integer IDs,29,136,21898.68779093252,21739.720270839876
car-price,integer IDs,29,137,26044.24366330226,24286.64362495551
car-price,integer IDs,29,138,24770.34530002527,25410.442059454064
car-price,integer IDs,29,139,21749.88482093912,22182.835649920336
car-price,integer IDs,29,140,30888.78386033216,29061.072564420087
car-price,integer IDs,29,141,19000.0,19862.892142981997
car-price,integer IDs,29,142,22983.668561060786,21957.113273010018
car-price,integer IDs,29,143,21640.70584121836,21102.261568325637
car-price,integer IDs,29,144,26596.13864306175,27460.309643930537
car-price,integer IDs,29,145,22031.972401845956,21114.964668030003
car-price,integer IDs,29,146,23367.60674175272,23437.778733089057
car-price,integer IDs,29,147,28379.93620467072,27860.965011565633
car-price,integer IDs,29,148,28195.99913361413,28474.18410481915
car-price,integer IDs,29,149,22703.864218056835,21657.873466344834
car-price,integer IDs,29,150,23950.466639738064,24493.29347044337
car-price,integer IDs,29,151,23317.70339425485,23620.07947987861
car-price,integer IDs,29,152,23661.03153224649,23480.758129004374
car-price,integer IDs,29,153,20984.68659709543,21516.146660173585
car-price,integer IDs,29,154,24743.13791168151,24479.8420480623
car-price,integer IDs,29,155,25412.43057027968,25321.078279285117
car-price,integer IDs,29,156,20121.94576950981,20352.479445376135
car-price,integer IDs,29,157,30488.226388238127,29069.333032307597
car-price,integer IDs,29,158,23803.23369496929,24896.08834457295
car-price,integer IDs,29,159,24333.921367540708,25192.089947521454
car-price,integer IDs,29,160,22179.96163925341,23345.19727166739
car-price,integer IDs,29,161,28396.933642392163,27567.054014672398
car-price,integer IDs,29,162,23756.475184582945,23623.8642882931
car-price,integer IDs,29,163,23578.87086770982,23349.650630103995
car-price,integer IDs,29,164,27873.22492341069,29041.678012240205
car-price,integer IDs,29,165,23407.448525158645,24726.23798398715
car-price,integer IDs,29,166,24611.834978947933,25701.942826078335
car-price,integer IDs,29,167,24839.625056392862,26080.973180393652
car-price,integer IDs,29,168,21135.54783186501,20892.495005529712
car-price,integer IDs,29,169,20411.682436724404,21348.658175120552
car-price,integer IDs,29,170,23006.31186692992,23339.03077296193
car-price,integer IDs,29,171,28006.636380874283,27838.20276155974
car-price,integer IDs,29,172,26330.46692041053,24675.165605434384
car-price,integer IDs,29,173,20061.729558150822,20055.77897833274
car-price,integer IDs,29,174,22164.304466967624,22615.04459523155
car-price,integer IDs,29,175,19211.974945304224,19709.118363808106
car-price,integer IDs,29,176,25880.554173648576,25863.839131601624
car-price,integer IDs,29,177,20922.83574057117,20808.736758152678
car-price,integer IDs,29,178,19000.0,18940.247905888053
car-price,integer IDs,29,179,21588.485749181724,21322.63281672416
car-price,integer IDs,29,180,20959.185653851,21026.60435772556
car-price,integer IDs,29,181,19012.943134778598,19011.117927642612
car-price,integer IDs,29,182,19000.0,19406.557951449126
car-price,integer IDs,29,183,19994.105986928716,19905.200494118188
car-price,integer IDs,29,184,23144.85462634716,22496.085629967514
car-price,integer IDs,29,185,27336.757356148017,25613.092818908644
car-price,integer IDs,29,186,22634.105795462223,21567.282478069603
car-price,integer IDs,29,187,26034.354419052048,26198.216959120553
car-price,integer IDs,29,188,24805.713947539705,25319.605232174883
car-price,integer IDs,29,189,19101.22833368997,19468.604838550782
car-price,integer IDs,29,190,21762.71546915437,21607.32653804142
car-price,integer IDs,29,191,23612.047223904505,24282.081040683614
car-price,integer IDs,29,192,20501.2576411176,20701.62820885377
car-price,integer IDs,29,193,20235.45428525396,20118.67341109111
car-price,integer IDs,29,194,26267.941144506178,27311.566749149482
car-price,integer IDs,29,195,22383.014246086008,21642.717626155827
car-price,integer IDs,29,196,22088.593829840032,22106.466750211417
car-price,integer IDs,29,197,23672.15334203128,24152.85625336044
car-price,integer IDs,29,198,22723.76715977629,23293.80028102763
car-price,integer IDs,29,199,22406.66275103188,21789.35079157098
car-price,integer IDs,29,200,24858.37919916747,24556.37534427119
car-price,integer IDs,29,201,25684.863453387537,26236.72292955737
car-price,integer IDs,29,202,20262.896220048955,20888.72940847577
car-price,integer IDs,29,203,21661.470382146446,21274.410234381237
car-price,integer IDs,29,204,25198.13170044328,25754.084144346292
car-price,integer IDs,29,205,31521.58061245126,28786.440385112142
car-price,integer IDs,29,206,19000.0,19201.44644194341
car-price,integer IDs,29,207,21821.103175526143,21769.95007463726
car-price,integer IDs,29,208,21859.032687355128,21823.87440201998
car-price,integer IDs,29,209,19347.662460677297,19804.442323990443
car-price,integer IDs,29,210,25111.593633260512,24160.366802233035
car-price,integer IDs,29,211,19636.48008873601,19963.83343058915
car-price,integer IDs,29,212,21738.33699821229,21842.82320130822
car-price,integer IDs,29,213,22819.19166546365,23430.738607789914
car-price,integer IDs,29,214,19671.54956985856,19694.668744072493
car-price,integer IDs,29,215,23233.771664678206,23158.236479294155
car-price,integer IDs,29,216,20575.065579992795,20615.489045392096
car-price,integer IDs,29,217,21659.22065087945,21865.14555680281
car-price,integer IDs,29,218,20976.580384540863,20971.629527015877
car-price,integer IDs,29,219,19245.14172817437,19099.805218432266
car-price,integer IDs,29,220,25816.16399278998,25848.451731667636
car-price,integer IDs,29,221,30536.160024211807,28352.568193830248
car-price,integer IDs,29,222,23122.259187100728,22179.17593713502
car-price,integer IDs,29,223,19000.0,18881.001236208987
car-price,integer IDs,29,224,22242.83923483463,23606.99502458635
car-price,integer IDs,29,225,24235.2754381455,24079.027248536513
car-price,integer IDs,29,226,21337.757986138044,21205.577042299803
car-price,integer IDs,29,227,19590.76267739343,19453.645053152293
car-price,integer IDs,29,228,19000.0,19047.66959509704
car-price,integer IDs,29,229,20376.80202876153,21067.914958455833
car-price,integer IDs,29,230,23630.04268070928,22725.072662729952
car-price,integer IDs,29,231,29292.941772755603,28329.94468596758
car-price,integer IDs,29,232,25657.26595206876,25726.957471734524
car-price,integer IDs,29,233,20232.7905077006,20721.598578687615
car-price,integer IDs,29,234,29338.963137152343,28795.309342161912
car-price,integer IDs,29,235,25796.09112455994,25634.255773886962
car-price,integer IDs,29,236,20264.71275838049,19974.9177566629
car-price,integer IDs,29,237,29228.38884537982,28848.91065317549
car-price,integer IDs,29,238,29561.50463941801,28998.972574725492
car-price,integer IDs,29,239,25663.30911318487,24575.493288407295
car-price,integer IDs,29,240,24079.06271495785,25835.3648557419
car-price,integer IDs,29,241,23966.53307164796,23936.1086250709
car-price,integer IDs,29,242,19000.0,19411.81507438153
car-price,integer IDs,29,243,22998.179327732865,23598.463632185547
car-price,integer IDs,29,244,22683.7985298202,22618.94880188159
car-price,integer IDs,29,245,23086.024153715392,23370.236176891318
car-price,integer IDs,29,246,19694.80078183601,20460.474311677594
car-price,integer IDs,29,247,33598.609104732066,28968.59397183798
car-price,integer IDs,29,248,21181.82049603093,21617.900672446875
car-price,integer IDs,29,249,20128.29288368008,20049.37224408304
car-price,integer IDs,29,250,22290.70585753653,22364.566885724544
car-price,integer IDs,29,251,27144.38857950249,28436.76052306147
car-price,integer IDs,29,252,29974.17476038676,28974.976640694298
car-price,integer IDs,29,253,26308.003114376534,25534.60561322811
car-price,integer IDs,29,254,21866.143274157497,21124.29050651384
car-price,integer IDs,29,255,26678.69660056685,25674.160975248175
car-price,integer IDs,29,256,20118.82725904078,19843.446504072388
car-price,integer IDs,29,257,24173.197215163407,25506.372157486447
car-price,integer IDs,29,258,24394.915411518603,23948.16495285015
car-price,integer IDs,29,259,32486.51189284317,29161.632596504598
car-price,integer IDs,29,260,19000.0,18866.43896527768
car-price,integer IDs,29,261,27046.197383022947,26915.32046937346
car-price,integer IDs,29,262,25575.56959377229,23931.680362819447
car-price,integer IDs,29,263,22816.585327857538,23204.75285236764
car-price,integer IDs,29,264,19836.82344472368,20393.96327446979
car-price,integer IDs,29,265,21139.86779456385,21030.214295078174
car-price,integer IDs,29,266,24020.483542095262,23583.74916505629
car-price,integer IDs,29,267,27268.456472214675,28120.357775967685
car-price,integer IDs,29,268,22721.01722230206,22226.60855023267
car-price,integer IDs,29,269,24494.46602008288,24887.44713271432
car-price,integer IDs,29,270,23852.115090072475,24907.08411143795
car-price,integer IDs,29,271,21267.87989698668,21273.41605680713
car-price,integer IDs,29,272,23234.86063034468,23670.66121020597
car-price,integer IDs,29,273,20810.79912347511,20437.734120161924
car-price,integer IDs,29,274,19241.654644710536,19716.9770901577
car-price,integer IDs,29,275,19926.257442579907,20452.338765552016
car-price,integer IDs,29,276,19000.0,19324.55399556312
car-price,integer IDs,29,277,20872.52074011807,21601.845689847785
car-price,integer IDs,29,278,22354.660452128537,22171.202816154822
car-price,integer IDs,29,279,23484.74115416653,22999.342567467495
car-price,integer IDs,29,280,35772.682387878696,29188.065639761677
car-price,integer IDs,29,281,21714.15956708556,21869.796310777587
car-price,integer IDs,29,282,24997.379084831515,24694.79995578542
car-price,integer IDs,29,283,23601.107307285987,23457.23387922636
car-price,integer IDs,29,284,22527.96155962076,23287.13653850895
car-price,integer IDs,29,285,21879.09119559836,20826.02955398849
car-price,integer IDs,29,286,20665.961903172567,20377.96207911374
car-price,integer IDs,29,287,21683.80973496142,21499.777650229204
car-price,integer IDs,29,288,21949.189471214155,22183.95695443595
car-price,integer IDs,29,289,23938.102691094165,23955.292000607875
car-price,integer IDs,29,290,21619.96044693936,22128.741954127774
car-price,integer IDs,29,291,20272.309191403285,20492.286642007297
car-price,integer IDs,29,292,23345.889655032865,22959.54337884571
car-price,integer IDs,29,293,20641.762932065623,20663.144326934795
car-price,integer IDs,29,294,20879.79886009989,20920.030373114405
car-price,integer IDs,29,295,21132.905594291864,21146.221434203
car-price,integer IDs,29,296,21460.73212652149,21125.922447950423
car-price,integer IDs,29,297,21018.746092478967,21201.107972173504
car-price,integer IDs,29,298,24752.55088303584,26354.013340426933
car-price,integer IDs,29,299,31188.66107156615,28590.62226743224
car-price,integer IDs,29,300,25636.221391397867,26204.98891018158
car-price,integer IDs,29,301,20357.43758654748,20984.454124748056
car-price,integer IDs,29,302,21583.10554079003,21566.953374707693
car-price,integer IDs,29,303,22944.32698386209,22607.453813404412
car-price,integer IDs,29,304,19773.06031662248,19675.950740480584
car-price,integer IDs,29,305,29706.82770594097,28305.125567357627
car-price,integer IDs,29,306,23070.85043431889,24410.83311481426
car-price,integer IDs,29,307,23895.695256711417,23861.531153124182
car-price,integer IDs,29,308,31881.824814905754,28959.782121370677
car-price,integer IDs,29,309,25474.13304027356,27708.387114735884
car-price,integer IDs,29,310,22270.70718257168,22071.622422122815
car-price,integer IDs,29,311,24990.077031538334,25586.67589308225
car-price,integer IDs,29,312,19000.0,18281.641772917443
car-price,integer IDs,29,313,22182.678070091748,21473.42471857759
car-price,integer IDs,29,314,26129.56113160613,25632.74006222614
car-price,integer IDs,29,315,24959.255713180588,25207.25491775263
car-price,integer IDs,29,316,25564.48368395453,24610.393745610276
car-price,integer IDs,29,317,21834.60156312808,21497.973308873796
car-price,integer IDs,29,318,26335.57668238396,25433.766095486833
car-price,integer IDs,29,319,27586.88917973906,26625.56926214737
car-price,integer IDs,29,320,25621.72737804373,26082.16714570242
car-price,integer IDs,29,321,24223.17954258873,24486.09977679995
car-price,integer IDs,29,322,23882.840675184823,23470.033876790098
car-price,integer IDs,29,323,21046.16648729375,20628.331948643106
car-price,integer IDs,29,324,20398.70100864765,20066.072286355644
car-price,integer IDs,29,325,21447.91583829306,21154.55227780289
car-price,integer IDs,29,326,21569.21704021308,20512.70065644356
car-price,integer IDs,29,327,19000.0,19160.39627952725
car-price,integer IDs,29,328,20949.10254977884,21477.316196520787
car-price,integer IDs,29,329,24145.86776693176,24039.858731315566
car-price,integer IDs,29,330,27515.029412407835,27577.072684774197
car-price,integer IDs,29,331,19000.0,19232.97044316937
car-price,integer IDs,29,332,21665.282958644653,21588.396720301316
car-price,integer IDs,29,333,20643.25637069392,20951.937735139803
car-price,integer IDs,29,334,27100.332139967664,27897.790494481524
car-price,integer IDs,29,335,24299.794858885387,25502.212797550696
car-price,integer IDs,29,336,22985.595192624536,23315.759689713315
car-price,integer IDs,29,337,24443.34925369952,23607.33274207964
car-price,integer IDs,29,338,34181.07888974239,29180.634143733736
car-price,integer IDs,29,339,27208.766793705407,28436.950366227928
car-price,integer IDs,29,340,20799.471487212704,20523.933116082728
car-price,integer IDs,29,341,19000.0,18777.903932590554
car-price,integer IDs,29,342,19000.0,19250.238900373166
car-price,integer IDs,29,343,22056.173766284035,22015.00725333442
car-price,integer IDs,29,344,19228.08206384341,19571.46191316886
car-price,integer IDs,29,345,26040.81401978567,25488.790719755903
car-price,integer IDs,29,346,22406.61249107804,23233.00885318392
car-price,integer IDs,29,347,25271.867839384417,25014.756412051665
car-price,integer IDs,29,348,23276.29637228657,23146.20253578644
car-price,integer IDs,29,349,30000.03470330146,28934.080100636
car-price,integer IDs,29,350,26777.835556175887,23728.026096323672
car-price,integer IDs,29,351,22583.671128452366,23071.86355202008
car-price,integer IDs,29,352,19000.0,19143.500531268564
car-price,integer IDs,29,353,26095.68113605772,25380.917686134155
car-price,integer IDs,29,354,21006.461123762525,20422.964602128573
car-price,integer IDs,29,355,24209.422675224203,23877.944652336235
car-price,integer IDs,29,356,20702.993915825893,20801.33562421725
car-price,integer IDs,29,357,24210.50206756613,24137.266650856447
car-price,integer IDs,29,358,23238.307027179213,23143.68613482778
car-price,integer IDs,29,359,23325.63489363656,24785.569944555027
car-price,integer IDs,29,360,24262.61445970169,24928.900015342962
car-price,integer IDs,29,361,20733.71950093824,20466.641532989655
car-price,integer IDs,29,362,22831.423980895124,21945.76624419737
car-price,integer IDs,29,363,22572.24775894456,22740.422520712058
car-price,integer IDs,29,364,24925.07415790916,24406.89895329347
car-price,integer IDs,29,365,24222.37777665847,25953.187645746046
car-price,integer IDs,29,366,20527.108010707765,20486.56107309174
car-price,integer IDs,29,367,23026.0736021124,24142.46974170655
car-price,integer IDs,29,368,21105.71256593491,20478.864365636604
car-price,integer IDs,29,369,23845.162463125023,24094.83201136807
car-price,integer IDs,29,370,21855.79690366048,21735.15936467536
car-price,integer IDs,29,371,23074.071858026728,23003.356992744324
car-price,integer IDs,29,372,19945.937804503792,20394.741295415624
car-price,integer IDs,29,373,22125.207009544712,22850.624693112255
car-price,integer IDs,29,374,20611.381986636727,20910.65510520553
car-price,integer IDs,29,375,28409.029537948933,29063.622525483872
car-price,integer IDs,29,376,27371.632977448626,26967.248360099813
car-price,integer IDs,29,377,22289.61449853893,21925.01343553291
car-price,integer IDs,29,378,22728.73810854388,22354.970684973265
car-price,integer IDs,29,379,27312.37649187481,26156.00049387362
car-price,integer IDs,29,380,29853.12246490479,28818.276979993563
car-price,integer IDs,29,381,19974.49742493888,20118.55828572577
car-price,integer IDs,29,382,24875.94385636793,27441.276733727726
car-price,integer IDs,29,383,24086.247495025407,23880.10816028134
car-price,integer IDs,29,384,30152.559303209928,28325.10878826095
car-price,integer IDs,29,385,24868.28280340449,23139.029307413577
car-price,integer IDs,29,386,19313.59339196922,19725.873638466204
car-price,integer IDs,29,387,26487.019496619363,25875.68182570573
car-price,integer IDs,29,388,27318.493846256108,27144.724561764615
car-price,integer IDs,29,389,24659.37610861546,25664.393022902284
car-price,integer IDs,29,390,20656.22104545273,20810.522948839538
car-price,integer IDs,29,391,29037.2957142293,27452.506387386813
car-price,integer IDs,29,392,19270.48471156389,19684.772456595052
car-price,integer IDs,29,393,26984.57149962539,27070.010728049805
car-price,integer IDs,29,394,32182.02751917412,29175.764339489288
car-price,integer IDs,29,395,21256.131034444494,20713.260435211203
car-price,integer IDs,29,396,25563.27744506244,26857.498161177667
car-price,integer IDs,29,397,23935.386260255837,23806.159242277252
car-price,integer IDs,29,398,23674.541886504103,23980.45920795935
car-price,integer IDs,29,399,24810.58676973076,25278.27414406374
car-price,integer IDs,29,400,28776.59015368341,27795.967975145177
car-price,integer IDs,29,401,21765.78371966956,21674.424851873868
car-price,integer IDs,29,402,27506.22913382409,27634.072089667738
car-price,integer IDs,29,403,19000.0,19349.26636368351
car-price,integer IDs,29,404,21645.461390183795,22258.322012072593
car-price,integer IDs,29,405,21128.7890647395,19952.184381684914
car-price,integer IDs,29,406,23275.047053434057,22407.28789795145
car-price,integer IDs,29,407,21460.686653229925,21217.29006903002
car-price,integer IDs,29,408,21415.41440147847,21228.867840084247
car-price,integer IDs,29,409,25796.809123900468,25590.531748448033
car-price,integer IDs,29,410,19611.37883179114,20167.02665032435
car-price,integer IDs,29,411,22100.85965190739,22766.2674971297
car-price,integer IDs,29,412,29655.509899742272,28771.619126829715
car-price,integer IDs,29,413,29862.71254276312,28380.351949289645
car-price,integer IDs,29,414,22300.14276220221,22278.136684171717
car-price,integer IDs,29,415,30177.394900398805,28747.345230405284
car-price,integer IDs,29,416,19000.0,18719.415004379916
car-price,integer IDs,29,417,21703.047330625315,20873.892790896472
car-price,integer IDs,29,418,22615.42345262167,22343.460678830183
car-price,integer IDs,29,419,25567.176181481515,26452.117933109697
car-price,integer IDs,29,420,21862.68730399842,21539.696379527282
car-price,integer IDs,29,421,31707.03984210977,28761.66023677291
car-price,integer IDs,29,422,22275.69488465721,22540.4981289299
car-price,integer IDs,29,423,24842.54013371541,25091.573998982883
car-price,integer IDs,29,424,22977.778573137315,22158.392611610045
car-price,integer IDs,29,425,21802.169532916407,21601.907496173488
car-price,integer IDs,29,426,24117.253099880563,24638.57537311854
car-price,integer IDs,29,427,28570.971895874,28318.86926872291
car-price,integer IDs,29,428,22881.545121526284,23680.30272179862
car-price,integer IDs,29,429,19034.63868151823,19264.031757556448
car-price,integer IDs,29,430,26355.312090923955,27022.471920249784
car-price,integer IDs,29,431,25912.96227054889,25985.55847360626
car-price,integer IDs,29,432,22109.490003980543,21896.030055949406
car-price,integer IDs,29,433,19158.96026733073,19747.25680182016
car-price,integer IDs,29,434,20593.539703024595,20797.090585623
car-price,integer IDs,29,435,28758.752656733544,28671.255487747316
car-price,integer IDs,29,436,21346.213625038334,21685.50749883217
car-price,integer IDs,29,437,23138.30168569927,23042.858525965614
car-price,integer IDs,29,438,20495.973165971314,20910.615219426792
car-price,integer IDs,29,439,27116.207105386748,27290.216317786824
car-price,integer IDs,29,440,25326.450149251395,24774.03713061682
car-price,integer IDs,29,441,25571.91737046013,25870.055870053424
car-price,integer IDs,29,442,24199.772764087505,24740.060740896675
car-price,integer IDs,29,443,21585.460578626968,21217.29006903002
car-price,integer IDs,29,444,23744.41758232433,23149.95557174237
car-price,integer IDs,29,445,21082.02576769088,21832.784536223957
car-price,integer IDs,29,446,24021.80944754411,23041.320233790328
car-price,integer IDs,29,447,23541.913048321683,23465.82611423656
car-price,integer IDs,29,448,21196.93438214906,21096.66738241084
car-price,integer IDs,29,449,25309.48143150357,26216.737772986264
car-price,integer IDs,29,450,30546.027728481808,28910.38600902543
car-price,integer IDs,29,451,19000.0,19276.143083957468
car-price,integer IDs,29,452,25593.98149019458,25364.46288572889
car-price,integer IDs,29,453,26939.52182766949,27018.83837020693
car-price,integer IDs,29,454,22085.858252352617,21398.68165079177
car-price,integer IDs,29,455,19739.68052728131,19882.09136705549
car-price,integer IDs,29,456,19932.98509640066,19629.785793652576
car-price,integer IDs,29,457,27125.684696681725,27178.400066912276
car-price,integer IDs,29,458,21102.519862200697,20383.32681551337
car-price,integer IDs,29,459,22451.90867614085,22789.424853326545
car-price,integer IDs,29,460,24694.95536926978,22742.895076922112
car-price,integer IDs,29,461,20338.013311055045,20318.016036346376
car-price,integer IDs,29,462,21873.93117367109,21622.41635247104
car-price,integer IDs,29,463,22238.705951964323,23031.653319772602
car-price,integer IDs,29,464,21457.29530301149,21027.587001509237
car-price,integer IDs,29,465,20743.012805735816,20904.41390642573
car-price,integer IDs,29,466,19955.60925562071,20648.920868695837
car-price,integer IDs,29,467,21134.037639918763,21852.803957612552
car-price,integer IDs,29,468,26233.685395969565,26378.505326457725
car-price,integer IDs,29,469,29679.431244437543,29136.585059236968
car-price,integer IDs,29,470,27944.974597509696,28755.24228369467
car-price,integer IDs,29,471,20899.91959495264,20485.447411095363
car-price,integer IDs,29,472,21113.866645112183,20853.318220865418
car-price,integer IDs,29,473,23667.90996592876,24017.400621108427
car-price,integer IDs,29,474,22889.50055421934,22967.580940478398
car-price,integer IDs,29,475,23315.41776302084,23208.360441827877
car-price,integer IDs,29,476,20583.3584723759,20554.275805619676
car-price,integer IDs,29,477,24607.0387433532,24583.27592659615
car-price,integer IDs,29,478,22210.6010644449,21978.315682111115
car-price,integer IDs,29,479,19824.421202781617,20521.545214609352
car-price,integer IDs,29,480,23080.840198476777,23312.691241542067
car-price,integer IDs,29,481,19052.591058362577,19166.88455246378
car-price,integer IDs,29,482,27153.37793124591,26769.32524072504
car-price,integer IDs,29,483,20383.529682582284,19904.38419747326
car-price,integer IDs,29,484,21124.758695108,22080.08618185096
car-price,integer IDs,29,485,21455.27533153348,21394.355522857357
car-price,integer IDs,29,486,19065.278106709717,19608.82904638654
car-price,integer IDs,29,487,29346.281943763464,28041.273811398605
car-price,integer IDs,29,488,29677.25809976688,28866.13919556641
car-price,integer IDs,29,489,23412.505633847097,24264.417798829847
car-price,integer IDs,29,490,27121.37430730741,27691.242121799423
car-price,integer IDs,29,491,22648.74819534673,21991.336385968614
car-price,integer IDs,29,492,19000.0,19099.659491409293
car-price,integer IDs,29,493,30420.286897306185,29046.63624427425
car-price,integer IDs,29,494,33051.01972768461,29183.361589134765
car-price,integer IDs,29,495,20468.643717739666,20485.740474172464
car-price,integer IDs,29,496,19000.0,18830.432601986762
car-price,integer IDs,29,497,24641.25619859165,25329.79757478812
car-price,integer IDs,29,498,20549.05725054772,20378.97271859483
car-price,integer IDs,29,499,20617.178634645927,19879.569581844353
car-price,integer IDs,29,500,24268.23160787576,23499.80070332453
car-price,integer IDs,29,501,22137.965857825904,22392.654085444192
car-price,integer IDs,29,502,23695.3279674124,24147.05215291384
car-price,integer IDs,29,503,21337.74601948237,22145.779894805622
car-price,integer IDs,29,504,23759.8545681457,23363.973934115114
car-price,integer IDs,29,505,27462.680080489903,27376.762671421733
car-price,integer IDs,29,506,19997.55717042552,20011.241982732867
car-price,integer IDs,29,507,24633.930211987128,25202.230961208796
car-price,integer IDs,29,508,24402.04993163232,23780.766708457526
car-price,integer IDs,29,509,29237.263317228757,27302.8422995742
car-price,integer IDs,29,510,26564.86259178833,25963.907406563667
car-price,integer IDs,29,511,22053.41425548527,21810.4328138233
car-price,integer IDs,29,512,26216.479738439368,27495.58286836258
car-price,integer IDs,29,513,19000.0,19063.86258212259
car-price,integer IDs,29,514,20045.47644641239,20295.918078614905
car-price,integer IDs,29,515,24611.049966335624,26927.67028478913
car-price,integer IDs,29,516,26713.316135436,27460.912000887867
car-price,integer IDs,29,517,21082.44460063952,21683.17057398481
car-price,integer IDs,29,518,19208.382555270447,19483.167328993368
car-price,integer IDs,29,519,21867.74680601801,21227.734073096173
car-price,integer IDs,29,520,20901.11865385132,20735.417248478843
car-price,integer IDs,29,521,22625.99240291425,21833.63826801581
car-price,integer IDs,29,522,24611.73924570253,24869.224963571774
car-price,integer IDs,29,523,22697.44769728365,22500.5916086417
car-price,integer IDs,29,524,19000.0,19690.536861785706
car-price,integer IDs,29,525,29079.75580189702,28298.782494304833
car-price,integer IDs,29,526,31045.671502899902,28607.805699312725
car-price,integer IDs,29,527,24346.756802418226,23725.0165287479
car-price,integer IDs,29,528,23527.92881449932,23114.260151388058
car-price,integer IDs,29,529,19552.81880557764,19802.72359587896
car-price,integer IDs,29,530,19444.43201846259,20138.772877778487
car-price,integer IDs,29,531,22938.66436239646,23143.664062345582
car-price,integer IDs,29,532,22635.570514116906,22571.30321768255
car-price,integer IDs,29,533,23767.8267541567,23661.091321709537
car-price,integer IDs,29,534,25048.002825001044,25556.459287363785
car-price,integer IDs,29,535,20049.11670306887,20375.066485830102
car-price,integer IDs,29,536,20829.55087291858,20742.08276026942
car-price,integer IDs,29,537,26959.563582594783,27196.031584430824
car-price,integer IDs,29,538,23460.108990124136,23886.53151743806
car-price,integer IDs,29,539,30525.136341003563,28615.746294712288
car-price,integer IDs,29,540,21304.265710233525,21280.17332148984
car-price,integer IDs,29,541,20751.65751779578,21106.045527577407
car-price,integer IDs,29,542,20836.88164618537,21528.81144192649
car-price,integer IDs,29,543,22182.54643687932,22089.859332478194
car-price,integer IDs,29,544,25578.137638080247,25033.562702490388
car-price,integer IDs,29,545,19000.0,19350.428991288296
car-price,integer IDs,29,546,21175.021042276127,20864.180020832846
car-price,integer IDs,29,547,23396.27645542002,23238.105677972642
car-price,integer IDs,29,548,21540.757939685664,21997.188778379103
car-price,integer IDs,29,549,20227.9894854436,20095.41229004912
car-price,integer IDs,29,550,23728.403803699417,23955.79462888938
car-price,integer IDs,29,551,24392.840393424474,25893.45603463045
car-price,integer IDs,29,552,24754.530167884564,24625.889649563793
car-price,integer IDs,29,553,23231.699039915216,22811.430929409682
car-price,integer IDs,29,554,21811.43411774036,21823.062678050555
car-price,integer IDs,29,555,22704.08919118353,22842.170570397284
car-price,integer IDs,29,556,32243.729989168,29030.739656456804
car-price,integer IDs,29,557,25765.296132844676,26024.49647667738
car-price,integer IDs,29,558,19955.78396879357,19986.942252219076
car-price,integer IDs,29,559,20844.85143886524,20558.64774810068
car-price,integer IDs,29,560,19647.726351739828,19662.50054589608
car-price,integer IDs,29,561,26809.798493485083,26844.361259640074
car-price,integer IDs,29,562,19000.0,19105.361890474185
car-price,integer IDs,29,563,23794.87139598327,25139.839597875674
car-price,integer IDs,29,564,23572.91865317684,23441.377836154938
car-price,integer IDs,29,565,19594.32634745359,19810.185090680556
car-price,integer IDs,29,566,25651.45015741048,25777.23190877024
car-price,integer IDs,29,567,19143.07572858711,19287.305473054872
car-price,integer IDs,29,568,21879.342495367546,21551.59395036003
car-price,integer IDs,29,569,24121.125509657148,24059.92835967931
car-price,integer IDs,29,570,23961.119356620373,23521.258883227874
car-price,integer IDs,29,571,22663.495901801187,21486.20779672281
car-price,integer IDs,29,572,21843.294141810744,21868.127765090685
car-price,integer IDs,29,573,26434.543318151274,25290.451714437717
car-price,integer IDs,29,574,25137.01320324636,26247.084183230174
car-price,integer IDs,29,575,19890.828961787098,20390.306973550214
car-price,integer IDs,29,576,26242.308568049317,26969.897539569494
car-price,integer IDs,29,577,21281.088691521265,20761.616929737997
car-price,integer IDs,29,578,21007.62428269418,20726.00610938191
car-price,integer IDs,29,579,27064.88929918804,27619.290968444195
car-price,integer IDs,29,580,22737.76336025432,22692.629281448746
car-price,integer IDs,29,581,21865.719654546585,21813.469971738607
car-price,integer IDs,29,582,21056.90536409692,21629.965210871123
car-price,integer IDs,29,583,26978.884944848403,28493.74317637469
car-price,integer IDs,29,584,23900.888785274576,23463.118325639967
car-price,integer IDs,29,585,25326.6344357488,26468.49575178237
car-price,integer IDs,29,586,31614.36766722776,29005.112974154694
car-price,integer IDs,29,587,20702.778516023733,20605.110430936104
car-price,integer IDs,29,588,22967.123462923875,22689.210050701087
car-price,integer IDs,29,589,24683.76654621321,25236.31253434046
car-price,integer IDs,29,590,26664.74587338038,27152.36264933367
car-price,integer IDs,29,591,27973.6036245477,28702.006615194743
car-price,integer IDs,29,592,21385.605462190862,21254.1098234693
car-price,integer IDs,29,593,21552.11908258396,20945.18481341606
car-price,integer IDs,29,594,23110.27099144504,23330.395960909143
car-price,integer IDs,29,595,22738.048166659395,23435.00712977169
car-price,integer IDs,29,596,22033.8439867936,22171.731448965686
car-price,integer IDs,29,597,21588.009476285843,21292.800748159352
car-price,integer IDs,29,598,21395.284093301187,20937.57540147725
car-price,integer IDs,29,599,19832.58964194569,19899.942611725208
car-price,integer IDs,29,600,25694.510971193107,25079.659617063437
car-price,integer IDs,29,601,31037.14406406556,29182.971938470735
car-price,integer IDs,29,602,22808.792641681663,23001.207104096193
car-price,integer IDs,29,603,21858.747880950054,21758.616757379732
car-price,integer IDs,29,604,19158.634774296363,19598.06000364433
car-price,integer IDs,29,605,26552.271276686595,25768.088268774227
car-price,integer IDs,29,606,22478.972464616505,22709.646531089034
car-price,integer IDs,29,607,21008.938221487348,20298.35716298947
car-price,integer IDs,29,608,24487.649813010124,25239.128668132653
car-price,integer IDs,29,609,24665.388156426816,24366.96472857864
car-price,integer IDs,29,610,20001.81251318372,20420.724776749266
car-price,integer IDs,29,611,19898.42539480989,20054.26795209048
car-price,integer IDs,29,612,22871.9167503698,22833.48003086081
car-price,integer IDs,29,613,19960.197271406687,20857.03765108668
car-price,integer IDs,29,614,19394.071544717925,19764.609987938158
car-price,integer IDs,29,615,22835.913870104563,23586.51586417583
car-price,integer IDs,29,616,24197.228653090897,24215.407791333924
car-price,integer IDs,29,617,29010.06917923646,28313.0901610207
car-price,integer IDs,29,618,22609.353964863072,21883.274482525965
car-price,integer IDs,29,619,37858.68826524724,29167.668349878786
car-price,integer IDs,29,620,23459.14208434556,25448.32415008389
car-price,integer IDs,29,621,23174.01257956602,23093.041110523347
car-price,integer IDs,29,622,22595.45828429271,22180.04321331955
car-price,integer IDs,29,623,24814.64825266701,24109.221520862327
car-price,integer IDs,29,624,25893.07129548512,24729.185876164353
car-price,integer IDs,29,625,22481.576408891488,22530.912395139185
car-price,integer IDs,29,626,25969.617205178864,25218.77293119162
car-price,integer IDs,29,627,23146.745357943884,22754.87125720681
car-price,integer IDs,29,628,23807.19465799788,23905.127987406755
car-price,integer IDs,29,629,23717.84203340024,24120.260830900213
car-price,integer IDs,29,630,22670.47724872226,23070.037292517623
car-price,integer IDs,29,631,31244.353887079807,28985.75576656512
car-price,integer IDs,29,632,25072.917402117386,23583.72667289748
car-price,integer IDs,29,633,19305.53504603736,19025.937028178327
car-price,integer IDs,29,634,25878.62514875369,27148.633958471382
car-price,integer IDs,29,635,21590.654107190123,21780.43760980664
car-price,integer IDs,29,636,21100.87325037975,21159.536214975487
car-price,integer IDs,29,637,24667.544547779537,23025.92099858891
car-price,integer IDs,29,638,26698.53252901452,26486.121425755933
car-price,integer IDs,29,639,25493.404142573345,26493.119394249297
car-price,integer IDs,29,640,24252.57204225883,25396.123659288092
car-price,integer IDs,29,641,23088.36722489665,22753.091788208938
car-price,integer IDs,29,642,22018.576927482827,21147.592872883586
car-price,integer IDs,29,643,31628.064701313902,28924.754614469824
car-price,integer IDs,29,644,23960.449223902546,23647.645849662204
car-price,integer IDs,29,645,23573.5911792258,25056.875374167546
car-price,integer IDs,29,646,21311.017297365623,21559.200329734595
car-price,integer IDs,29,647,29997.85916529966,28047.987157134095
car-price,integer IDs,29,648,22036.081751404912,22712.765577936098
car-price,integer IDs,29,649,21124.04069576747,21075.230037488953
car-price,integer IDs,29,650,24588.574193645945,22905.587271172662
car-price,integer IDs,29,651,26344.21660778165,27145.294107706293
car-price,integer IDs,29,652,27277.81679028404,28265.09358150055
car-price,integer IDs,29,653,28823.896736899696,28694.479939154106
car-price,integer IDs,29,654,22308.775507606497,23461.12684585321
car-price,integer IDs,29,655,24036.85392705932,23623.661515326607
car-price,integer IDs,29,656,21163.62160607967,21583.888144694465
car-price,integer IDs,29,657,21478.789809935784,22059.79543950806
car-price,integer IDs,29,658,26668.43399665956,26557.93198294565
car-price,integer IDs,29,659,20886.54566056973,21469.45204226808
car-price,integer IDs,29,660,19669.601398314597,19589.351876796245
car-price,integer IDs,29,661,19000.0,19226.478137095182
car-price,integer IDs,29,662,22675.71385724585,22400.557293241312
car-price,integer IDs,29,663,19867.695023035267,19667.17049163312
car-price,integer IDs,29,664,25210.69908223366,26455.3472705815
car-price,integer IDs,29,665,21718.520216413704,21958.160342407158
car-price,integer IDs,29,666,20150.931402886945,20143.383033540445
car-price,integer IDs,29,667,21751.97419902006,21316.065364577793
car-price,integer IDs,29,668,29241.410960085872,28251.753190039955
car-price,integer IDs,29,669,24238.66200170166,22657.14199131943
car-price,integer IDs,29,670,23928.71843971346,24087.13508294357
car-price,integer IDs,29,671,30506.013625234154,28777.135036764455
car-price,integer IDs,29,672,29875.2392379242,26875.921129544404
car-price,integer IDs,29,673,22287.79078021398,21941.371370164296
car-price,integer IDs,29,674,24231.785961350528,24544.480998732877
car-price,integer IDs,29,675,19000.0,18809.64749708041
car-price,integer IDs,29,676,26347.466751463115,25961.926516903848
car-price,integer IDs,29,677,20057.569948638025,20648.389156463905
car-price,integer IDs,29,678,19000.0,19303.665350167616
car-price,integer IDs,29,679,24037.24882669661,24345.570912374133
car-price,integer IDs,29,680,22620.98555417963,23302.332653906196
car-price,integer IDs,29,681,23782.955000261634,23805.34190236053
car-price,integer IDs,29,682,23358.179410411576,22590.72858798315
car-price,integer IDs,29,683,28594.19678120896,27506.80851113124
car-price,integer IDs,29,684,20035.10853593516,20079.166573468057
car-price,integer IDs,29,685,19108.43704706888,19827.612483167293
car-price,integer IDs,29,686,27163.21212888001,27822.22452998229
car-price,integer IDs,29,687,23045.205891206348,23470.794935683054
car-price,integer IDs,29,688,21148.038627059068,21897.26216608755
car-price,integer IDs,29,689,24827.754133962797,26736.513564662106
car-price,integer IDs,29,690,27843.88268369442,27711.373383222963
car-price,integer IDs,29,691,27416.079529958468,26840.572470759293
car-price,integer IDs,29,692,20895.61159890947,20975.69013486155
car-price,integer IDs,29,693,27426.136307388137,28331.646902244218
car-price,integer IDs,29,694,19884.323887761908,19627.164975943808
car-price,integer IDs,29,695,19000.0,18732.88114230304
car-price,integer IDs,29,696,21758.57261295952,22862.657600237326
car-price,integer IDs,29,697,24834.95566734829,24979.663715698665
car-price,integer IDs,29,698,21205.9596338595,21027.326295621988
car-price,integer IDs,29,699,23412.31416735629,23830.624309842748
car-price,integer IDs,29,700,22445.5495953149,23251.03003034182
car-price,integer IDs,29,701,28200.17549644487,27221.487795815672
car-price,integer IDs,29,702,27149.71134794694,26221.313754796465
car-price,integer IDs,29,703,21201.536757921844,20947.002693598683
car-price,integer IDs,29,704,28660.156987292172,28828.420436036326
car-price,integer IDs,29,705,23244.259241712192,23033.125065335516
car-price,integer IDs,29,706,27538.85981051997,26841.314826454785
car-price,integer IDs,29,707,24218.29954040427,24332.45588090634
car-price,integer IDs,29,708,22063.05698662857,22762.381280912905
car-price,integer IDs,29,709,21209.8057169936,21630.70786387412
car-price,integer IDs,29,710,19734.491785380425,20112.93713185583
car-price,integer IDs,29,711,23751.059076224225,24085.182522044703
car-price,integer IDs,29,712,21529.683996523578,21419.63084146172
car-price,integer IDs,29,713,24808.03547874075,25672.520482972686
car-price,integer IDs,29,714,21396.928311790994,21362.650504724406
car-price,integer IDs,29,715,19821.417572207072,20121.22552584075
car-price,integer IDs,29,716,21561.127580976456,21325.35798817576
car-price,integer IDs,29,717,29569.1824456994,27930.349056250096
car-price,integer IDs,29,718,26264.64792086429,27635.33715182972
car-price,integer IDs,29,719,23562.811615793333,23302.265982632056
car-price,integer IDs,29,720,28689.085180722068,29095.37718039021
car-price,integer IDs,29,721,21672.869818342904,22474.212279704523
car-price,integer IDs,29,722,27994.815718398047,26620.33880244487
car-price,integer IDs,29,723,20034.88356280846,20111.61360738073
car-price,integer IDs,29,724,20855.46825578052,21418.691160021484
car-price,integer IDs,29,725,21480.81217474494,22907.597138346322
car-price,integer IDs,29,726,32077.436555239336,29171.78561709298
car-price,integer IDs,29,727,22887.521269370616,22248.962369031582
car-price,integer IDs,29,728,19996.33417821549,20500.51628478013
car-price,integer IDs,29,729,20800.13683326826,21610.314804025293
car-price,integer IDs,29,730,23862.62420708668,22542.733953578154
car-price,integer IDs,29,731,22498.370413466448,22237.210027315643
car-price,integer IDs,29,732,20446.687297906305,20808.200930841384
car-price,integer IDs,29,733,19020.25236806517,19728.959213843948
car-price,integer IDs,29,734,25085.949090147973,24507.430093317453
car-price,integer IDs,29,735,20663.94432502568,21292.902285155797
car-price,integer IDs,29,736,27818.06821407129,28060.829903734677
car-price,integer IDs,29,737,25755.00241563263,27204.670013824572
car-price,integer IDs,29,738,21755.17408274768,20919.391923677555
car-price,integer IDs,29,739,22494.498003689863,22238.312871167804
car-price,integer IDs,29,740,33449.68407485078,29129.138889415593
car-price,integer IDs,29,741,23794.20365659658,24496.727569202558
car-price,integer IDs,29,742,19163.483663176063,19608.268012702913
car-price,integer IDs,29,743,29543.76048238242,28873.1601607913
car-price,integer IDs,29,744,26099.634919092896,26871.717838236596
car-price,integer IDs,29,745,26037.707475972315,24150.829266130513
car-price,integer IDs,29,746,19770.0542927168,19826.837186748024
car-price,integer IDs,29,747,27594.205593019047,26882.740061028628
car-price,integer IDs,29,748,25484.58950400279,26259.152440374593
car-price,integer IDs,29,749,21442.92813620752,21905.26212632766
car-price,integer IDs,29,750,24111.181218790825,24631.05711870731
car-price,integer IDs,29,751,21629.263325061474,22152.18042651909
car-price,integer IDs,29,752,21337.07588676454,21696.24404372301
car-price,integer IDs,29,753,20365.591665724747,20861.07607226902
car-price,integer IDs,29,754,20325.97006878325,20702.733878007137
car-price,integer IDs,29,755,23671.174469597023,25444.877991344303
car-price,integer IDs,29,756,24253.22542165871,24062.223098039776
car-price,integer IDs,29,757,25021.13289634733,24008.537738525672
car-price,integer IDs,29,758,30094.444436587557,28167.75935838121
car-price,integer IDs,29,759,23885.829945772555,25464.27477760213
car-price,integer IDs,29,760,21850.414301937653,21886.09217742406
car-price,integer IDs,29,761,23687.954114185177,24454.383989804766
car-price,integer IDs,29,762,21210.19582996862,21387.27643648002
car-price,integer IDs,29,763,23657.044242575423,23764.420005752967
car-price,integer IDs,29,764,20844.84665220297,21477.93070486685
car-price,integer IDs,29,765,19000.0,19308.784109745833
car-price,integer IDs,29,766,19755.92885235747,20019.049336201693
car-price,integer IDs,29,767,22941.469346486792,22399.2114149131
car-price,integer IDs,29,768,19000.0,19084.145926142777
car-price,integer IDs,29,769,24575.56404559557,25086.166369359784
car-price,integer IDs,29,770,27218.46696479595,27931.787513440653
car-price,integer IDs,29,771,21311.64913678529,21211.685620617278
car-price,integer IDs,29,772,20085.646116183823,20589.297029534166
car-price,integer IDs,29,773,22333.474684920675,21995.363671729247
car-price,integer IDs,29,774,33979.5125415447,29022.822304439458
car-price,integer IDs,29,775,21967.122701409426,22116.35704047748
car-price,integer IDs,29,776,21405.003411040805,20727.271224046235
car-price,integer IDs,29,777,23034.45026108523,22053.968457711577
car-price,integer IDs,29,778,22166.69779810272,21847.698408262324
car-price,integer IDs,29,779,24021.524641139036,24471.135258882045
car-price,integer IDs,29,780,28105.423516806462,28247.55025037681
car-price,integer IDs,29,781,22510.05704939912,22670.456730551312
car-price,integer IDs,29,782,20592.36218410613,20959.992141082817
car-price,integer IDs,29,783,32521.49042738258,28631.142590523385
car-price,integer IDs,29,784,20960.087939688925,20447.5213944636
car-price,integer IDs,29,785,24485.761474744537,24257.823422903322
car-price,integer IDs,29,786,27324.168434377418,26059.018941348153
car-price,integer IDs,29,787,24532.496051819537,24649.668987193836
car-price,integer IDs,29,788,19891.5110611606,19763.384778864605
car-price,integer IDs,29,789,25512.89543133756,25972.278333720213
car-price,integer IDs,29,790,22235.355288375187,22503.93949131241
car-price,integer IDs,29,791,20524.67877960564,20851.508470677283
car-price,integer IDs,29,792,31011.808260669444,29087.553164649624
car-price,integer IDs,29,793,22116.8112039228,21700.09311650869
car-price,integer IDs,29,794,21309.564545366626,21264.79503674409
car-price,integer IDs,29,795,25884.108270384197,26748.44970395682
car-price,integer IDs,29,796,27984.91450749216,27951.427196947607
car-price,integer IDs,29,797,23820.360372572035,24182.52038639687
car-price,integer IDs,29,798,30831.74359938944,28810.637383960784
car-price,integer IDs,29,799,27161.381230561663,26220.2884654084
car-price,integer IDs,29,800,27002.10265018996,27467.931742920493
car-price,integer IDs,29,801,23369.2150602755,22209.46606338425
car-price,integer IDs,29,802,30465.85352878726,28838.182415051957
car-price,integer IDs,29,803,27234.416123480223,28536.54828058138
car-price,integer IDs,29,804,25191.62183975582,26041.602971213222
car-price,integer IDs,29,805,20777.82380709577,21027.04553905037
car-price,integer IDs,29,806,23628.520522107363,24296.118936061015
car-price,integer IDs,29,807,21035.19306403934,20572.573579908334
car-price,integer IDs,29,808,25623.450576461,25818.246092631343
car-price,integer IDs,29,809,21081.54710146386,20643.34841703905
car-price,integer IDs,29,810,24797.55986836244,25236.264398032807
car-price,integer IDs,29,811,26269.57100300918,26487.536028425042
car-price,integer IDs,29,812,26373.4822609016,28489.938971677617
car-price,integer IDs,29,813,20377.029395219364,19842.367800471122
car-price,integer IDs,29,814,22183.35538280298,22905.893109149747
car-price,integer IDs,29,815,21568.60434744249,21877.30634190564
car-price,integer IDs,29,816,33001.44187322112,29169.83818854947
car-price,integer IDs,29,817,20772.709258460072,20324.46984307288
car-price,integer IDs,29,818,27526.32114870321,27950.414229850332
car-price,integer IDs,29,819,20442.08492213352,20465.17762554013
car-price,integer IDs,29,820,19417.73919631288,20040.903197606436
car-price,integer IDs,29,821,24712.910139445263,25283.771410042034
car-price,integer IDs,29,822,22185.61468739451,21453.261777079388
car-price,integer IDs,29,823,19000.0,19312.062301619724
car-price,integer IDs,29,824,21343.09750790044,20715.1372127523
car-price,integer IDs,29,825,23337.867209068027,23847.994529636937
car-price,integer IDs,29,826,32189.241019215297,28497.221750889854
car-price,integer IDs,29,827,27705.35667759513,28326.459514586273
car-price,integer IDs,29,828,22846.389480482874,23353.21392847954
car-price,integer IDs,29,829,20463.888168774232,20515.40058184845
car-price,integer IDs,29,830,22216.591572276044,22948.94773422662
car-price,integer IDs,29,831,24708.85344317128,23128.858171614047
car-price,integer IDs,29,832,19735.33663127111,20074.532822928853
car-price,integer IDs,29,833,24914.74214739896,26152.932406896893
car-price,integer IDs,29,834,25230.917943662946,25830.88085997209
car-price,integer IDs,29,835,20144.483768809,20171.41241734133
car-price,integer IDs,29,836,23326.91771912497,22636.62322395725
car-price,integer IDs,29,837,24358.472158324512,24959.874298471084
car-price,integer IDs,29,838,27922.647211350395,27846.69990850766
car-price,integer IDs,29,839,25080.454001861795,24794.95613240284
car-price,integer IDs,29,840,20517.412626279493,20761.933744547212
car-price,integer IDs,29,841,20535.343463143625,21080.738118547946
car-price,integer IDs,29,842,19000.0,19257.914664446023
car-price,integer IDs,29,843,25153.42666817084,25138.44901829966
car-price,integer IDs,29,844,21991.352785821124,23141.85419043606
car-price,integer IDs,29,845,19000.0,19017.50124073654
car-price,integer IDs,29,846,32915.43751888148,29022.65622927123
car-price,integer IDs,29,847,24131.92900640097,24717.51428243917
car-price,integer IDs,29,848,22389.133993798445,20777.087095154522
car-price,integer IDs,29,849,20719.74005377815,20404.877729529442
car-price,integer IDs,29,850,21063.848417719837,21240.330384340155
car-price,integer IDs,29,851,20691.61601960965,20721.85549421064
car-price,integer IDs,29,852,19000.0,18808.965818639437
car-price,integer IDs,29,853,26730.59837956252,26519.40986146684
car-price,integer IDs,29,854,23200.46367527109,22818.524367227677
car-price,integer IDs,29,855,19000.0,19290.892785104097
car-price,integer IDs,29,856,25036.77331531518,24977.805558253916
car-price,integer IDs,29,857,21218.37623578837,21022.333398962735
car-price,integer IDs,29,858,27466.248537212326,27437.194362266244
car-price,integer IDs,29,859,21746.78306378804,22305.796239269348
car-price,integer IDs,29,860,22895.08419575752,22946.715391680562
car-price,integer IDs,29,861,20724.40226282932,21274.89719544952
car-price,integer IDs,29,862,22056.372412768247,21443.74981034486
car-price,integer IDs,29,863,25825.99101043068,25832.16192220512
car-price,integer IDs,29,864,24965.9809736702,26256.19745795965
car-price,integer IDs,29,865,22904.70778025173,24925.500421392975
car-price,integer IDs,29,866,19510.58608436775,19850.166065805493
car-price,integer IDs,29,867,22811.892005501617,22959.193031430474
car-price,integer IDs,29,868,21980.111309479584,21836.886918526852
car-price,integer IDs,29,869,20968.462205330623,21186.332371913453
car-price,integer IDs,29,870,19000.0,18957.705559152047
car-price,integer IDs,29,871,20622.264463308005,21466.81082412901
car-price,integer IDs,29,872,22361.25168607459,21870.35947367952
car-price,integer IDs,29,873,24331.33417658367,24370.915696202384
car-price,integer IDs,29,874,23038.65773722073,22859.278155147425
car-price,integer IDs,29,875,26690.18219668417,27053.131721657035
car-price,integer IDs,29,876,26905.54131221342,25498.80797858762
car-price,integer IDs,29,877,26410.990546450805,26067.246506980075
car-price,integer IDs,29,878,23468.26785596368,23540.581261428306
car-price,integer IDs,29,879,24642.05317785964,24881.77500115757
car-price,integer IDs,29,880,33613.93599732121,29073.380964088297
car-price,integer IDs,29,881,19000.0,18777.760661470125
car-price,integer IDs,29,882,20293.75583170487,19934.153193937902
car-price,integer IDs,29,883,22720.394956206936,23231.036903573273
car-price,integer IDs,29,884,26964.501024726484,27349.38753372205
car-price,integer IDs,29,885,29483.48443774505,28064.63034325594
car-price,integer IDs,29,886,20700.488098127447,20307.82590972918
car-price,integer IDs,29,887,19929.380739711207,20403.106895274927
car-price,integer IDs,29,888,25324.454111084724,25307.703258152047
car-price,integer IDs,29,889,22296.445065598487,22827.62286141832
car-price,integer IDs,29,890,21898.51547109079,22602.58152949369
car-price,integer IDs,29,891,27752.09364800126,27937.8351715503
car-price,integer IDs,29,892,22391.94615788218,21636.5055594628
car-price,integer IDs,29,893,28435.88510661583,28064.255629165782
car-price,integer IDs,29,894,23173.36398682841,23152.781788618762
car-price,integer IDs,29,895,20973.423580773677,21102.261568325637
car-price,integer IDs,29,896,23185.51971566356,22912.141835953076
car-price,integer IDs,29,897,22711.03942479985,23659.263552075827
car-price,integer IDs,29,898,21779.69376022673,22466.733047024092
car-price,integer IDs,29,899,24993.824988095897,25113.91075863995
car-price,integer IDs,29,900,20171.021024434933,20668.32788212488
car-price,integer IDs,29,901,25468.719325245977,26241.827963598033
car-price,integer IDs,29,902,24792.03606010264,23787.98006130789
car-price,integer IDs,29,903,24017.09219187684,25511.262097010982
car-price,integer IDs,29,904,22013.44801886032,22736.041984727213
car-price,integer IDs,29,905,20386.59553976634,20913.247844013415
car-price,integer IDs,29,906,29871.082021742543,27240.965801442577
car-price,integer IDs,29,907,21000.15708955269,21371.861521921506
car-price,integer IDs,29,908,24520.390582938227,24662.39048071473
car-price,integer IDs,29,909,26966.29362974667,25448.32415008389
car-price,integer IDs,29,910,22485.82935831855,23438.0693233871
car-price,integer IDs,29,911,22529.45499824906,22034.836496847296
car-price,integer IDs,29,912,20470.94131562936,21003.35517593684
car-price,integer IDs,29,913,25777.91616792003,26550.13192860188
car-price,integer IDs,29,914,20388.100945050315,19707.783819600554
car-price,integer IDs,29,915,28366.921269958068,28621.15043400148
car-price,integer IDs,29,916,21126.927053116397,21441.173100463908
car-price,integer IDs,29,917,24085.21118264391,24769.35936358958
car-price,integer IDs,29,918,23849.228732723543,24187.848572996805
car-price,integer IDs,29,919,22256.407029039485,22484.352864150685
car-price,integer IDs,29,920,30480.431308731124,28525.011229903714
car-price,integer IDs,29,921,23376.20358718998,24145.5552897953
car-price,integer IDs,29,922,25619.87493974517,25301.645781846855
car-price,integer IDs,29,923,21558.58825664212,21063.354367664284
car-price,integer IDs,29,924,23022.79952511959,22491.40894950611
car-price,integer IDs,29,925,19616.22772067084,19610.343917511047
car-price,integer IDs,29,926,19000.0,18624.42794729064
car-price,integer IDs,29,927,20839.86852344197,21545.942298786573
car-price,integer IDs,29,928,24572.64178827962,23061.523990661615
car-price,integer IDs,29,929,19360.32796904422,19581.86150014605
car-price,integer IDs,29,930,21434.474890638365,21258.9955639179
car-price,integer IDs,29,931,35173.61245811534,29184.474905412986
car-price,integer IDs,29,932,29381.77743782806,28052.213912158135
car-price,integer IDs,29,933,20991.349630975536,21278.854167329395
car-price,integer IDs,29,934,24115.132608494867,24702.620374816917
car-price,integer IDs,29,935,24623.92848117357,25730.515451109375
car-price,integer IDs,29,936,22321.582222510388,22088.574253262206
car-price,integer IDs,29,937,25586.00691085244,26895.716187858663
car-price,integer IDs,29,938,25153.6899345957,25464.177635473352
car-price,integer IDs,29,939,26653.62645692673,26670.374909730228
car-price,integer IDs,29,940,20808.32920574369,22226.94771921055
car-price,integer IDs,29,941,23589.777277692447,24033.050332164526
car-price,integer IDs,29,942,29571.482436920225,27608.072082862105
car-price,integer IDs,29,943,24259.644335763038,23524.98298531197
car-price,integer IDs,29,944,21677.34534756553,22388.703527193364
car-price,integer IDs,29,945,23360.36930840019,23687.66633196476
car-price,integer IDs,29,946,27392.44538499941,27965.532578481136
car-price,integer IDs,29,947,20032.59314491217,20030.0114926604
car-price,integer IDs,29,948,21778.578467917778,21880.24847352971
car-price,integer IDs,29,949,20568.43365941745,20665.548704177887
car-price,integer IDs,29,950,25913.85976972456,24348.58953040919
car-price,integer IDs,29,951,25751.544052142417,26201.565232781286
car-price,integer IDs,29,952,19445.966143720187,20161.430411744725
car-price,integer IDs,29,953,20357.43997987861,19931.09255429287
car-price,integer IDs,29,954,19000.0,19374.675532118552
car-price,integer IDs,29,955,23093.156280497973,22863.137303896314
car-price,integer IDs,29,956,23151.5200535584,22851.016970615234
car-price,integer IDs,29,957,20076.39589134668,20138.772877778487
car-price,integer IDs,29,958,22765.710287918824,22449.105626917724
car-price,integer IDs,29,959,25367.17985850844,24438.506543018608
car-price,integer IDs,29,960,25592.193671836663,25502.06686741402
car-price,integer IDs,29,961,24665.27566986347,23624.112124282354
car-price,integer IDs,29,962,23265.078829256385,22619.50968250471
car-price,integer IDs,29,963,20110.58701994265,21008.38363757998
car-price,integer IDs,29,964,26315.707247300405,25127.32715027978
car-price,integer IDs,29,965,25680.514770715068,26407.351532139728
car-price,integer IDs,29,966,21609.84144290018,22469.99017188548
car-price,integer IDs,29,967,27909.60116333299,28132.804367730587
car-price,integer IDs,29,968,25214.478152095977,24743.057476472313
car-price,integer IDs,29,969,23252.48751415465,23231.76805637648
car-price,integer IDs,29,970,26378.541762921188,24438.20354961079
car-price,integer IDs,29,971,27178.409781587867,28025.09884434057
car-price,integer IDs,29,972,25159.29511611409,24354.233027794537
car-price,integer IDs,29,973,24441.178502359988,26011.518933087267
car-price,integer IDs,29,974,21828.87671505293,21009.18509724966
car-price,integer IDs,29,975,24162.735964771902,24892.574522927138
car-price,integer IDs,29,976,25219.451494194705,25731.61975164828
car-price,integer IDs,29,977,20450.88041405499,20385.601423457385
car-price,integer IDs,29,978,19178.920648997428,19527.38577334708
car-price,integer IDs,29,979,24812.422454711377,25887.52994220597
car-price,integer IDs,29,980,22726.974223497316,22399.467766455655
car-price,integer IDs,29,981,23555.49280918221,23343.104486613025
car-price,integer IDs,29,982,20928.28774889692,21358.983505812066
car-price,integer IDs,29,983,20717.181582794736,20743.76431077177
car-price,integer IDs,29,984,36162.51294982523,29172.98195908699
car-price,integer IDs,29,985,22650.12675408055,22658.092784743014
car-price,integer IDs,29,986,26167.77305650905,27254.68667618136
car-price,integer IDs,29,987,26948.64520595648,27829.203924707537
car-price,integer IDs,29,988,23614.868961312783,24171.637004599477
car-price,integer IDs,29,989,22904.65991362903,23051.035173283628
car-price,integer IDs,29,990,22175.701509832947,22829.03802491465
car-price,integer IDs,29,991,23455.576020954268,23860.416082106873
car-price,integer IDs,29,992,25222.83327108859,25350.65393292631
car-price,integer IDs,29,993,25606.682898528525,25525.96188531099
car-price,integer IDs,29,994,20225.08398144559,20064.273446549865
car-price,integer IDs,29,995,28307.20287147518,27199.507379323717
car-price,integer IDs,29,996,26642.219840736867,26546.637842232463
car-price,integer IDs,29,997,23285.23785740729,23751.23294382008
car-price,integer IDs,29,998,25557.02367080644,26368.419115041837
car-price,integer IDs,29,999,25652.716229580943,27441.80015860957
car-price,learned embeddings,29,0,32879.16419219798,29597.495780685604
car-price,learned embeddings,29,1,21286.861406219115,21359.35017737726
car-price,learned embeddings,29,2,26059.08710300212,24994.676978299613
car-price,learned embeddings,29,3,19000.0,19260.100429612914
car-price,learned embeddings,29,4,24149.261510481323,24358.39100856147
car-price,learned embeddings,29,5,31027.422352994803,29545.32126822395
car-price,learned embeddings,29,6,26983.51604059481,27173.21650211542
car-price,learned embeddings,29,7,22765.626521329097,22512.01079426327
car-price,learned embeddings,29,8,20982.76953885622,20049.96502012173
car-price,learned embeddings,29,9,19000.0,19026.227358411983
car-price,learned embeddings,29,10,26603.782942707243,25968.51355922895
car-price,learned embeddings,29,11,25267.301363578656,25275.69469886306
car-price,learned embeddings,29,12,19453.11741715185,20053.847180237568
car-price,learned embeddings,29,13,29793.20302660656,28758.478508368087
car-price,learned embeddings,29,14,27259.328307265423,28350.43210878644
car-price,learned embeddings,29,15,22732.447771803272,23105.22370188969
car-price,learned embeddings,29,16,23636.51424809858,22603.702492956847
car-price,learned embeddings,29,17,21431.34441351366,21499.757145499556
car-price,learned embeddings,29,18,19994.04615365033,19755.149575473115
car-price,learned embeddings,29,19,27853.166415167456,28020.07447388216
car-price,learned embeddings,29,20,21310.148518163587,22203.70542868629
car-price,learned embeddings,29,21,30656.905973308483,29131.083600897073
car-price,learned embeddings,29,22,24701.83380295205,26056.931392221682
car-price,learned embeddings,29,23,21880.11075466191,22246.33134161264
car-price,learned embeddings,29,24,20633.087106700903,20557.275289351124
car-price,learned embeddings,29,25,24749.22415275806,25049.32504342751
car-price,learned embeddings,29,26,22259.451346243324,21793.86071305629
car-price,learned embeddings,29,27,23090.320183102885,22578.989531481333
car-price,learned embeddings,29,28,28022.01114008613,26506.387765200678
car-price,learned embeddings,29,29,22615.114712905244,23261.232705453265
car-price,learned embeddings,29,30,22154.769435725408,21566.624276367467
car-price,learned embeddings,29,31,20710.91344855192,21521.9136512525
car-price,learned embeddings,29,32,24549.763935959247,25641.73785717885
car-price,learned embeddings,29,33,20758.796824571764,20809.788607443483
car-price,learned embeddings,29,34,21728.375954028023,21139.043000787464
car-price,learned embeddings,29,35,24000.690693608038,24830.28664776523
car-price,learned embeddings,29,36,22391.828884656563,22106.614333966718
car-price,learned embeddings,29,37,20616.88186158517,20709.645648207672
car-price,learned embeddings,29,38,21923.860847811447,21898.515230549772
car-price,learned embeddings,29,39,19898.01852851692,19692.490007190052
car-price,learned embeddings,29,40,22780.644674201816,22432.604515429066
car-price,learned embeddings,29,41,19000.0,18755.11966174757
car-price,learned embeddings,29,42,20395.53463155592,20452.45580083005
car-price,learned embeddings,29,43,19000.0,19408.686544470784
car-price,learned embeddings,29,44,21454.921118525483,21422.347978405254
car-price,learned embeddings,29,45,22015.33157046364,22066.486796950747
car-price,learned embeddings,29,46,23809.69329570292,24166.911637797202
car-price,learned embeddings,29,47,23049.073514320666,22866.168391524847
car-price,learned embeddings,29,48,26864.99828278491,26093.06460433881
car-price,learned embeddings,29,49,26192.47941381664,26589.99196030246
car-price,learned embeddings,29,50,19000.0,19365.678794534473
car-price,learned embeddings,29,51,24154.849938681768,24688.39471054143
car-price,learned embeddings,29,52,25795.33483192125,25554.899431446334
car-price,learned embeddings,29,53,21588.753802268857,21656.778751909696
car-price,learned embeddings,29,54,23387.744229923406,23180.37759818888
car-price,learned embeddings,29,55,22539.698455507267,22715.040152977755
car-price,learned embeddings,29,56,21310.256218064667,21186.97896785059
car-price,learned embeddings,29,57,22719.04511744674,22693.624850529926
car-price,learned embeddings,29,58,21411.912958027824,21764.988427481043
car-price,learned embeddings,29,59,19955.87730870784,20617.27831189598
car-price,learned embeddings,29,60,23001.02978511476,21950.371342079427
car-price,learned embeddings,29,61,19435.308640175608,20093.208386196115
car-price,learned embeddings,29,62,22303.43119918183,22440.800049065692
car-price,learned embeddings,29,63,24666.785861809716,24694.98837050529
car-price,learned embeddings,29,64,24364.40522620841,24856.5390194181
car-price,learned embeddings,29,65,24717.99836143848,24416.537611089887
car-price,learned embeddings,29,66,23731.1848544784,23367.91828288085
car-price,learned embeddings,29,67,24837.298738529556,25200.308180633336
car-price,learned embeddings,29,68,24332.119189195982,24685.616481154877
car-price,learned embeddings,29,69,22478.776211463424,23267.0901755726
car-price,learned embeddings,29,70,24914.89771392273,24658.063025469783
car-price,learned embeddings,29,71,19000.0,19221.8028338271
car-price,learned embeddings,29,72,20047.95593746835,20068.694288486593
car-price,learned embeddings,29,73,20249.71614548799,19835.87789218063
car-price,learned embeddings,29,74,25232.318042376974,24675.47153666056
car-price,learned embeddings,29,75,23732.43656666205,23584.243997977104
car-price,learned embeddings,29,76,24475.987110388807,24207.510737620083
car-price,learned embeddings,29,77,24305.70638678908,24593.265692927707
car-price,learned embeddings,29,78,24676.792379285544,24304.786637062964
car-price,learned embeddings,29,79,24073.041093821957,24452.12181469316
car-price,learned embeddings,29,80,26255.12724960888,26207.538215984234
car-price,learned embeddings,29,81,24592.247956938318,24484.114876209424
car-price,learned embeddings,29,82,21083.918892618734,20919.53158282698
car-price,learned embeddings,29,83,21930.057182120207,22060.74220645379
car-price,learned embeddings,29,84,19000.0,18983.487687512355
car-price,learned embeddings,29,85,27522.93937180932,27154.382570696172
car-price,learned embeddings,29,86,23705.016171847263,24016.736364071992
car-price,learned embeddings,29,87,23596.93812444865,23600.579310035122
car-price,learned embeddings,29,88,24879.050400181284,24609.29062138997
car-price,learned embeddings,29,89,23240.30785200815,23625.035899511204
car-price,learned embeddings,29,90,22304.290405059328,21666.426536397994
car-price,learned embeddings,29,91,22313.94749618944,22605.427160682666
car-price,learned embeddings,29,92,20777.60840729361,21005.258236979385
car-price,learned embeddings,29,93,25431.65380595676,26787.943206960055
car-price,learned embeddings,29,94,22516.497503483657,23179.670169481542
car-price,learned embeddings,29,95,26598.345294368308,25890.961972104396
car-price,learned embeddings,29,96,27340.82601907768,26856.166252689894
car-price,learned embeddings,29,97,22130.64944454592,22042.214000518994
car-price,learned embeddings,29,98,30852.68524682152,29335.666739863893
car-price,learned embeddings,29,99,21911.398772591005,22783.209593120857
car-price,learned embeddings,29,100,24446.489304148763,24857.48727736585
car-price,learned embeddings,29,101,32705.027812139608,29461.38702877064
car-price,learned embeddings,29,102,19000.0,18331.138824042384
car-price,learned embeddings,29,103,25046.904286010034,24683.309375742174
car-price,learned embeddings,29,104,24051.65189346761,23568.077332085493
car-price,learned embeddings,29,105,21166.7879831714,21200.925993802033
car-price,learned embeddings,29,106,23075.158430362066,24120.32984247974
car-price,learned embeddings,29,107,19000.0,19453.088459254814
car-price,learned embeddings,29,108,19000.0,18868.598295868116
car-price,learned embeddings,29,109,19000.0,18814.455825535173
car-price,learned embeddings,29,110,23178.16022242314,22919.507033867285
car-price,learned embeddings,29,111,19416.071044511715,19191.633246588503
car-price,learned embeddings,29,112,19000.0,19044.52709707458
car-price,learned embeddings,29,113,25886.49681485702,24680.17864897631
car-price,learned embeddings,29,114,23348.6946391232,22996.798267230137
car-price,learned embeddings,29,115,23989.023204324447,23662.851529620406
car-price,learned embeddings,29,116,20129.04678298764,19884.10143997055
car-price,learned embeddings,29,117,21115.86746994112,21590.970530354163
car-price,learned embeddings,29,118,20736.009918834527,20802.823576420386
car-price,learned embeddings,29,119,19354.0047881853,19953.554505166056
car-price,learned embeddings,29,120,38375.25289079045,29673.69456510421
car-price,learned embeddings,29,121,22826.73305187034,22539.982200886596
car-price,learned embeddings,29,122,27940.506248280475,27130.85204302173
car-price,learned embeddings,29,123,23257.99696242764,22233.66857170807
car-price,learned embeddings,29,124,22499.92129204199,22956.675066673513
car-price,learned embeddings,29,125,31860.51698781001,29321.653297452653
car-price,learned embeddings,29,126,22119.09444182568,21886.67663364213
car-price,learned embeddings,29,127,19541.84059566096,19665.482431463468
car-price,learned embeddings,29,128,19000.0,17426.659116486862
car-price,learned embeddings,29,129,25498.58331114969,25586.456273240918
car-price,learned embeddings,29,130,22361.424005916317,23095.662138317573
car-price,learned embeddings,29,131,24934.331562739702,24117.914554671574
car-price,learned embeddings,29,132,22448.05301968221,22361.47432688022
car-price,learned embeddings,29,133,24765.05603821671,24847.627162631285
car-price,learned embeddings,29,134,29084.145171198783,28668.904000724324
car-price,learned embeddings,29,135,19863.13572722291,20383.715619400104
car-price,learned embeddings,29,136,21898.68779093252,21794.608993061393
car-price,learned embeddings,29,137,26044.24366330226,24698.5920786749
car-price,learned embeddings,29,138,24770.34530002527,25417.373997292667
car-price,learned embeddings,29,139,21749.88482093912,21907.22600967137
car-price,learned embeddings,29,140,30888.78386033216,29021.79818937386
car-price,learned embeddings,29,141,19000.0,19475.94044665441
car-price,learned embeddings,29,142,22983.668561060786,22412.65246235914
car-price,learned embeddings,29,143,21640.70584121836,21530.248759876264
car-price,learned embeddings,29,144,26596.13864306175,27154.95231927307
car-price,learned embeddings,29,145,22031.972401845956,21596.428022493783
car-price,learned embeddings,29,146,23367.60674175272,23731.556601927117
car-price,learned embeddings,29,147,28379.93620467072,27765.65792526561
car-price,learned embeddings,29,148,28195.99913361413,28599.430896003618
car-price,learned embeddings,29,149,22703.864218056835,22142.90765021025
car-price,learned embeddings,29,150,23950.466639738064,23869.838934298838
car-price,learned embeddings,29,151,23317.70339425485,23098.87825946052
car-price,learned embeddings,29,152,23661.03153224649,23578.329175074672
car-price,learned embeddings,29,153,20984.68659709543,21411.910333654534
car-price,learned embeddings,29,154,24743.13791168151,24959.6600584879
car-price,learned embeddings,29,155,25412.43057027968,25411.871919818972
car-price,learned embeddings,29,156,20121.94576950981,19858.4408761113
car-price,learned embeddings,29,157,30488.226388238127,29525.321966745374
car-price,learned embeddings,29,158,23803.23369496929,24738.055254476374
car-price,learned embeddings,29,159,24333.921367540708,24933.75058825854
car-price,learned embeddings,29,160,22179.96163925341,21992.385087289855
car-price,learned embeddings,29,161,28396.933642392163,26960.61369349499
car-price,learned embeddings,29,162,23756.475184582945,23705.000176908514
car-price,learned embeddings,29,163,23578.87086770982,24133.72182424788
car-price,learned embeddings,29,164,27873.22492341069,28378.294964787052
car-price,learned embeddings,29,165,23407.448525158645,24229.222280697533
car-price,learned embeddings,29,166,24611.834978947933,24610.558044937425
car-price,learned embeddings,29,167,24839.625056392862,24449.859848837572
car-price,learned embeddings,29,168,21135.54783186501,21321.18902373752
car-price,learned embeddings,29,169,20411.682436724404,20861.832119761584
car-price,learned embeddings,29,170,23006.31186692992,23141.942473587045
car-price,learned embeddings,29,171,28006.636380874283,27827.638052669747
car-price,learned embeddings,29,172,26330.46692041053,26209.112911104097
car-price,learned embeddings,29,173,20061.729558150822,19851.642781412495
car-price,learned embeddings,29,174,22164.304466967624,22719.63332254486
car-price,learned embeddings,29,175,19211.974945304224,20033.98532350835
car-price,learned embeddings,29,176,25880.554173648576,25232.24534023038
car-price,learned embeddings,29,177,20922.83574057117,21054.89879251178
car-price,learned embeddings,29,178,19000.0,19023.560116004388
car-price,learned embeddings,29,179,21588.485749181724,21270.758381615167
car-price,learned embeddings,29,180,20959.185653851,20789.554801343133
car-price,learned embeddings,29,181,19012.943134778598,19431.189860659626
car-price,learned embeddings,29,182,19000.0,19474.10164233124
car-price,learned embeddings,29,183,19994.105986928716,19948.702407910976
car-price,learned embeddings,29,184,23144.85462634716,22441.61334619858
car-price,learned embeddings,29,185,27336.757356148017,26371.034619871214
car-price,learned embeddings,29,186,22634.105795462223,21926.707233298835
car-price,learned embeddings,29,187,26034.354419052048,26867.848315915253
car-price,learned embeddings,29,188,24805.713947539705,24347.03373437837
car-price,learned embeddings,29,189,19101.22833368997,18964.360325283556
car-price,learned embeddings,29,190,21762.71546915437,21560.927557298724
car-price,learned embeddings,29,191,23612.047223904505,23858.277112133663
car-price,learned embeddings,29,192,20501.2576411176,21328.408966374896
car-price,learned embeddings,29,193,20235.45428525396,20049.639947220756
car-price,learned embeddings,29,194,26267.941144506178,26916.090562495392
car-price,learned embeddings,29,195,22383.014246086008,21972.824557632346
car-price,learned embeddings,29,196,22088.593829840032,22261.803699905366
car-price,learned embeddings,29,197,23672.15334203128,24882.866608019474
car-price,learned embeddings,29,198,22723.76715977629,23493.458932009875
car-price,learned embeddings,29,199,22406.66275103188,22586.980042678042
car-price,learned embeddings,29,200,24858.37919916747,24684.604153251614
car-price,learned embeddings,29,201,25684.863453387537,26185.00295234116
car-price,learned embeddings,29,202,20262.896220048955,20634.864639240986
car-price,learned embeddings,29,203,21661.470382146446,21487.74473655293
car-price,learned embeddings,29,204,25198.13170044328,26179.58438973212
car-price,learned embeddings,29,205,31521.58061245126,29605.08990522315
car-price,learned embeddings,29,206,19000.0,18792.8459452564
car-price,learned embeddings,29,207,21821.103175526143,21380.342427745112
car-price,learned embeddings,29,208,21859.032687355128,22055.81946199484
car-price,learned embeddings,29,209,19347.662460677297,20563.020620458825
car-price,learned embeddings,29,210,25111.593633260512,24031.331344401977
car-price,learned embeddings,29,211,19636.48008873601,20384.86263407349
car-price,learned embeddings,29,212,21738.33699821229,21391.335914206113
car-price,learned embeddings,29,213,22819.19166546365,23156.204622481375
car-price,learned embeddings,29,214,19671.54956985856,19702.070736475856
car-price,learned embeddings,29,215,23233.771664678206,23166.16684324981
car-price,learned embeddings,29,216,20575.065579992795,20425.08779382243
car-price,learned embeddings,29,217,21659.22065087945,21402.498348216945
car-price,learned embeddings,29,218,20976.580384540863,20754.173173199873
car-price,learned embeddings,29,219,19245.14172817437,18547.922158232057
car-price,learned embeddings,29,220,25816.16399278998,25778.70699323397
car-price,learned embeddings,29,221,30536.160024211807,28669.177419539075
car-price,learned embeddings,29,222,23122.259187100728,22090.533502290684
car-price,learned embeddings,29,223,19000.0,19318.122896572277
car-price,learned embeddings,29,224,22242.83923483463,23062.2498085972
car-price,learned embeddings,29,225,24235.2754381455,24309.56214585635
car-price,learned embeddings,29,226,21337.757986138044,21613.40654853968
car-price,learned embeddings,29,227,19590.76267739343,19322.08449523567
car-price,learned embeddings,29,228,19000.0,18717.75473236185
car-price,learned embeddings,29,229,20376.80202876153,21212.7578373678
car-price,learned embeddings,29,230,23630.04268070928,22752.679492078616
car-price,learned embeddings,29,231,29292.941772755603,27578.99268807896
car-price,learned embeddings,29,232,25657.26595206876,25630.29555483811
car-price,learned embeddings,29,233,20232.7905077006,20006.98644431429
car-price,learned embeddings,29,234,29338.963137152343,28436.46220064614
car-price,learned embeddings,29,235,25796.09112455994,25007.171073068916
car-price,learned embeddings,29,236,20264.71275838049,20181.591840101057
car-price,learned embeddings,29,237,29228.38884537982,28742.65738115793
car-price,learned embeddings,29,238,29561.50463941801,28342.59216350152
car-price,learned embeddings,29,239,25663.30911318487,25141.014457803936
car-price,learned embeddings,29,240,24079.06271495785,25529.857287767198
car-price,learned embeddings,29,241,23966.53307164796,23755.695786252243
car-price,learned embeddings,29,242,19000.0,18985.425023316595
car-price,learned embeddings,29,243,22998.179327732865,23571.696442938148
car-price,learned embeddings,29,244,22683.7985298202,22311.945104571787
car-price,learned embeddings,29,245,23086.024153715392,23079.148024821803
car-price,learned embeddings,29,246,19694.80078183601,20124.353747070432
car-price,learned embeddings,29,247,33598.609104732066,29484.43600777961
car-price,learned embeddings,29,248,21181.82049603093,21015.477617769826
car-price,learned embeddings,29,249,20128.29288368008,20277.421554756555
car-price,learned embeddings,29,250,22290.70585753653,22564.95375626083
car-price,learned embeddings,29,251,27144.38857950249,27648.887490048844
car-price,learned embeddings,29,252,29974.17476038676,28978.32050463301
car-price,learned embeddings,29,253,26308.003114376534,26453.17751601478
car-price,learned embeddings,29,254,21866.143274157497,21545.77790928993
car-price,learned embeddings,29,255,26678.69660056685,25804.70691020652
car-price,learned embeddings,29,256,20118.82725904078,19826.326642246087
car-price,learned embeddings,29,257,24173.197215163407,26123.51700744143
car-price,learned embeddings,29,258,24394.915411518603,23841.126778260106
car-price,learned embeddings,29,259,32486.51189284317,29540.108878016326
car-price,learned embeddings,29,260,19000.0,18574.794464097526
car-price,learned embeddings,29,261,27046.197383022947,27097.002865252976
car-price,learned embeddings,29,262,25575.56959377229,23765.507925245824
car-price,learned embeddings,29,263,22816.585327857538,23184.357286956707
car-price,learned embeddings,29,264,19836.82344472368,20213.992315593594
car-price,learned embeddings,29,265,21139.86779456385,20848.247339419788
car-price,learned embeddings,29,266,24020.483542095262,23750.64400186426
car-price,learned embeddings,29,267,27268.456472214675,27739.296020180518
car-price,learned embeddings,29,268,22721.01722230206,22147.490746913718
car-price,learned embeddings,29,269,24494.46602008288,25333.63888165626
car-price,learned embeddings,29,270,23852.115090072475,24672.906538412775
car-price,learned embeddings,29,271,21267.87989698668,21486.043862962513
car-price,learned embeddings,29,272,23234.86063034468,23558.661256757634
car-price,learned embeddings,29,273,20810.79912347511,21077.843181176875
car-price,learned embeddings,29,274,19241.654644710536,19606.603707215767
car-price,learned embeddings,29,275,19926.257442579907,19852.078244165576
car-price,learned embeddings,29,276,19000.0,19142.02172129155
car-price,learned embeddings,29,277,20872.52074011807,21442.195567329916
car-price,learned embeddings,29,278,22354.660452128537,22333.852233751837
car-price,learned embeddings,29,279,23484.74115416653,23958.947719573574
car-price,learned embeddings,29,280,35772.682387878696,29682.72363655935
car-price,learned embeddings,29,281,21714.15956708556,21544.853241740082
car-price,learned embeddings,29,282,24997.379084831515,24785.853605959925
car-price,learned embeddings,29,283,23601.107307285987,23322.8987293421
car-price,learned embeddings,29,284,22527.96155962076,23442.2497517222
car-price,learned embeddings,29,285,21879.09119559836,21315.496145121022
car-price,learned embeddings,29,286,20665.961903172567,20713.57651215324
car-price,learned embeddings,29,287,21683.80973496142,21867.710648559194
car-price,learned embeddings,29,288,21949.189471214155,21537.80652401629
car-price,learned embeddings,29,289,23938.102691094165,23407.643976753265
car-price,learned embeddings,29,290,21619.96044693936,22446.21545093757
car-price,learned embeddings,29,291,20272.309191403285,20551.29635970532
car-price,learned embeddings,29,292,23345.889655032865,22905.456199003922
car-price,learned embeddings,29,293,20641.762932065623,20768.053178840222
car-price,learned embeddings,29,294,20879.79886009989,20868.777100613454
car-price,learned embeddings,29,295,21132.905594291864,21157.84114103902
car-price,learned embeddings,29,296,21460.73212652149,21523.04260260816
car-price,learned embeddings,29,297,21018.746092478967,21545.017624182045
car-price,learned embeddings,29,298,24752.55088303584,25941.284739910043
car-price,learned embeddings,29,299,31188.66107156615,28889.4939501279
car-price,learned embeddings,29,300,25636.221391397867,25704.81091774827
car-price,learned embeddings,29,301,20357.43758654748,21166.297682067474
car-price,learned embeddings,29,302,21583.10554079003,21439.066972379747
car-price,learned embeddings,29,303,22944.32698386209,23112.121940586112
car-price,learned embeddings,29,304,19773.06031662248,20005.192901044207
car-price,learned embeddings,29,305,29706.82770594097,28044.376193769538
car-price,learned embeddings,29,306,23070.85043431889,23712.032246579955
car-price,learned embeddings,29,307,23895.695256711417,24088.306695459123
car-price,learned embeddings,29,308,31881.824814905754,29424.798695581096
car-price,learned embeddings,29,309,25474.13304027356,26199.491251645948
car-price,learned embeddings,29,310,22270.70718257168,21907.246902993793
car-price,learned embeddings,29,311,24990.077031538334,26101.25313258787
car-price,learned embeddings,29,312,19000.0,17384.527775889183
car-price,learned embeddings,29,313,22182.678070091748,21763.867542479926
car-price,learned embeddings,29,314,26129.56113160613,27016.95736249414
car-price,learned embeddings,29,315,24959.255713180588,25514.06024519646
car-price,learned embeddings,29,316,25564.48368395453,25296.0481289636
car-price,learned embeddings,29,317,21834.60156312808,21224.029506753155
car-price,learned embeddings,29,318,26335.57668238396,25403.172827485138
car-price,learned embeddings,29,319,27586.88917973906,26340.971970598675
car-price,learned embeddings,29,320,25621.72737804373,26947.8375600667
car-price,learned embeddings,29,321,24223.17954258873,24441.000554542283
car-price,learned embeddings,29,322,23882.840675184823,24196.431496884637
car-price,learned embeddings,29,323,21046.16648729375,20930.52767854269
car-price,learned embeddings,29,324,20398.70100864765,20464.98244579126
car-price,learned embeddings,29,325,21447.91583829306,22031.096142313654
car-price,learned embeddings,29,326,21569.21704021308,20785.193226916166
car-price,learned embeddings,29,327,19000.0,19002.30812428525
car-price,learned embeddings,29,328,20949.10254977884,21819.75365429665
car-price,learned embeddings,29,329,24145.86776693176,24574.15736040289
car-price,learned embeddings,29,330,27515.029412407835,26531.021354357785
car-price,learned embeddings,29,331,19000.0,19607.0524947852
car-price,learned embeddings,29,332,21665.282958644653,21206.91187938739
car-price,learned embeddings,29,333,20643.25637069392,20897.895538144563
car-price,learned embeddings,29,334,27100.332139967664,27012.80930149722
car-price,learned embeddings,29,335,24299.794858885387,25276.53841365282
car-price,learned embeddings,29,336,22985.595192624536,23307.333543137924
car-price,learned embeddings,29,337,24443.34925369952,24143.966413549642
car-price,learned embeddings,29,338,34181.07888974239,29645.88870645147
car-price,learned embeddings,29,339,27208.766793705407,27676.588794124116
car-price,learned embeddings,29,340,20799.471487212704,20232.52746458994
car-price,learned embeddings,29,341,19000.0,18149.730786475575
car-price,learned embeddings,29,342,19000.0,19110.13645355499
car-price,learned embeddings,29,343,22056.173766284035,22080.00194935254
car-price,learned embeddings,29,344,19228.08206384341,19934.837624856278
car-price,learned embeddings,29,345,26040.81401978567,25701.6731928919
car-price,learned embeddings,29,346,22406.61249107804,22730.383234707664
car-price,learned embeddings,29,347,25271.867839384417,24454.314022490027
car-price,learned embeddings,29,348,23276.29637228657,22819.982494229764
car-price,learned embeddings,29,349,30000.03470330146,29076.68072268152
car-price,learned embeddings,29,350,26777.835556175887,25349.445100685636
car-price,learned embeddings,29,351,22583.671128452366,22646.599502529898
car-price,learned embeddings,29,352,19000.0,18865.59329480843
car-price,learned embeddings,29,353,26095.68113605772,25667.795471647198
car-price,learned embeddings,29,354,21006.461123762525,20922.52450294062
car-price,learned embeddings,29,355,24209.422675224203,23947.000156297454
car-price,learned embeddings,29,356,20702.993915825893,20832.942747799883
car-price,learned embeddings,29,357,24210.50206756613,24003.36351098261
car-price,learned embeddings,29,358,23238.307027179213,23431.878294117625
car-price,learned embeddings,29,359,23325.63489363656,24506.68216679987
car-price,learned embeddings,29,360,24262.61445970169,24796.185820752107
car-price,learned embeddings,29,361,20733.71950093824,20289.589441085824
car-price,learned embeddings,29,362,22831.423980895124,22207.623344889693
car-price,learned embeddings,29,363,22572.24775894456,22916.687435154818
car-price,learned embeddings,29,364,24925.07415790916,24474.566251061045
car-price,learned embeddings,29,365,24222.37777665847,24843.43305956272
car-price,learned embeddings,29,366,20527.108010707765,20674.754930277933
car-price,learned embeddings,29,367,23026.0736021124,23828.94252619311
car-price,learned embeddings,29,368,21105.71256593491,20393.554825354004
car-price,learned embeddings,29,369,23845.162463125023,23684.458588449546
car-price,learned embeddings,29,370,21855.79690366048,21748.596048621508
car-price,learned embeddings,29,371,23074.071858026728,24308.866625043825
car-price,learned embeddings,29,372,19945.937804503792,20337.209041830698
car-price,learned embeddings,29,373,22125.207009544712,22300.30837242338
car-price,learned embeddings,29,374,20611.381986636727,20807.78418580458
car-price,learned embeddings,29,375,28409.029537948933,28773.732061914794
car-price,learned embeddings,29,376,27371.632977448626,27396.82208877215
car-price,learned embeddings,29,377,22289.61449853893,22097.761052271355
car-price,learned embeddings,29,378,22728.73810854388,22850.99517724396
car-price,learned embeddings,29,379,27312.37649187481,26454.262371053817
car-price,learned embeddings,29,380,29853.12246490479,28818.249495802396
car-price,learned embeddings,29,381,19974.49742493888,19844.184598217595
car-price,learned embeddings,29,382,24875.94385636793,26248.886558018407
car-price,learned embeddings,29,383,24086.247495025407,24584.96405281548
car-price,learned embeddings,29,384,30152.559303209928,29325.00920083596
car-price,learned embeddings,29,385,24868.28280340449,23974.330696709578
car-price,learned embeddings,29,386,19313.59339196922,19717.202745788778
car-price,learned embeddings,29,387,26487.019496619363,24884.860100642465
car-price,learned embeddings,29,388,27318.493846256108,27702.23060348862
car-price,learned embeddings,29,389,24659.37610861546,25962.075078386075
car-price,learned embeddings,29,390,20656.22104545273,20582.955437011766
car-price,learned embeddings,29,391,29037.2957142293,27337.730755622448
car-price,learned embeddings,29,392,19270.48471156389,19545.142246239564
car-price,learned embeddings,29,393,26984.57149962539,27864.233465833546
car-price,learned embeddings,29,394,32182.02751917412,29402.889942804708
car-price,learned embeddings,29,395,21256.131034444494,20681.617910937723
car-price,learned embeddings,29,396,25563.27744506244,25561.236938402468
car-price,learned embeddings,29,397,23935.386260255837,23980.550690140706
car-price,learned embeddings,29,398,23674.541886504103,23946.132305501065
car-price,learned embeddings,29,399,24810.58676973076,24618.11699976751
car-price,learned embeddings,29,400,28776.59015368341,27748.477496408534
car-price,learned embeddings,29,401,21765.78371966956,21998.95109400873
car-price,learned embeddings,29,402,27506.22913382409,27466.59575826034
car-price,learned embeddings,29,403,19000.0,19282.68894046612
car-price,learned embeddings,29,404,21645.461390183795,22101.323017828297
car-price,learned embeddings,29,405,21128.7890647395,20022.0470998968
car-price,learned embeddings,29,406,23275.047053434057,22789.94649072441
car-price,learned embeddings,29,407,21460.686653229925,20567.59057932214
car-price,learned embeddings,29,408,21415.41440147847,21466.339943397616
car-price,learned embeddings,29,409,25796.809123900468,25632.006685531305
car-price,learned embeddings,29,410,19611.37883179114,19832.208154998396
car-price,learned embeddings,29,411,22100.85965190739,22811.77902213697
car-price,learned embeddings,29,412,29655.509899742272,28734.16088994782
car-price,learned embeddings,29,413,29862.71254276312,28589.695201204442
car-price,learned embeddings,29,414,22300.14276220221,22481.09365744592
car-price,learned embeddings,29,415,30177.394900398805,29308.28942676667
car-price,learned embeddings,29,416,19000.0,18650.752932654428
car-price,learned embeddings,29,417,21703.047330625315,21687.306895752452
car-price,learned embeddings,29,418,22615.42345262167,22436.13486133718
car-price,learned embeddings,29,419,25567.176181481515,25459.46668702022
car-price,learned embeddings,29,420,21862.68730399842,21308.82927756701
car-price,learned embeddings,29,421,31707.03984210977,29132.77838390759
car-price,learned embeddings,29,422,22275.69488465721,22280.34648596286
car-price,learned embeddings,29,423,24842.54013371541,24923.289745446513
car-price,learned embeddings,29,424,22977.778573137315,22614.419121995605
car-price,learned embeddings,29,425,21802.169532916407,21776.80274354795
car-price,learned embeddings,29,426,24117.253099880563,24883.34123463539
car-price,learned embeddings,29,427,28570.971895874,28524.46714460734
car-price,learned embeddings,29,428,22881.545121526284,23702.106554675076
car-price,learned embeddings,29,429,19034.63868151823,19320.960424238707
car-price,learned embeddings,29,430,26355.312090923955,26234.09572563787
car-price,learned embeddings,29,431,25912.96227054889,25979.75996569442
car-price,learned embeddings,29,432,22109.490003980543,21845.614853363655
car-price,learned embeddings,29,433,19158.96026733073,19427.280006193076
car-price,learned embeddings,29,434,20593.539703024595,20434.907990679356
car-price,learned embeddings,29,435,28758.752656733544,28413.47367192129
car-price,learned embeddings,29,436,21346.213625038334,21881.980551608547
car-price,learned embeddings,29,437,23138.30168569927,23002.06264795764
car-price,learned embeddings,29,438,20495.973165971314,20705.478561997963
car-price,learned embeddings,29,439,27116.207105386748,26884.1245666292
car-price,learned embeddings,29,440,25326.450149251395,25653.870317382098
car-price,learned embeddings,29,441,25571.91737046013,24640.52579511696
car-price,learned embeddings,29,442,24199.772764087505,24833.55483534285
car-price,learned embeddings,29,443,21585.460578626968,21526.12186184099
car-price,learned embeddings,29,444,23744.41758232433,22677.744241230528
car-price,learned embeddings,29,445,21082.02576769088,21539.121188557896
car-price,learned embeddings,29,446,24021.80944754411,23846.789118902365
car-price,learned embeddings,29,447,23541.913048321683,23538.583207097872
car-price,learned embeddings,29,448,21196.93438214906,21562.57266457568
car-price,learned embeddings,29,449,25309.48143150357,25672.789810333423
car-price,learned embeddings,29,450,30546.027728481808,28523.10697676756
car-price,learned embeddings,29,451,19000.0,18976.192767051238
car-price,learned embeddings,29,452,25593.98149019458,24830.357690747816
car-price,learned embeddings,29,453,26939.52182766949,27120.271251955408
car-price,learned embeddings,29,454,22085.858252352617,21787.626045307683
car-price,learned embeddings,29,455,19739.68052728131,19984.978963968173
car-price,learned embeddings,29,456,19932.98509640066,19672.46068515509
car-price,learned embeddings,29,457,27125.684696681725,27684.08610455994
car-price,learned embeddings,29,458,21102.519862200697,20868.279532284705
car-price,learned embeddings,29,459,22451.90867614085,22574.575501977335
car-price,learned embeddings,29,460,24694.95536926978,23012.990082797445
car-price,learned embeddings,29,461,20338.013311055045,20395.752767016544
car-price,learned embeddings,29,462,21873.93117367109,22134.968677107358
car-price,learned embeddings,29,463,22238.705951964323,23100.640707540377
car-price,learned embeddings,29,464,21457.29530301149,21321.595716096857
car-price,learned embeddings,29,465,20743.012805735816,20769.7170261414
car-price,learned embeddings,29,466,19955.60925562071,20223.479572503882
car-price,learned embeddings,29,467,21134.037639918763,22065.2872534173
car-price,learned embeddings,29,468,26233.685395969565,25790.313935156726
car-price,learned embeddings,29,469,29679.431244437543,28829.052802161634
car-price,learned embeddings,29,470,27944.974597509696,28027.076769161315
car-price,learned embeddings,29,471,20899.91959495264,21462.184356961458
car-price,learned embeddings,29,472,21113.866645112183,20750.828311580048
car-price,learned embeddings,29,473,23667.90996592876,23854.340998340103
car-price,learned embeddings,29,474,22889.50055421934,23182.278919818553
car-price,learned embeddings,29,475,23315.41776302084,22827.470464427886
car-price,learned embeddings,29,476,20583.3584723759,20699.515755202196
car-price,learned embeddings,29,477,24607.0387433532,24423.221716409615
car-price,learned embeddings,29,478,22210.6010644449,22222.432956307657
car-price,learned embeddings,29,479,19824.421202781617,20397.172802171528
car-price,learned embeddings,29,480,23080.840198476777,22729.73289391989
car-price,learned embeddings,29,481,19052.591058362577,19225.634665001307
car-price,learned embeddings,29,482,27153.37793124591,26439.128878639407
car-price,learned embeddings,29,483,20383.529682582284,20453.275066527625
car-price,learned embeddings,29,484,21124.758695108,22107.141426849812
car-price,learned embeddings,29,485,21455.27533153348,21879.413786063007
car-price,learned embeddings,29,486,19065.278106709717,19554.50209477905
car-price,learned embeddings,29,487,29346.281943763464,28124.99777940521
car-price,learned embeddings,29,488,29677.25809976688,28746.550161203697
car-price,learned embeddings,29,489,23412.505633847097,24315.01108072632
car-price,learned embeddings,29,490,27121.37430730741,27557.354362724738
car-price,learned embeddings,29,491,22648.74819534673,22515.961635645224
car-price,learned embeddings,29,492,19000.0,19464.11198279739
car-price,learned embeddings,29,493,30420.286897306185,29358.421369591462
car-price,learned embeddings,29,494,33051.01972768461,29576.36106327286
car-price,learned embeddings,29,495,20468.643717739666,19524.126894304944
car-price,learned embeddings,29,496,19000.0,18391.30856296047
car-price,learned embeddings,29,497,24641.25619859165,24803.28136750073
car-price,learned embeddings,29,498,20549.05725054772,20093.170059571774
car-price,learned embeddings,29,499,20617.178634645927,20448.106439722575
car-price,learned embeddings,29,500,24268.23160787576,24099.152558984533
car-price,learned embeddings,29,501,22137.965857825904,22757.62753874483
car-price,learned embeddings,29,502,23695.3279674124,24265.528606929147
car-price,learned embeddings,29,503,21337.74601948237,22268.407664535884
car-price,learned embeddings,29,504,23759.8545681457,23967.42656453756
car-price,learned embeddings,29,505,27462.680080489903,27971.18739443814
car-price,learned embeddings,29,506,19997.55717042552,19833.53220867902
car-price,learned embeddings,29,507,24633.930211987128,24842.55641561398
car-price,learned embeddings,29,508,24402.04993163232,24097.222005805135
car-price,learned embeddings,29,509,29237.263317228757,28653.02284349566
car-price,learned embeddings,29,510,26564.86259178833,26028.81548849014
car-price,learned embeddings,29,511,22053.41425548527,22150.215710161854
car-price,learned embeddings,29,512,26216.479738439368,27505.60179703814
car-price,learned embeddings,29,513,19000.0,18805.12735394494
car-price,learned embeddings,29,514,20045.47644641239,20377.165264089905
car-price,learned embeddings,29,515,24611.049966335624,26112.258179269327
car-price,learned embeddings,29,516,26713.316135436,26503.961052457424
car-price,learned embeddings,29,517,21082.44460063952,21366.746064170766
car-price,learned embeddings,29,518,19208.382555270447,19361.191225024664
car-price,learned embeddings,29,519,21867.74680601801,21678.53883013907
car-price,learned embeddings,29,520,20901.11865385132,21099.927123381614
car-price,learned embeddings,29,521,22625.99240291425,21938.713944842624
car-price,learned embeddings,29,522,24611.73924570253,24779.353847253115
car-price,learned embeddings,29,523,22697.44769728365,22386.440278158803
car-price,learned embeddings,29,524,19000.0,19225.744681002092
car-price,learned embeddings,29,525,29079.75580189702,28758.231664843366
car-price,learned embeddings,29,526,31045.671502899902,29040.79171356892
car-price,learned embeddings,29,527,24346.756802418226,24190.709209306435
car-price,learned embeddings,29,528,23527.92881449932,23163.670363452788
car-price,learned embeddings,29,529,19552.81880557764,20273.82481794132
car-price,learned embeddings,29,530,19444.43201846259,19400.13656812765
car-price,learned embeddings,29,531,22938.66436239646,22976.410168969793
car-price,learned embeddings,29,532,22635.570514116906,22246.416208608545
car-price,learned embeddings,29,533,23767.8267541567,24072.71283811327
car-price,learned embeddings,29,534,25048.002825001044,25073.393679308192
car-price,learned embeddings,29,535,20049.11670306887,20602.69343594966
car-price,learned embeddings,29,536,20829.55087291858,21226.478901700077
car-price,learned embeddings,29,537,26959.563582594783,26963.00507120239
car-price,learned embeddings,29,538,23460.108990124136,23901.389299500934
car-price,learned embeddings,29,539,30525.136341003563,28996.234707600608
car-price,learned embeddings,29,540,21304.265710233525,20856.421015183056
car-price,learned embeddings,29,541,20751.65751779578,21206.628725105555
car-price,learned embeddings,29,542,20836.88164618537,21150.618419760052
car-price,learned embeddings,29,543,22182.54643687932,21888.075217232166
car-price,learned embeddings,29,544,25578.137638080247,25893.826460444798
car-price,learned embeddings,29,545,19000.0,18596.685696917946
car-price,learned embeddings,29,546,21175.021042276127,20853.25855626775
car-price,learned embeddings,29,547,23396.27645542002,22844.828488315907
car-price,learned embeddings,29,548,21540.757939685664,21493.094144173338
car-price,learned embeddings,29,549,20227.9894854436,20348.287189611143
car-price,learned embeddings,29,550,23728.403803699417,24616.708322895945
car-price,learned embeddings,29,551,24392.840393424474,25649.833680484924
car-price,learned embeddings,29,552,24754.530167884564,24492.77956510568
car-price,learned embeddings,29,553,23231.699039915216,22895.08203190128
car-price,learned embeddings,29,554,21811.43411774036,21596.077877821248
car-price,learned embeddings,29,555,22704.08919118353,23093.041110523347
car-price,learned embeddings,29,556,32243.729989168,29318.465544947612
car-price,learned embeddings,29,557,25765.296132844676,25565.332778710705
car-price,learned embeddings,29,558,19955.78396879357,20920.848414930206
car-price,learned embeddings,29,559,20844.85143886524,20245.82691220371
car-price,learned embeddings,29,560,19647.726351739828,18689.85564837156
car-price,learned embeddings,29,561,26809.798493485083,26556.94418703463
car-price,learned embeddings,29,562,19000.0,18663.867074029364
car-price,learned embeddings,29,563,23794.87139598327,24333.082456154592
car-price,learned embeddings,29,564,23572.91865317684,23886.46317475995
car-price,learned embeddings,29,565,19594.32634745359,20330.59607175437
car-price,learned embeddings,29,566,25651.45015741048,25010.176309581402
car-price,learned embeddings,29,567,19143.07572858711,19335.246517481344
car-price,learned embeddings,29,568,21879.342495367546,21530.371963022404
car-price,learned embeddings,29,569,24121.125509657148,23599.20634855004
car-price,learned embeddings,29,570,23961.119356620373,22889.187231413383
car-price,learned embeddings,29,571,22663.495901801187,22301.903543346736
car-price,learned embeddings,29,572,21843.294141810744,21659.071519136676
car-price,learned embeddings,29,573,26434.543318151274,24315.706777335643
car-price,learned embeddings,29,574,25137.01320324636,25770.496762450115
car-price,learned embeddings,29,575,19890.828961787098,20101.277768121527
car-price,learned embeddings,29,576,26242.308568049317,27429.345354753757
car-price,learned embeddings,29,577,21281.088691521265,20987.756577193817
car-price,learned embeddings,29,578,21007.62428269418,20987.676511594203
car-price,learned embeddings,29,579,27064.88929918804,27341.51149259972
car-price,learned embeddings,29,580,22737.76336025432,22522.189912787646
car-price,learned embeddings,29,581,21865.719654546585,22278.880342998455
car-price,learned embeddings,29,582,21056.90536409692,21165.470043214158
car-price,learned embeddings,29,583,26978.884944848403,27450.254853180402
car-price,learned embeddings,29,584,23900.888785274576,23482.863254625743
car-price,learned embeddings,29,585,25326.6344357488,26370.10407400164
car-price,learned embeddings,29,586,31614.36766722776,28872.802187925943
car-price,learned embeddings,29,587,20702.778516023733,20306.62512887798
car-price,learned embeddings,29,588,22967.123462923875,22947.80965010897
car-price,learned embeddings,29,589,24683.76654621321,26303.818137007227
car-price,learned embeddings,29,590,26664.74587338038,26786.742481296427
car-price,learned embeddings,29,591,27973.6036245477,28219.600452916507
car-price,learned embeddings,29,592,21385.605462190862,20690.357702294783
car-price,learned embeddings,29,593,21552.11908258396,21314.174801407913
car-price,learned embeddings,29,594,23110.27099144504,23745.887698256473
car-price,learned embeddings,29,595,22738.048166659395,22639.473140755006
car-price,learned embeddings,29,596,22033.8439867936,21398.416344188372
car-price,learned embeddings,29,597,21588.009476285843,21458.99144800053
car-price,learned embeddings,29,598,21395.284093301187,20794.53207898306
car-price,learned embeddings,29,599,19832.58964194569,19964.233273519352
car-price,learned embeddings,29,600,25694.510971193107,26240.501560235676
car-price,learned embeddings,29,601,31037.14406406556,29460.43172851698
car-price,learned embeddings,29,602,22808.792641681663,22921.45254063059
car-price,learned embeddings,29,603,21858.747880950054,22389.9206519309
car-price,learned embeddings,29,604,19158.634774296363,19856.7553375996
car-price,learned embeddings,29,605,26552.271276686595,26303.96865481459
car-price,learned embeddings,29,606,22478.972464616505,22811.430929409682
car-price,learned embeddings,29,607,21008.938221487348,21270.859813505165
car-price,learned embeddings,29,608,24487.649813010124,24317.3533386087
car-price,learned embeddings,29,609,24665.388156426816,24981.164636082696
car-price,learned embeddings,29,610,20001.81251318372,19822.393999373082
car-price,learned embeddings,29,611,19898.42539480989,20509.00350904257
car-price,learned embeddings,29,612,22871.9167503698,22428.06937118031
car-price,learned embeddings,29,613,19960.197271406687,20785.431107380726
car-price,learned embeddings,29,614,19394.071544717925,19585.85850181847
car-price,learned embeddings,29,615,22835.913870104563,23211.060967781927
car-price,learned embeddings,29,616,24197.228653090897,24273.236238306185
car-price,learned embeddings,29,617,29010.06917923646,27991.97599739924
car-price,learned embeddings,29,618,22609.353964863072,22422.55142297889
car-price,learned embeddings,29,619,37858.68826524724,29660.25511216292
car-price,learned embeddings,29,620,23459.14208434556,25485.363387012156
car-price,learned embeddings,29,621,23174.01257956602,22505.978510042194
car-price,learned embeddings,29,622,22595.45828429271,22183.59728454934
car-price,learned embeddings,29,623,24814.64825266701,23878.55952413031
car-price,learned embeddings,29,624,25893.07129548512,25491.610714949577
car-price,learned embeddings,29,625,22481.576408891488,21633.84379099815
car-price,learned embeddings,29,626,25969.617205178864,25295.34850943082
car-price,learned embeddings,29,627,23146.745357943884,23140.353428394505
car-price,learned embeddings,29,628,23807.19465799788,24192.370379183012
car-price,learned embeddings,29,629,23717.84203340024,23745.253596409697
car-price,learned embeddings,29,630,22670.47724872226,23514.59735215692
car-price,learned embeddings,29,631,31244.353887079807,29621.639985910137
car-price,learned embeddings,29,632,25072.917402117386,24424.665909788037
car-price,learned embeddings,29,633,19305.53504603736,19111.412302140077
car-price,learned embeddings,29,634,25878.62514875369,26339.23863294345
car-price,learned embeddings,29,635,21590.654107190123,21310.82098905148
car-price,learned embeddings,29,636,21100.87325037975,21081.16033013175
car-price,learned embeddings,29,637,24667.544547779537,23106.722185699757
car-price,learned embeddings,29,638,26698.53252901452,26647.492506485934
car-price,learned embeddings,29,639,25493.404142573345,26251.54027946541
car-price,learned embeddings,29,640,24252.57204225883,24815.98746642987
car-price,learned embeddings,29,641,23088.36722489665,23348.292265752796
car-price,learned embeddings,29,642,22018.576927482827,21112.749631366627
car-price,learned embeddings,29,643,31628.064701313902,29308.485088035668
car-price,learned embeddings,29,644,23960.449223902546,23247.637523683672
car-price,learned embeddings,29,645,23573.5911792258,24566.799339482874
car-price,learned embeddings,29,646,21311.017297365623,21732.71345470447
car-price,learned embeddings,29,647,29997.85916529966,27659.780026874585
car-price,learned embeddings,29,648,22036.081751404912,22346.316312617673
car-price,learned embeddings,29,649,21124.04069576747,21364.912134519735
car-price,learned embeddings,29,650,24588.574193645945,22934.375769759423
car-price,learned embeddings,29,651,26344.21660778165,26614.906306176737
car-price,learned embeddings,29,652,27277.81679028404,27048.023639491472
car-price,learned embeddings,29,653,28823.896736899696,28363.764992934124
car-price,learned embeddings,29,654,22308.775507606497,22598.119783687263
car-price,learned embeddings,29,655,24036.85392705932,24268.74560889473
car-price,learned embeddings,29,656,21163.62160607967,21431.46209650697
car-price,learned embeddings,29,657,21478.789809935784,22738.861044760182
car-price,learned embeddings,29,658,26668.43399665956,26368.645446552884
car-price,learned embeddings,29,659,20886.54566056973,21064.941421614487
car-price,learned embeddings,29,660,19669.601398314597,19461.680332260545
car-price,learned embeddings,29,661,19000.0,18594.468812157982
car-price,learned embeddings,29,662,22675.71385724585,23083.088320177452
car-price,learned embeddings,29,663,19867.695023035267,19699.703299340857
car-price,learned embeddings,29,664,25210.69908223366,25817.704388972976
car-price,learned embeddings,29,665,21718.520216413704,21334.268068103665
car-price,learned embeddings,29,666,20150.931402886945,20245.15111272387
car-price,learned embeddings,29,667,21751.97419902006,21378.303441260745
car-price,learned embeddings,29,668,29241.410960085872,28638.106400691075
car-price,learned embeddings,29,669,24238.66200170166,23354.127111206584
car-price,learned embeddings,29,670,23928.71843971346,23659.895357710036
car-price,learned embeddings,29,671,30506.013625234154,29212.37733952205
car-price,learned embeddings,29,672,29875.2392379242,27468.901027365442
car-price,learned embeddings,29,673,22287.79078021398,22455.786568624208
car-price,learned embeddings,29,674,24231.785961350528,24475.406567366823
car-price,learned embeddings,29,675,19000.0,17879.256742719524
car-price,learned embeddings,29,676,26347.466751463115,25096.504092773725
car-price,learned embeddings,29,677,20057.569948638025,20712.56903371466
car-price,learned embeddings,29,678,19000.0,19070.66373945075
car-price,learned embeddings,29,679,24037.24882669661,23861.50839605195
car-price,learned embeddings,29,680,22620.98555417963,23455.06394262402
car-price,learned embeddings,29,681,23782.955000261634,23769.24802835526
car-price,learned embeddings,29,682,23358.179410411576,23385.35269879971
car-price,learned embeddings,29,683,28594.19678120896,26963.416512407093
car-price,learned embeddings,29,684,20035.10853593516,20268.85618287574
car-price,learned embeddings,29,685,19108.43704706888,19458.283954961007
car-price,learned embeddings,29,686,27163.21212888001,27757.767902613297
car-price,learned embeddings,29,687,23045.205891206348,23360.38671485313
car-price,learned embeddings,29,688,21148.038627059068,21073.521618695842
car-price,learned embeddings,29,689,24827.754133962797,25903.1629404813
car-price,learned embeddings,29,690,27843.88268369442,27725.88647190952
car-price,learned embeddings,29,691,27416.079529958468,26361.982054384185
car-price,learned embeddings,29,692,20895.61159890947,20827.678182099513
car-price,learned embeddings,29,693,27426.136307388137,27754.882514768236
car-price,learned embeddings,29,694,19884.323887761908,19690.2363950708
car-price,learned embeddings,29,695,19000.0,18129.14370646764
car-price,learned embeddings,29,696,21758.57261295952,22246.33134161264
car-price,learned embeddings,29,697,24834.95566734829,25135.284537699
car-price,learned embeddings,29,698,21205.9596338595,20711.048031654434
car-price,learned embeddings,29,699,23412.31416735629,23827.965328051323
car-price,learned embeddings,29,700,22445.5495953149,22576.836238551885
car-price,learned embeddings,29,701,28200.17549644487,27324.046252863496
car-price,learned embeddings,29,702,27149.71134794694,26638.395853573988
car-price,learned embeddings,29,703,21201.536757921844,21246.5705526229
car-price,learned embeddings,29,704,28660.156987292172,27773.603166341993
car-price,learned embeddings,29,705,23244.259241712192,23810.995744341613
car-price,learned embeddings,29,706,27538.85981051997,26415.915809187216
car-price,learned embeddings,29,707,24218.29954040427,24529.831716827
car-price,learned embeddings,29,708,22063.05698662857,22515.317429420847
car-price,learned embeddings,29,709,21209.8057169936,21479.917735514005
car-price,learned embeddings,29,710,19734.491785380425,19843.730383187158
car-price,learned embeddings,29,711,23751.059076224225,24078.95835512449
car-price,learned embeddings,29,712,21529.683996523578,22160.125572544326
car-price,learned embeddings,29,713,24808.03547874075,25194.060156789285
car-price,learned embeddings,29,714,21396.928311790994,20849.042690257967
car-price,learned embeddings,29,715,19821.417572207072,20172.10499404853
car-price,learned embeddings,29,716,21561.127580976456,21579.565737312965
car-price,learned embeddings,29,717,29569.1824456994,28388.906273183446
car-price,learned embeddings,29,718,26264.64792086429,27302.529833684464
car-price,learned embeddings,29,719,23562.811615793333,23895.873523080474
car-price,learned embeddings,29,720,28689.085180722068,29028.358687192413
car-price,learned embeddings,29,721,21672.869818342904,22311.051392598296
car-price,learned embeddings,29,722,27994.815718398047,27008.584602199244
car-price,learned embeddings,29,723,20034.88356280846,19778.46956143532
car-price,learned embeddings,29,724,20855.46825578052,21208.772701578127
car-price,learned embeddings,29,725,21480.81217474494,22030.23468994211
car-price,learned embeddings,29,726,32077.436555239336,29614.973653302946
car-price,learned embeddings,29,727,22887.521269370616,22685.812970946692
car-price,learned embeddings,29,728,19996.33417821549,19464.55750895275
car-price,learned embeddings,29,729,20800.13683326826,21032.60120505854
car-price,learned embeddings,29,730,23862.62420708668,22423.813159614896
car-price,learned embeddings,29,731,22498.370413466448,22245.885795195478
car-price,learned embeddings,29,732,20446.687297906305,20815.30672555547
car-price,learned embeddings,29,733,19020.25236806517,19844.279227657487
car-price,learned embeddings,29,734,25085.949090147973,25098.179587852926
car-price,learned embeddings,29,735,20663.94432502568,20832.247351541842
car-price,learned embeddings,29,736,27818.06821407129,28260.1609454531
car-price,learned embeddings,29,737,25755.00241563263,25614.973805660353
car-price,learned embeddings,29,738,21755.17408274768,21290.648277764787
car-price,learned embeddings,29,739,22494.498003689863,22371.94809893381
car-price,learned embeddings,29,740,33449.68407485078,29571.058590745753
car-price,learned embeddings,29,741,23794.20365659658,23862.418695869725
car-price,learned embeddings,29,742,19163.483663176063,19610.792790688076
car-price,learned embeddings,29,743,29543.76048238242,29006.385471774363
car-price,learned embeddings,29,744,26099.634919092896,26943.9570769276
car-price,learned embeddings,29,745,26037.707475972315,24960.92172041499
car-price,learned embeddings,29,746,19770.0542927168,19511.2828983595
car-price,learned embeddings,29,747,27594.205593019047,27208.536145466005
car-price,learned embeddings,29,748,25484.58950400279,24897.584243473982
car-price,learned embeddings,29,749,21442.92813620752,21484.22018423159
car-price,learned embeddings,29,750,24111.181218790825,24655.264695166374
car-price,learned embeddings,29,751,21629.263325061474,21570.12120301629
car-price,learned embeddings,29,752,21337.07588676454,21741.81446191645
car-price,learned embeddings,29,753,20365.591665724747,20912.430099379046
car-price,learned embeddings,29,754,20325.97006878325,20952.277436629207
car-price,learned embeddings,29,755,23671.174469597023,23930.881536760906
car-price,learned embeddings,29,756,24253.22542165871,24231.278956898186
car-price,learned embeddings,29,757,25021.13289634733,23947.868038545
car-price,learned embeddings,29,758,30094.444436587557,29195.97237932851
car-price,learned embeddings,29,759,23885.829945772555,24984.6671343557
car-price,learned embeddings,29,760,21850.414301937653,21795.897757737373
car-price,learned embeddings,29,761,23687.954114185177,23928.34829334022
car-price,learned embeddings,29,762,21210.19582996862,21047.2695964341
car-price,learned embeddings,29,763,23657.044242575423,23968.08945781595
car-price,learned embeddings,29,764,20844.84665220297,21414.238447666423
car-price,learned embeddings,29,765,19000.0,18954.722522814853
car-price,learned embeddings,29,766,19755.92885235747,19238.93282379875
car-price,learned embeddings,29,767,22941.469346486792,22534.78058624633
car-price,learned embeddings,29,768,19000.0,19254.73748186403
car-price,learned embeddings,29,769,24575.56404559557,24406.223924223876
car-price,learned embeddings,29,770,27218.46696479595,27593.48908068906
car-price,learned embeddings,29,771,21311.64913678529,21197.852817242587
car-price,learned embeddings,29,772,20085.646116183823,20087.345262622202
car-price,learned embeddings,29,773,22333.474684920675,22541.98148783399
car-price,learned embeddings,29,774,33979.5125415447,29488.288631368203
car-price,learned embeddings,29,775,21967.122701409426,21645.93787068033
car-price,learned embeddings,29,776,21405.003411040805,21525.403328619974
car-price,learned embeddings,29,777,23034.45026108523,22596.675832411795
car-price,learned embeddings,29,778,22166.69779810272,21966.18255021128
car-price,learned embeddings,29,779,24021.524641139036,24297.045815271398
car-price,learned embeddings,29,780,28105.423516806462,28023.815940712597
car-price,learned embeddings,29,781,22510.05704939912,21936.328813545737
car-price,learned embeddings,29,782,20592.36218410613,20668.465865235416
car-price,learned embeddings,29,783,32521.49042738258,29109.58786493339
car-price,learned embeddings,29,784,20960.087939688925,20927.413859960172
car-price,learned embeddings,29,785,24485.761474744537,24861.565198759585
car-price,learned embeddings,29,786,27324.168434377418,27295.057756533846
car-price,learned embeddings,29,787,24532.496051819537,24521.995836504262
car-price,learned embeddings,29,788,19891.5110611606,19992.71886890466
car-price,learned embeddings,29,789,25512.89543133756,25537.065349462413
car-price,learned embeddings,29,790,22235.355288375187,22573.64974185827
car-price,learned embeddings,29,791,20524.67877960564,20417.803634528176
car-price,learned embeddings,29,792,31011.808260669444,29652.392319246934
car-price,learned embeddings,29,793,22116.8112039228,22493.875884545025
car-price,learned embeddings,29,794,21309.564545366626,21638.569171194227
car-price,learned embeddings,29,795,25884.108270384197,26608.307568681048
car-price,learned embeddings,29,796,27984.91450749216,27269.974874724805
car-price,learned embeddings,29,797,23820.360372572035,24131.09806714196
car-price,learned embeddings,29,798,30831.74359938944,28911.07531839982
car-price,learned embeddings,29,799,27161.381230561663,26678.948153690424
car-price,learned embeddings,29,800,27002.10265018996,27441.40758901223
car-price,learned embeddings,29,801,23369.2150602755,22272.18830707582
car-price,learned embeddings,29,802,30465.85352878726,28632.37137514561
car-price,learned embeddings,29,803,27234.416123480223,27953.693177300585
car-price,learned embeddings,29,804,25191.62183975582,25760.151663622783
car-price,learned embeddings,29,805,20777.82380709577,21202.523412826282
car-price,learned embeddings,29,806,23628.520522107363,23742.46827813812
car-price,learned embeddings,29,807,21035.19306403934,20667.42115888518
car-price,learned embeddings,29,808,25623.450576461,25835.857649993384
car-price,learned embeddings,29,809,21081.54710146386,21027.827655966274
car-price,learned embeddings,29,810,24797.55986836244,24760.667678025435
car-price,learned embeddings,29,811,26269.57100300918,26517.260142730243
car-price,learned embeddings,29,812,26373.4822609016,27782.425046319855
car-price,learned embeddings,29,813,20377.029395219364,20555.5304383782
car-price,learned embeddings,29,814,22183.35538280298,22739.533333762425
car-price,learned embeddings,29,815,21568.60434744249,21612.829389322706
car-price,learned embeddings,29,816,33001.44187322112,29596.9594663652
car-price,learned embeddings,29,817,20772.709258460072,20647.247006111036
car-price,learned embeddings,29,818,27526.32114870321,27050.242182953327
car-price,learned embeddings,29,819,20442.08492213352,20637.993979654955
car-price,learned embeddings,29,820,19417.73919631288,19805.821191728915
car-price,learned embeddings,29,821,24712.910139445263,24934.24996551474
car-price,learned embeddings,29,822,22185.61468739451,22068.338851858935
car-price,learned embeddings,29,823,19000.0,18723.789544266714
car-price,learned embeddings,29,824,21343.09750790044,21167.206103426564
car-price,learned embeddings,29,825,23337.867209068027,23780.335791219542
car-price,learned embeddings,29,826,32189.241019215297,29260.028982456348
car-price,learned embeddings,29,827,27705.35667759513,28460.20217201545
car-price,learned embeddings,29,828,22846.389480482874,22909.891223979612
car-price,learned embeddings,29,829,20463.888168774232,21360.103910917365
car-price,learned embeddings,29,830,22216.591572276044,22168.77126755247
car-price,learned embeddings,29,831,24708.85344317128,24295.8177079305
car-price,learned embeddings,29,832,19735.33663127111,19700.210583350206
car-price,learned embeddings,29,833,24914.74214739896,25286.68930428129
car-price,learned embeddings,29,834,25230.917943662946,25083.056313941543
car-price,learned embeddings,29,835,20144.483768809,20341.534815950123
car-price,learned embeddings,29,836,23326.91771912497,22573.326811213145
car-price,learned embeddings,29,837,24358.472158324512,23787.208717877205
car-price,learned embeddings,29,838,27922.647211350395,27907.10427478352
car-price,learned embeddings,29,839,25080.454001861795,25522.699943079002
car-price,learned embeddings,29,840,20517.412626279493,20060.79104483597
car-price,learned embeddings,29,841,20535.343463143625,20876.89909256822
car-price,learned embeddings,29,842,19000.0,18649.365543833865
car-price,learned embeddings,29,843,25153.42666817084,24561.692200316473
car-price,learned embeddings,29,844,21991.352785821124,22485.96119943269
car-price,learned embeddings,29,845,19000.0,19210.348564459524
car-price,learned embeddings,29,846,32915.43751888148,29565.221329591695
car-price,learned embeddings,29,847,24131.92900640097,24064.059046301838
car-price,learned embeddings,29,848,22389.133993798445,20962.311104692297
car-price,learned embeddings,29,849,20719.74005377815,20288.25429264803
car-price,learned embeddings,29,850,21063.848417719837,21199.227604319374
car-price,learned embeddings,29,851,20691.61601960965,20287.809262692295
car-price,learned embeddings,29,852,19000.0,17995.209157790036
car-price,learned embeddings,29,853,26730.59837956252,27883.905430989827
car-price,learned embeddings,29,854,23200.46367527109,23244.977080498626
car-price,learned embeddings,29,855,19000.0,19085.31082655601
car-price,learned embeddings,29,856,25036.77331531518,25032.39286366979
car-price,learned embeddings,29,857,21218.37623578837,21097.27100015118
car-price,learned embeddings,29,858,27466.248537212326,27988.906104785212
car-price,learned embeddings,29,859,21746.78306378804,21790.410643137646
car-price,learned embeddings,29,860,22895.08419575752,22775.75786253674
car-price,learned embeddings,29,861,20724.40226282932,21418.71158744055
car-price,learned embeddings,29,862,22056.372412768247,21310.841313597488
car-price,learned embeddings,29,863,25825.99101043068,25970.59402503913
car-price,learned embeddings,29,864,24965.9809736702,25664.001403071772
car-price,learned embeddings,29,865,22904.70778025173,24545.721675012497
car-price,learned embeddings,29,866,19510.58608436775,19606.21102651862
car-price,learned embeddings,29,867,22811.892005501617,22319.053517034772
car-price,learned embeddings,29,868,21980.111309479584,21774.892085702584
car-price,learned embeddings,29,869,20968.462205330623,21230.36612504982
car-price,learned embeddings,29,870,19000.0,18983.723054209495
car-price,learned embeddings,29,871,20622.264463308005,20692.429751759508
car-price,learned embeddings,29,872,22361.25168607459,22079.370215856416
car-price,learned embeddings,29,873,24331.33417658367,24157.694069376575
car-price,learned embeddings,29,874,23038.65773722073,23268.55477354434
car-price,learned embeddings,29,875,26690.18219668417,26637.303447744733
car-price,learned embeddings,29,876,26905.54131221342,26248.135553483095
car-price,learned embeddings,29,877,26410.990546450805,26684.851810431173
car-price,learned embeddings,29,878,23468.26785596368,23045.298028382585
car-price,learned embeddings,29,879,24642.05317785964,23956.342962678318
car-price,learned embeddings,29,880,33613.93599732121,29616.866061320834
car-price,learned embeddings,29,881,19000.0,18622.97147167476
car-price,learned embeddings,29,882,20293.75583170487,19428.688204350725
car-price,learned embeddings,29,883,22720.394956206936,22396.04998709266
car-price,learned embeddings,29,884,26964.501024726484,27332.568938402117
car-price,learned embeddings,29,885,29483.48443774505,28008.58594866126
car-price,learned embeddings,29,886,20700.488098127447,20780.773110273094
car-price,learned embeddings,29,887,19929.380739711207,20029.629435080155
car-price,learned embeddings,29,888,25324.454111084724,25720.65246871686
car-price,learned embeddings,29,889,22296.445065598487,22222.26340561658
car-price,learned embeddings,29,890,21898.51547109079,22449.747938780136
car-price,learned embeddings,29,891,27752.09364800126,28134.360578995234
car-price,learned embeddings,29,892,22391.94615788218,21887.26110546707
car-price,learned embeddings,29,893,28435.88510661583,27771.298812404188
car-price,learned embeddings,29,894,23173.36398682841,23461.798112289143
car-price,learned embeddings,29,895,20973.423580773677,21093.20697402221
car-price,learned embeddings,29,896,23185.51971566356,22782.47082877082
car-price,learned embeddings,29,897,22711.03942479985,22692.001662517312
car-price,learned embeddings,29,898,21779.69376022673,21758.49224821014
car-price,learned embeddings,29,899,24993.824988095897,25444.465454323356
car-price,learned embeddings,29,900,20171.021024434933,20224.48255084307
car-price,learned embeddings,29,901,25468.719325245977,25754.40345183509
car-price,learned embeddings,29,902,24792.03606010264,23390.616790650423
car-price,learned embeddings,29,903,24017.09219187684,25960.71329661729
car-price,learned embeddings,29,904,22013.44801886032,22622.42217086596
car-price,learned embeddings,29,905,20386.59553976634,20886.89666502356
car-price,learned embeddings,29,906,29871.082021742543,28065.941881970604
car-price,learned embeddings,29,907,21000.15708955269,21845.177332079616
car-price,learned embeddings,29,908,24520.390582938227,23629.61024564229
car-price,learned embeddings,29,909,26966.29362974667,26568.800163112246
car-price,learned embeddings,29,910,22485.82935831855,22905.01929719142
car-price,learned embeddings,29,911,22529.45499824906,22539.057859340384
car-price,learned embeddings,29,912,20470.94131562936,20568.747940339374
car-price,learned embeddings,29,913,25777.91616792003,25934.13572332995
car-price,learned embeddings,29,914,20388.100945050315,20062.66610911277
car-price,learned embeddings,29,915,28366.921269958068,27465.862304116028
car-price,learned embeddings,29,916,21126.927053116397,20794.789898724164
car-price,learned embeddings,29,917,24085.21118264391,24434.70774354548
car-price,learned embeddings,29,918,23849.228732723543,23470.033876790098
car-price,learned embeddings,29,919,22256.407029039485,22985.79083272502
car-price,learned embeddings,29,920,30480.431308731124,29457.17270193857
car-price,learned embeddings,29,921,23376.20358718998,23889.516005075246
car-price,learned embeddings,29,922,25619.87493974517,26066.276960940966
car-price,learned embeddings,29,923,21558.58825664212,21007.301715521608
car-price,learned embeddings,29,924,23022.79952511959,23042.00146479912
car-price,learned embeddings,29,925,19616.22772067084,19275.02168548455
car-price,learned embeddings,29,926,19000.0,18956.006074855624
car-price,learned embeddings,29,927,20839.86852344197,20954.39569956325
car-price,learned embeddings,29,928,24572.64178827962,23554.79703575308
car-price,learned embeddings,29,929,19360.32796904422,19098.89444277905
car-price,learned embeddings,29,930,21434.474890638365,21876.930779109927
car-price,learned embeddings,29,931,35173.61245811534,29639.697461694952
car-price,learned embeddings,29,932,29381.77743782806,28159.352236819024
car-price,learned embeddings,29,933,20991.349630975536,21130.67795906929
car-price,learned embeddings,29,934,24115.132608494867,23491.68891978447
car-price,learned embeddings,29,935,24623.92848117357,26070.602906354598
car-price,learned embeddings,29,936,22321.582222510388,21855.325913917382
car-price,learned embeddings,29,937,25586.00691085244,26149.789861674653
car-price,learned embeddings,29,938,25153.6899345957,24712.328675763587
car-price,learned embeddings,29,939,26653.62645692673,26340.49466334292
car-price,learned embeddings,29,940,20808.32920574369,21370.720118450852
car-price,learned embeddings,29,941,23589.777277692447,23870.13488121141
car-price,learned embeddings,29,942,29571.482436920225,28287.80019408767
car-price,learned embeddings,29,943,24259.644335763038,23281.118596523178
car-price,learned embeddings,29,944,21677.34534756553,21723.989187905136
car-price,learned embeddings,29,945,23360.36930840019,23442.27210895804
car-price,learned embeddings,29,946,27392.44538499941,28496.651018139863
car-price,learned embeddings,29,947,20032.59314491217,20344.522658910413
car-price,learned embeddings,29,948,21778.578467917778,21994.923151431598
car-price,learned embeddings,29,949,20568.43365941745,20914.823588471423
car-price,learned embeddings,29,950,25913.85976972456,25539.500965301228
car-price,learned embeddings,29,951,25751.544052142417,26791.775670137667
car-price,learned embeddings,29,952,19445.966143720187,20240.865138424353
car-price,learned embeddings,29,953,20357.43997987861,20147.302495659565
car-price,learned embeddings,29,954,19000.0,19753.811914557395
car-price,learned embeddings,29,955,23093.156280497973,22739.836954665454
car-price,learned embeddings,29,956,23151.5200535584,23252.892793515453
car-price,learned embeddings,29,957,20076.39589134668,19958.33164357829
car-price,learned embeddings,29,958,22765.710287918824,22303.732813101386
car-price,learned embeddings,29,959,25367.17985850844,25300.487545152868
car-price,learned embeddings,29,960,25592.193671836663,25735.325639795956
car-price,learned embeddings,29,961,24665.27566986347,23736.151572024282
car-price,learned embeddings,29,962,23265.078829256385,22643.81347592484
car-price,learned embeddings,29,963,20110.58701994265,20885.442537349198
car-price,learned embeddings,29,964,26315.707247300405,26532.008186095227
car-price,learned embeddings,29,965,25680.514770715068,25917.76719944866
car-price,learned embeddings,29,966,21609.84144290018,22613.772098920243
car-price,learned embeddings,29,967,27909.60116333299,27849.249558292264
car-price,learned embeddings,29,968,25214.478152095977,25100.16639124824
car-price,learned embeddings,29,969,23252.48751415465,23100.24414499874
car-price,learned embeddings,29,970,26378.541762921188,25840.194644728395
car-price,learned embeddings,29,971,27178.409781587867,27284.751209324306
car-price,learned embeddings,29,972,25159.29511611409,25033.443328677637
car-price,learned embeddings,29,973,24441.178502359988,26496.50535659583
car-price,learned embeddings,29,974,21828.87671505293,21159.435313916503
car-price,learned embeddings,29,975,24162.735964771902,24222.036838976688
car-price,learned embeddings,29,976,25219.451494194705,26588.82546516945
car-price,learned embeddings,29,977,20450.88041405499,20107.4709633394
car-price,learned embeddings,29,978,19178.920648997428,18648.494031840994
car-price,learned embeddings,29,979,24812.422454711377,24564.105074116367
car-price,learned embeddings,29,980,22726.974223497316,22907.422360287324
car-price,learned embeddings,29,981,23555.49280918221,22994.605130854554
car-price,learned embeddings,29,982,20928.28774889692,21546.37382718252
car-price,learned embeddings,29,983,20717.181582794736,20528.983855621525
car-price,learned embeddings,29,984,36162.51294982523,29670.69491735346
car-price,learned embeddings,29,985,22650.12675408055,22117.285141185348
car-price,learned embeddings,29,986,26167.77305650905,27751.94449225388
car-price,learned embeddings,29,987,26948.64520595648,27433.714358503963
car-price,learned embeddings,29,988,23614.868961312783,24623.963870227548
car-price,learned embeddings,29,989,22904.65991362903,22458.61371936492
car-price,learned embeddings,29,990,22175.701509832947,23121.22724099597
car-price,learned embeddings,29,991,23455.576020954268,24317.770794393677
car-price,learned embeddings,29,992,25222.83327108859,25278.394685323576
car-price,learned embeddings,29,993,25606.682898528525,24715.086340229907
car-price,learned embeddings,29,994,20225.08398144559,20324.353540134274
car-price,learned embeddings,29,995,28307.20287147518,27380.339902372063
car-price,learned embeddings,29,996,26642.219840736867,25983.650274738546
car-price,learned embeddings,29,997,23285.23785740729,24043.02288615681
car-price,learned embeddings,29,998,25557.02367080644,25333.203987489498
car-price,learned embeddings,29,999,25652.716229580943,26701.57744446864
